t,x,y,z,vx,vy,vz,yaw,yaw_rate
0.00000,-3.013097,0.513552,4.963684,-0.013320,-0.017492,-0.000315,-1.581848,-0.000368
0.02000,-3.013150,0.513466,4.963671,-0.013373,-0.017565,-0.000265,-1.581842,-0.000331
0.04000,-3.013017,0.513609,4.963653,-0.013297,-0.017474,-0.000315,-1.581809,0.000646
0.06000,-3.013097,0.513490,4.963640,-0.013325,-0.017473,-0.000412,-1.581809,0.000646
0.08000,-3.013097,0.513490,4.963640,-0.013325,-0.017473,-0.000412,-1.581723,0.003410
0.10000,-3.012959,0.513610,4.963596,-0.012990,-0.017389,-0.000526,-1.581528,0.008627
0.12000,-3.013072,0.513438,4.963577,-0.012897,-0.017860,-0.000536,-1.581167,0.016736
0.14000,-3.013072,0.513438,4.963577,-0.012897,-0.017860,-0.000536,-1.581167,0.016736
0.16000,-3.013180,0.513174,4.963533,-0.012454,-0.020201,-0.000491,-1.579678,0.043212
0.18000,-3.013180,0.513174,4.963533,-0.012454,-0.020201,-0.000491,-1.579678,0.043212
0.20000,-3.012826,0.513275,4.963490,-0.011498,-0.025083,-0.000590,-1.576695,0.083778
0.22000,-3.012645,0.512844,4.963449,-0.010485,-0.034047,-0.000543,-1.571702,0.136959
0.24000,-3.012645,0.512844,4.963449,-0.010485,-0.034047,-0.000543,-1.571702,0.136959
0.26000,-3.012660,0.512327,4.963433,-0.010019,-0.040243,-0.000551,-1.568332,0.166703
0.28000,-3.012660,0.512327,4.963433,-0.010019,-0.040243,-0.000551,-1.564348,0.197492
0.30000,-3.012359,0.511217,4.963385,-0.008630,-0.055700,-0.000658,-1.559727,0.229146
0.32000,-3.012250,0.509100,4.963337,-0.007155,-0.075626,-0.000651,-1.548569,0.292693
0.34000,-3.012250,0.509100,4.963337,-0.007155,-0.075626,-0.000651,-1.548569,0.292693
0.36000,-3.012257,0.507624,4.963316,-0.006357,-0.087170,-0.000752,-1.542058,0.323445
0.38000,-3.012007,0.506193,4.963291,-0.005313,-0.099432,-0.000841,-1.534955,0.353017
0.40000,-3.011644,0.504615,4.963255,-0.004093,-0.112616,-0.000900,-1.527278,0.381382
0.42000,-3.011644,0.504615,4.963255,-0.004093,-0.112616,-0.000900,-1.527278,0.381382
0.44000,-3.011148,0.500259,4.963177,-0.001581,-0.141806,-0.000843,-1.510331,0.433442
0.46000,-3.010980,0.497486,4.963146,-0.000220,-0.157660,-0.000882,-1.501137,0.456683
0.48000,-3.010980,0.497486,4.963146,-0.000220,-0.157660,-0.000882,-1.501137,0.456683
0.50000,-3.010262,0.491292,4.963052,0.003038,-0.191344,-0.000899,-1.481523,0.496501
0.52000,-3.010038,0.487455,4.963012,0.004784,-0.209418,-0.000971,-1.471171,0.513765
0.54000,-3.010038,0.487455,4.963012,0.004784,-0.209418,-0.000971,-1.471171,0.513765
0.56000,-3.009371,0.478792,4.962915,0.008727,-0.247238,-0.000915,-1.449601,0.541512
0.58000,-3.008813,0.474194,4.962868,0.011044,-0.266657,-0.000852,-1.438497,0.551083
0.60000,-3.008116,0.469415,4.962818,0.013558,-0.286370,-0.000831,-1.427245,0.558104
0.62000,-3.007609,0.463837,4.962781,0.016070,-0.306676,-0.000763,-1.404547,0.563568
0.64000,-3.006868,0.458157,4.962729,0.018826,-0.326990,-0.000665,-1.404547,0.563568
0.66000,-3.006107,0.452012,4.962681,0.021696,-0.347596,-0.000591,-1.393221,0.561915
0.68000,-3.006107,0.452012,4.962681,0.021696,-0.347596,-0.000591,-1.381975,0.557959
0.70000,-3.004646,0.438074,4.962605,0.027679,-0.389678,-0.000418,-1.370834,0.552416
0.72000,-3.003000,0.422335,4.962526,0.034130,-0.432430,-0.000165,-1.349011,0.536944
0.74000,-3.003000,0.422335,4.962526,0.034130,-0.432430,-0.000165,-1.349011,0.536944
0.76000,-3.002042,0.413886,4.962485,0.037648,-0.453905,-0.000046,-1.338389,0.526923
0.78000,-3.000980,0.405131,4.962469,0.041302,-0.475337,0.000041,-1.327987,0.515996
0.80000,-2.999603,0.396416,4.962432,0.045286,-0.496538,0.000144,-1.317806,0.504575
0.82000,-2.998419,0.386744,4.962415,0.049253,-0.518107,0.000268,-1.307866,0.492786
0.84000,-2.998419,0.386744,4.962415,0.049253,-0.518107,0.000268,-1.307866,0.492786
0.86000,-2.996943,0.377057,4.962380,0.053510,-0.539402,0.000387,-1.288732,0.467940
0.88000,-2.995422,0.366870,4.962353,0.057884,-0.560792,0.000530,-1.288732,0.467940
0.90000,-2.992382,0.344674,4.962321,0.066956,-0.604021,0.000764,-1.270557,0.444493
0.92000,-2.992382,0.344674,4.962321,0.066956,-0.604021,0.000764,-1.261789,0.433989
0.94000,-2.989035,0.320612,4.962294,0.076755,-0.647470,0.001041,-1.253222,0.424312
0.96000,-2.989035,0.320612,4.962294,0.076755,-0.647470,0.001041,-1.244843,0.415344
0.98000,-2.982854,0.282229,4.962256,0.092942,-0.711188,0.001184,-1.228621,0.397441
1.00000,-2.982854,0.282229,4.962256,0.092942,-0.711188,0.001184,-1.228621,0.397441
1.02000,-2.980688,0.268354,4.962258,0.098572,-0.732238,0.001403,-1.220771,0.389023
1.04000,-2.980688,0.268354,4.962258,0.098572,-0.732238,0.001403,-1.213079,0.380887
1.06000,-2.975608,0.240255,4.962231,0.110534,-0.773175,0.001611,-1.205540,0.373587
1.08000,-2.973138,0.225043,4.962244,0.116519,-0.793674,0.001683,-1.198135,0.367129
1.10000,-2.970370,0.209818,4.962235,0.122697,-0.813603,0.001786,-1.190865,0.360923
1.12000,-2.970370,0.209818,4.962235,0.122697,-0.813603,0.001786,-1.183724,0.354235
1.14000,-2.967681,0.193750,4.962248,0.128810,-0.833397,0.001821,-1.183724,0.354235
1.16000,-2.964715,0.177637,4.962242,0.135203,-0.852795,0.001934,-1.169755,0.344188
1.18000,-2.958453,0.144144,4.962265,0.148388,-0.890826,0.002107,-1.162857,0.341617
1.20000,-2.951417,0.109702,4.962294,0.162367,-0.927329,0.002224,-1.149116,0.340091
1.22000,-2.951417,0.109702,4.962294,0.162367,-0.927329,0.002224,-1.149116,0.340091
1.24000,-2.947607,0.092133,4.962299,0.169627,-0.945014,0.002224,-1.142246,0.340261
1.26000,-2.943695,0.074120,4.962308,0.176968,-0.962417,0.002261,-1.135364,0.341057
1.28000,-2.939875,0.055201,4.962337,0.184248,-0.979885,0.002313,-1.128448,0.342639
1.30000,-2.935724,0.036370,4.962346,0.191804,-0.996736,0.002317,-1.121489,0.344966
1.32000,-2.935724,0.036370,4.962346,0.191804,-0.996736,0.002317,-1.121489,0.344966
1.34000,-2.927229,-0.002897,4.962380,0.206989,-1.029678,0.002309,-1.107439,0.349436
1.36000,-2.922705,-0.022895,4.962392,0.214815,-1.045548,0.002376,-1.100335,0.352210
1.38000,-2.918028,-0.043247,4.962422,0.222756,-1.061044,0.002409,-1.093157,0.356013
1.40000,-2.912922,-0.063283,4.962431,0.231011,-1.075761,0.002469,-1.085880,0.360438
1.42000,-2.907956,-0.084316,4.962459,0.239163,-1.090531,0.002454,-1.078515,0.364986
1.44000,-2.907956,-0.084316,4.962459,0.239163,-1.090531,0.002454,-1.078515,0.364986
1.46000,-2.896888,-0.127164,4.962483,0.256388,-1.118902,0.002484,-1.063218,0.373529
1.48000,-2.896888,-0.127164,4.962483,0.256388,-1.118902,0.002484,-1.055591,0.378044
1.50000,-2.885684,-0.170996,4.962545,0.273509,-1.145692,0.002446,-1.047868,0.382717
1.52000,-2.879944,-0.193589,4.962589,0.282110,-1.158694,0.002423,-1.040051,0.387481
1.54000,-2.879944,-0.193589,4.962589,0.282110,-1.158694,0.002423,-1.032149,0.391952
1.56000,-2.867653,-0.238823,4.962671,0.299673,-1.182977,0.002386,-1.024182,0.395433
1.58000,-2.861287,-0.261889,4.962716,0.308534,-1.194493,0.002294,-1.016163,0.398020
1.60000,-2.861287,-0.261889,4.962716,0.308534,-1.194493,0.002294,-1.016163,0.398020
1.62000,-2.840705,-0.331408,4.962885,0.335911,-1.226152,0.002218,-0.991806,0.404985
1.64000,-2.840705,-0.331408,4.962885,0.335911,-1.226152,0.002218,-0.991806,0.404985
1.66000,-2.833468,-0.354960,4.962945,0.345231,-1.235912,0.002244,-0.983590,0.407533
1.68000,-2.818719,-0.403337,4.963063,0.363906,-1.254810,0.002128,-0.967030,0.411915
1.70000,-2.818719,-0.403337,4.963063,0.363906,-1.254810,0.002128,-0.967030,0.411915
1.72000,-2.811176,-0.428080,4.963118,0.373244,-1.263881,0.002015,-0.958686,0.414000
1.74000,-2.811176,-0.428080,4.963118,0.373244,-1.263881,0.002015,-0.950319,0.415392
1.76000,-2.795254,-0.477398,4.963247,0.392400,-1.280513,0.001814,-0.941932,0.416465
1.78000,-2.795254,-0.477398,4.963247,0.392400,-1.280513,0.001814,-0.933530,0.417270
1.80000,-2.778358,-0.527024,4.963368,0.412048,-1.295502,0.001711,-0.925103,0.418048
1.82000,-2.778358,-0.527024,4.963368,0.412048,-1.295502,0.001711,-0.916662,0.418655
1.84000,-2.769774,-0.552421,4.963422,0.421845,-1.302652,0.001694,-0.916662,0.418655
1.86000,-2.751620,-0.602699,4.963562,0.441827,-1.315306,0.001615,-0.899823,0.417641
1.88000,-2.751620,-0.602699,4.963562,0.441827,-1.315306,0.001615,-0.891431,0.416817
1.90000,-2.742491,-0.628595,4.963610,0.451721,-1.321469,0.001518,-0.891431,0.416817
1.92000,-2.742491,-0.628595,4.963610,0.451721,-1.321469,0.001518,-0.891431,0.416817
1.94000,-2.742491,-0.628595,4.963610,0.451721,-1.321469,0.001518,-0.883045,0.416296
1.96000,-2.713630,-0.706337,4.963789,0.481980,-1.337626,0.001187,-0.866320,0.415036
1.98000,-2.693413,-0.758740,4.963889,0.502516,-1.346921,0.001040,-0.841261,0.414668
2.00000,-2.693413,-0.758740,4.963889,0.502516,-1.346921,0.001040,-0.841261,0.414668
2.02000,-2.693413,-0.758740,4.963889,0.502516,-1.346921,0.001040,-0.841261,0.414668
2.04000,-2.693413,-0.758740,4.963889,0.502516,-1.346921,0.001040,-0.841261,0.414668
2.06000,-2.682801,-0.784605,4.963951,0.513016,-1.350827,0.000980,-0.832907,0.414228
2.08000,-2.604158,-0.970541,4.964288,0.582887,-1.368169,0.000656,-0.785015,0.377461
2.10000,-2.604158,-0.970541,4.964288,0.582887,-1.368169,0.000656,-0.785015,0.377461
2.12000,-2.604158,-0.970541,4.964288,0.582887,-1.368169,0.000656,-0.785015,0.377461
2.14000,-2.604158,-0.970541,4.964288,0.582887,-1.368169,0.000656,-0.785015,0.377461
2.16000,-2.604158,-0.970541,4.964288,0.582887,-1.368169,0.000656,-0.785015,0.377461
2.18000,-2.604158,-0.970541,4.964288,0.582887,-1.368169,0.000656,-0.785015,0.377461
2.20000,-2.592166,-0.997303,4.964336,0.592421,-1.369041,0.000583,-0.770236,0.362606
2.22000,-2.554817,-1.077410,4.964444,0.619781,-1.368514,0.000435,-0.756207,0.341472
2.24000,-2.554817,-1.077410,4.964444,0.619781,-1.368514,0.000435,-0.749566,0.328498
2.26000,-2.515893,-1.157307,4.964553,0.644569,-1.363469,0.000239,-0.737189,0.300650
2.28000,-2.515893,-1.157307,4.964553,0.644569,-1.363469,0.000239,-0.737189,0.300650
2.30000,-2.515893,-1.157307,4.964553,0.644569,-1.363469,0.000239,-0.737189,0.300650
2.32000,-2.489299,-1.210729,4.964612,0.661052,-1.359147,0.000034,-0.725665,0.284705
2.34000,-2.489299,-1.210729,4.964612,0.661052,-1.359147,0.000034,-0.725665,0.284705
2.36000,-2.489299,-1.210729,4.964612,0.661052,-1.359147,0.000034,-0.719971,0.285268
2.38000,-2.448032,-1.290473,4.964684,0.688249,-1.352732,-0.000379,-0.708113,0.301636
2.40000,-2.448032,-1.290473,4.964684,0.688249,-1.352732,-0.000379,-0.701797,0.314733
2.42000,-2.433663,-1.316661,4.964713,0.698214,-1.350481,-0.000508,-0.701797,0.314733
2.44000,-2.404656,-1.369466,4.964743,0.718915,-1.346306,-0.000810,-0.688296,0.344939
2.46000,-2.404656,-1.369466,4.964743,0.718915,-1.346306,-0.000810,-0.681022,0.361536
2.48000,-2.374891,-1.422255,4.964757,0.740515,-1.342098,-0.000951,-0.673444,0.377471
2.50000,-2.359625,-1.448504,4.964770,0.751687,-1.339869,-0.000999,-0.665567,0.392565
2.52000,-2.344323,-1.475009,4.964767,0.762867,-1.337701,-0.001018,-0.657371,0.407382
2.54000,-2.344323,-1.475009,4.964767,0.762867,-1.337701,-0.001018,-0.657371,0.407382
2.56000,-2.312794,-1.527488,4.964786,0.785624,-1.332627,-0.001056,-0.640162,0.434307
2.58000,-2.296731,-1.553762,4.964782,0.797146,-1.329914,-0.001121,-0.631196,0.446201
2.60000,-2.296731,-1.553762,4.964782,0.797146,-1.329914,-0.001121,-0.621989,0.457046
2.62000,-2.296731,-1.553762,4.964782,0.797146,-1.329914,-0.001121,-0.621989,0.457046
2.64000,-2.246813,-1.631778,4.964801,0.831863,-1.320294,-0.001171,-0.603029,0.473419
2.66000,-2.229712,-1.657648,4.964809,0.843067,-1.316503,-0.001145,-0.593403,0.476648
2.68000,-2.229712,-1.657648,4.964809,0.843067,-1.316503,-0.001145,-0.583821,0.476222
2.70000,-2.195091,-1.709493,4.964811,0.864923,-1.308381,-0.001128,-0.574278,0.474234
2.72000,-2.177415,-1.735243,4.964820,0.875781,-1.303976,-0.001116,-0.555322,0.470800
2.74000,-2.159671,-1.761101,4.964812,0.886536,-1.299468,-0.001127,-0.555322,0.470800
2.76000,-2.159671,-1.761101,4.964812,0.886536,-1.299468,-0.001127,-0.545883,0.469268
2.78000,-2.123392,-1.812256,4.964810,0.907991,-1.289631,-0.001201,-0.536507,0.467247
2.80000,-2.123392,-1.812256,4.964810,0.907991,-1.289631,-0.001201,-0.536507,0.467247
2.82000,-2.123392,-1.812256,4.964810,0.907991,-1.289631,-0.001201,-0.527164,0.465224
2.84000,-2.067235,-1.887818,4.964828,0.940487,-1.273396,-0.001223,-0.508601,0.461452
2.86000,-2.048086,-1.912787,4.964835,0.951276,-1.267677,-0.001225,-0.499356,0.459240
2.88000,-2.028852,-1.937874,4.964825,0.961835,-1.261870,-0.001266,-0.490187,0.455314
2.90000,-2.009313,-1.962678,4.964830,0.972328,-1.255780,-0.001300,-0.481157,0.449143
2.92000,-1.989589,-1.987399,4.964836,0.982769,-1.249505,-0.001260,-0.472270,0.441979
2.94000,-1.989589,-1.987399,4.964836,0.982769,-1.249505,-0.001260,-0.472270,0.441979
2.96000,-1.949653,-2.036689,4.964828,1.003276,-1.236621,-0.001279,-0.454939,0.427808
2.98000,-1.949653,-2.036689,4.964828,1.003276,-1.236621,-0.001279,-0.454939,0.427808
3.00000,-1.908626,-2.085049,4.964832,1.023758,-1.222800,-0.001267,-0.438115,0.415937
3.02000,-1.908626,-2.085049,4.964832,1.023758,-1.222800,-0.001267,-0.438115,0.415937
3.04000,-1.908626,-2.085049,4.964832,1.023758,-1.222800,-0.001267,-0.429867,0.410999
3.06000,-1.866854,-2.132964,4.964835,1.044187,-1.208502,-0.001245,-0.421689,0.406672
3.08000,-1.845627,-2.156646,4.964843,1.054365,-1.201099,-0.001191,-0.405563,0.399456
3.10000,-1.802740,-2.203848,4.964840,1.074332,-1.186036,-0.001257,-0.397588,0.395517
3.12000,-1.780975,-2.227182,4.964846,1.084157,-1.178272,-0.001292,-0.389745,0.390865
3.14000,-1.759117,-2.250523,4.964835,1.093874,-1.170465,-0.001275,-0.374257,0.383113
3.16000,-1.736995,-2.273594,4.964837,1.103543,-1.162436,-0.001220,-0.374257,0.383113
3.18000,-1.714679,-2.296472,4.964830,1.113125,-1.154251,-0.001336,-0.366613,0.379973
3.20000,-1.692037,-2.318946,4.964839,1.122701,-1.145763,-0.001296,-0.359024,0.377185
3.22000,-1.669234,-2.341302,4.964850,1.132270,-1.137205,-0.001251,-0.351488,0.375218
3.24000,-1.669234,-2.341302,4.964850,1.132270,-1.137205,-0.001251,-0.343962,0.374310
3.26000,-1.646382,-2.363737,4.964842,1.141687,-1.128683,-0.001253,-0.343962,0.374310
3.28000,-1.600034,-2.407938,4.964838,1.160334,-1.111166,-0.001247,-0.328918,0.374192
3.30000,-1.552911,-2.451382,4.964849,1.178970,-1.093252,-0.001190,-0.313827,0.376098
3.32000,-1.552911,-2.451382,4.964849,1.178970,-1.093252,-0.001190,-0.313827,0.376098
3.34000,-1.529174,-2.473013,4.964840,1.188096,-1.084248,-0.001164,-0.306226,0.377784
3.36000,-1.529174,-2.473013,4.964840,1.188096,-1.084248,-0.001164,-0.306226,0.377784
3.38000,-1.481031,-2.515487,4.964837,1.206232,-1.065772,-0.001313,-0.290954,0.380543
3.40000,-1.481031,-2.515487,4.964837,1.206232,-1.065772,-0.001313,-0.290954,0.380543
3.42000,-1.481031,-2.515487,4.964837,1.206232,-1.065772,-0.001313,-0.290954,0.380543
3.44000,-1.481031,-2.515487,4.964837,1.206232,-1.065772,-0.001313,-0.290954,0.380543
3.46000,-1.481031,-2.515487,4.964837,1.206232,-1.065772,-0.001313,-0.290954,0.380543
3.48000,-1.481031,-2.515487,4.964837,1.206232,-1.065772,-0.001313,-0.290954,0.380543
3.50000,-1.481031,-2.515487,4.964837,1.206232,-1.065772,-0.001313,-0.290954,0.380543
3.52000,-1.481031,-2.515487,4.964837,1.206232,-1.065772,-0.001313,-0.290954,0.380543
3.54000,-1.481031,-2.515487,4.964837,1.206232,-1.065772,-0.001313,-0.290954,0.380543
3.56000,-1.481031,-2.515487,4.964837,1.206232,-1.065772,-0.001313,-0.290954,0.380543
3.58000,-1.481031,-2.515487,4.964837,1.206232,-1.065772,-0.001313,-0.290954,0.380543
3.60000,-1.228624,-2.716666,4.964849,1.291654,-0.966005,-0.001158,-0.212330,0.395578
3.62000,-1.228624,-2.716666,4.964849,1.291654,-0.966005,-0.001158,-0.212330,0.395578
3.64000,-1.228624,-2.716666,4.964849,1.291654,-0.966005,-0.001158,-0.212330,0.395578
3.66000,-1.228624,-2.716666,4.964849,1.291654,-0.966005,-0.001158,-0.212330,0.395578
3.68000,-1.228624,-2.716666,4.964849,1.291654,-0.966005,-0.001158,-0.212330,0.395578
3.70000,-1.228624,-2.716666,4.964849,1.291654,-0.966005,-0.001158,-0.212330,0.395578
3.72000,-1.228624,-2.716666,4.964849,1.291654,-0.966005,-0.001158,-0.212330,0.395578
3.74000,-1.228624,-2.716666,4.964849,1.291654,-0.966005,-0.001158,-0.212330,0.395578
3.76000,-1.228624,-2.716666,4.964849,1.291654,-0.966005,-0.001158,-0.212330,0.395578
3.78000,-1.228624,-2.716666,4.964849,1.291654,-0.966005,-0.001158,-0.212330,0.395578
3.80000,-1.228624,-2.716666,4.964849,1.291654,-0.966005,-0.001158,-0.212330,0.395578
3.82000,-1.228624,-2.716666,4.964849,1.291654,-0.966005,-0.001158,-0.111488,0.401700
3.84000,-1.228624,-2.716666,4.964849,1.291654,-0.966005,-0.001158,-0.111488,0.401700
3.86000,-0.892253,-2.937402,4.964880,1.383191,-0.828774,-0.001161,-0.111488,0.401700
3.88000,-0.892253,-2.937402,4.964880,1.383191,-0.828774,-0.001161,-0.111488,0.401700
3.90000,-0.892253,-2.937402,4.964880,1.383191,-0.828774,-0.001161,-0.111488,0.401700
3.92000,-0.892253,-2.937402,4.964880,1.383191,-0.828774,-0.001161,-0.111488,0.401700
3.94000,-0.892253,-2.937402,4.964880,1.383191,-0.828774,-0.001161,-0.111488,0.401700
3.96000,-0.892253,-2.937402,4.964880,1.383191,-0.828774,-0.001161,-0.111488,0.401700
3.98000,-0.892253,-2.937402,4.964880,1.383191,-0.828774,-0.001161,-0.111488,0.401700
4.00000,-0.892253,-2.937402,4.964880,1.383191,-0.828774,-0.001161,-0.111488,0.401700
4.02000,-0.892253,-2.937402,4.964880,1.383191,-0.828774,-0.001161,-0.111488,0.401700
4.04000,-0.892253,-2.937402,4.964880,1.383191,-0.828774,-0.001161,-0.111488,0.401700
4.06000,-0.892253,-2.937402,4.964880,1.383191,-0.828774,-0.001161,-0.111488,0.401700
4.08000,-0.892253,-2.937402,4.964880,1.383191,-0.828774,-0.001161,-0.111488,0.401700
4.10000,-0.535537,-3.123132,4.964874,1.459473,-0.681140,-0.001297,-0.010897,0.404451
4.12000,-0.535537,-3.123132,4.964874,1.459473,-0.681140,-0.001297,-0.010897,0.404451
4.14000,-0.535537,-3.123132,4.964874,1.459473,-0.681140,-0.001297,-0.010897,0.404451
4.16000,-0.535537,-3.123132,4.964874,1.459473,-0.681140,-0.001297,-0.010897,0.404451
4.18000,-0.535537,-3.123132,4.964874,1.459473,-0.681140,-0.001297,-0.010897,0.404451
4.20000,-0.535537,-3.123132,4.964874,1.459473,-0.681140,-0.001297,-0.010897,0.404451
4.22000,-0.535537,-3.123132,4.964874,1.459473,-0.681140,-0.001297,-0.010897,0.404451
4.24000,-0.535537,-3.123132,4.964874,1.459473,-0.681140,-0.001297,-0.010897,0.404451
4.26000,-0.535537,-3.123132,4.964874,1.459473,-0.681140,-0.001297,-0.010897,0.404451
4.28000,-0.535537,-3.123132,4.964874,1.459473,-0.681140,-0.001297,-0.010897,0.404451
4.30000,-0.535537,-3.123132,4.964874,1.459473,-0.681140,-0.001297,-0.010897,0.404451
4.32000,-0.535537,-3.123132,4.964874,1.459473,-0.681140,-0.001297,0.088405,0.375640
4.34000,-0.161634,-3.271095,4.964887,1.516906,-0.526101,-0.001130,0.088405,0.375640
4.36000,-0.161634,-3.271095,4.964887,1.516906,-0.526101,-0.001130,0.088405,0.375640
4.38000,-0.161634,-3.271095,4.964887,1.516906,-0.526101,-0.001130,0.088405,0.375640
4.40000,-0.161634,-3.271095,4.964887,1.516906,-0.526101,-0.001130,0.088405,0.375640
4.42000,-0.161634,-3.271095,4.964887,1.516906,-0.526101,-0.001130,0.088405,0.375640
4.44000,-0.161634,-3.271095,4.964887,1.516906,-0.526101,-0.001130,0.088405,0.375640
4.46000,-0.161634,-3.271095,4.964887,1.516906,-0.526101,-0.001130,0.088405,0.375640
4.48000,-0.161634,-3.271095,4.964887,1.516906,-0.526101,-0.001130,0.088405,0.375640
4.50000,-0.161634,-3.271095,4.964887,1.516906,-0.526101,-0.001130,0.088405,0.375640
4.52000,-0.161634,-3.271095,4.964887,1.516906,-0.526101,-0.001130,0.088405,0.375640
4.54000,-0.161634,-3.271095,4.964887,1.516906,-0.526101,-0.001130,0.088405,0.375640
4.56000,-0.161634,-3.271095,4.964887,1.516906,-0.526101,-0.001130,0.088405,0.375640
4.58000,-0.161634,-3.271095,4.964887,1.516906,-0.526101,-0.001130,0.185766,0.398773
4.60000,0.223733,-3.379720,4.964825,1.559965,-0.365157,-0.001333,0.185766,0.398773
4.62000,0.223733,-3.379720,4.964825,1.559965,-0.365157,-0.001333,0.185766,0.398773
4.64000,0.223733,-3.379720,4.964825,1.559965,-0.365157,-0.001333,0.185766,0.398773
4.66000,0.223733,-3.379720,4.964825,1.559965,-0.365157,-0.001333,0.185766,0.398773
4.68000,0.223733,-3.379720,4.964825,1.559965,-0.365157,-0.001333,0.185766,0.398773
4.70000,0.223733,-3.379720,4.964825,1.559965,-0.365157,-0.001333,0.185766,0.398773
4.72000,0.223733,-3.379720,4.964825,1.559965,-0.365157,-0.001333,0.185766,0.398773
4.74000,0.223733,-3.379720,4.964825,1.559965,-0.365157,-0.001333,0.185766,0.398773
4.76000,0.223733,-3.379720,4.964825,1.559965,-0.365157,-0.001333,0.185766,0.398773
4.78000,0.223733,-3.379720,4.964825,1.559965,-0.365157,-0.001333,0.185766,0.398773
4.80000,0.617027,-3.447754,4.964734,1.588740,-0.200180,-0.001117,0.288145,0.411363
4.82000,0.617027,-3.447754,4.964734,1.588740,-0.200180,-0.001117,0.288145,0.411363
4.84000,0.617027,-3.447754,4.964734,1.588740,-0.200180,-0.001117,0.288145,0.411363
4.86000,0.617027,-3.447754,4.964734,1.588740,-0.200180,-0.001117,0.288145,0.411363
4.88000,0.617027,-3.447754,4.964734,1.588740,-0.200180,-0.001117,0.288145,0.411363
4.90000,0.617027,-3.447754,4.964734,1.588740,-0.200180,-0.001117,0.288145,0.411363
4.92000,0.617027,-3.447754,4.964734,1.588740,-0.200180,-0.001117,0.288145,0.411363
4.94000,0.617027,-3.447754,4.964734,1.588740,-0.200180,-0.001117,0.288145,0.411363
4.96000,0.617027,-3.447754,4.964734,1.588740,-0.200180,-0.001117,0.288145,0.411363
4.98000,0.617027,-3.447754,4.964734,1.588740,-0.200180,-0.001117,0.288145,0.411363
5.00000,0.617027,-3.447754,4.964734,1.588740,-0.200180,-0.001117,0.288145,0.411363
5.02000,0.617027,-3.447754,4.964734,1.588740,-0.200180,-0.001117,0.288145,0.411363
5.04000,0.617027,-3.447754,4.964734,1.588740,-0.200180,-0.001117,0.288145,0.411363
5.06000,0.617027,-3.447754,4.964734,1.588740,-0.200180,-0.001117,0.288145,0.411363
5.08000,0.617027,-3.447754,4.964734,1.588740,-0.200180,-0.001117,0.377492,0.321576
5.10000,1.012263,-3.474752,4.964676,1.581722,-0.042481,-0.001138,0.377492,0.321576
5.12000,1.012263,-3.474752,4.964676,1.581722,-0.042481,-0.001138,0.377492,0.321576
5.14000,1.012263,-3.474752,4.964676,1.581722,-0.042481,-0.001138,0.377492,0.321576
5.16000,1.012263,-3.474752,4.964676,1.581722,-0.042481,-0.001138,0.377492,0.321576
5.18000,1.012263,-3.474752,4.964676,1.581722,-0.042481,-0.001138,0.377492,0.321576
5.20000,1.012263,-3.474752,4.964676,1.581722,-0.042481,-0.001138,0.377492,0.321576
5.22000,1.012263,-3.474752,4.964676,1.581722,-0.042481,-0.001138,0.377492,0.321576
5.24000,1.012263,-3.474752,4.964676,1.581722,-0.042481,-0.001138,0.377492,0.321576
5.26000,1.012263,-3.474752,4.964676,1.581722,-0.042481,-0.001138,0.377492,0.321576
5.28000,1.012263,-3.474752,4.964676,1.581722,-0.042481,-0.001138,0.377492,0.321576
5.30000,1.012263,-3.474752,4.964676,1.581722,-0.042481,-0.001138,0.377492,0.321576
5.32000,1.012263,-3.474752,4.964676,1.581722,-0.042481,-0.001138,0.377492,0.321576
5.34000,1.012263,-3.474752,4.964676,1.581722,-0.042481,-0.001138,0.476511,0.454021
5.36000,1.406528,-3.461067,4.964431,1.583925,0.125432,-0.001042,0.476511,0.454021
5.38000,1.406528,-3.461067,4.964431,1.583925,0.125432,-0.001042,0.476511,0.454021
5.40000,1.406528,-3.461067,4.964431,1.583925,0.125432,-0.001042,0.476511,0.454021
5.42000,1.406528,-3.461067,4.964431,1.583925,0.125432,-0.001042,0.476511,0.454021
5.44000,1.406528,-3.461067,4.964431,1.583925,0.125432,-0.001042,0.476511,0.454021
5.46000,1.406528,-3.461067,4.964431,1.583925,0.125432,-0.001042,0.476511,0.454021
5.48000,1.406528,-3.461067,4.964431,1.583925,0.125432,-0.001042,0.476511,0.454021
5.50000,1.406528,-3.461067,4.964431,1.583925,0.125432,-0.001042,0.476511,0.454021
5.52000,1.406528,-3.461067,4.964431,1.583925,0.125432,-0.001042,0.476511,0.454021
5.54000,1.406528,-3.461067,4.964431,1.583925,0.125432,-0.001042,0.476511,0.454021
5.56000,1.406528,-3.461067,4.964431,1.583925,0.125432,-0.001042,0.476511,0.454021
5.58000,1.406528,-3.461067,4.964431,1.583925,0.125432,-0.001042,0.591732,0.445481
5.60000,1.406528,-3.461067,4.964431,1.583925,0.125432,-0.001042,0.591732,0.445481
5.62000,1.799484,-3.405623,4.963969,1.572699,0.292387,-0.000722,0.591732,0.445481
5.64000,1.799484,-3.405623,4.963969,1.572699,0.292387,-0.000722,0.591732,0.445481
5.66000,1.799484,-3.405623,4.963969,1.572699,0.292387,-0.000722,0.591732,0.445481
5.68000,1.799484,-3.405623,4.963969,1.572699,0.292387,-0.000722,0.591732,0.445481
5.70000,1.799484,-3.405623,4.963969,1.572699,0.292387,-0.000722,0.591732,0.445481
5.72000,1.799484,-3.405623,4.963969,1.572699,0.292387,-0.000722,0.591732,0.445481
5.74000,1.799484,-3.405623,4.963969,1.572699,0.292387,-0.000722,0.591732,0.445481
5.76000,1.799484,-3.405623,4.963969,1.572699,0.292387,-0.000722,0.591732,0.445481
5.78000,1.799484,-3.405623,4.963969,1.572699,0.292387,-0.000722,0.591732,0.445481
5.80000,1.799484,-3.405623,4.963969,1.572699,0.292387,-0.000722,0.591732,0.445481
5.82000,1.799484,-3.405623,4.963969,1.572699,0.292387,-0.000722,0.591732,0.445481
5.84000,1.799484,-3.405623,4.963969,1.572699,0.292387,-0.000722,0.591732,0.445481
5.86000,1.799484,-3.405623,4.963969,1.572699,0.292387,-0.000722,0.591732,0.445481
5.88000,1.799484,-3.405623,4.963969,1.572699,0.292387,-0.000722,0.591732,0.445481
5.90000,1.799484,-3.405623,4.963969,1.572699,0.292387,-0.000722,0.591732,0.445481
5.92000,1.799484,-3.405623,4.963969,1.572699,0.292387,-0.000722,0.591732,0.445481
5.94000,1.799484,-3.405623,4.963969,1.572699,0.292387,-0.000722,0.591732,0.445481
5.96000,1.799484,-3.405623,4.963969,1.572699,0.292387,-0.000722,0.591732,0.445481
5.98000,1.799484,-3.405623,4.963969,1.572699,0.292387,-0.000722,0.591732,0.445481
6.00000,1.799484,-3.405623,4.963969,1.572699,0.292387,-0.000722,0.591732,0.445481
6.02000,1.799484,-3.405623,4.963969,1.572699,0.292387,-0.000722,0.591732,0.445481
6.04000,1.799484,-3.405623,4.963969,1.572699,0.292387,-0.000722,0.591732,0.445481
6.06000,1.799484,-3.405623,4.963969,1.572699,0.292387,-0.000722,0.591732,0.445481
6.08000,1.799484,-3.405623,4.963969,1.572699,0.292387,-0.000722,0.697798,0.456500
6.10000,1.799484,-3.405623,4.963969,1.572699,0.292387,-0.000722,0.697798,0.456500
6.12000,1.799484,-3.405623,4.963969,1.572699,0.292387,-0.000722,0.697798,0.456500
6.14000,1.799484,-3.405623,4.963969,1.572699,0.292387,-0.000722,0.697798,0.456500
6.16000,1.799484,-3.405623,4.963969,1.572699,0.292387,-0.000722,0.697798,0.456500
6.18000,1.799484,-3.405623,4.963969,1.572699,0.292387,-0.000722,0.697798,0.456500
6.20000,1.799484,-3.405623,4.963969,1.572699,0.292387,-0.000722,0.697798,0.456500
6.22000,1.799484,-3.405623,4.963969,1.572699,0.292387,-0.000722,0.697798,0.456500
6.24000,1.799484,-3.405623,4.963969,1.572699,0.292387,-0.000722,0.697798,0.456500
6.26000,1.799484,-3.405623,4.963969,1.572699,0.292387,-0.000722,0.697798,0.456500
6.28000,1.799484,-3.405623,4.963969,1.572699,0.292387,-0.000722,0.697798,0.456500
6.30000,1.799484,-3.405623,4.963969,1.572699,0.292387,-0.000722,0.697798,0.456500
6.32000,2.188044,-3.309659,4.963492,1.547137,0.461095,-0.000614,0.697798,0.456500
6.34000,2.188044,-3.309659,4.963492,1.547137,0.461095,-0.000614,0.697798,0.456500
6.36000,2.188044,-3.309659,4.963492,1.547137,0.461095,-0.000614,0.697798,0.456500
6.38000,2.188044,-3.309659,4.963492,1.547137,0.461095,-0.000614,0.697798,0.456500
6.40000,2.188044,-3.309659,4.963492,1.547137,0.461095,-0.000614,0.846977,0.592656
6.42000,2.188044,-3.309659,4.963492,1.547137,0.461095,-0.000614,0.846977,0.592656
6.44000,2.188044,-3.309659,4.963492,1.547137,0.461095,-0.000614,0.846977,0.592656
6.46000,2.572552,-3.165946,4.963068,1.543317,0.671917,0.000392,0.846977,0.592656
6.48000,2.572552,-3.165946,4.963068,1.543317,0.671917,0.000392,0.846977,0.592656
6.50000,2.572552,-3.165946,4.963068,1.543317,0.671917,0.000392,0.846977,0.592656
6.52000,2.572552,-3.165946,4.963068,1.543317,0.671917,0.000392,0.846977,0.592656
6.54000,2.572552,-3.165946,4.963068,1.543317,0.671917,0.000392,0.846977,0.592656
6.56000,2.572552,-3.165946,4.963068,1.543317,0.671917,0.000392,0.846977,0.592656
6.58000,2.572552,-3.165946,4.963068,1.543317,0.671917,0.000392,0.846977,0.592656
6.60000,2.572552,-3.165946,4.963068,1.543317,0.671917,0.000392,0.846977,0.592656
6.62000,2.572552,-3.165946,4.963068,1.543317,0.671917,0.000392,0.924836,0.057484
6.64000,2.945157,-2.980645,4.963076,1.447561,0.784638,0.001222,0.924836,0.057484
6.66000,2.945157,-2.980645,4.963076,1.447561,0.784638,0.001222,0.924836,0.057484
6.68000,2.945157,-2.980645,4.963076,1.447561,0.784638,0.001222,0.924836,0.057484
6.70000,2.945157,-2.980645,4.963076,1.447561,0.784638,0.001222,0.924836,0.057484
6.72000,2.945157,-2.980645,4.963076,1.447561,0.784638,0.001222,0.924836,0.057484
6.74000,2.945157,-2.980645,4.963076,1.447561,0.784638,0.001222,0.924836,0.057484
6.76000,2.945157,-2.980645,4.963076,1.447561,0.784638,0.001222,0.924836,0.057484
6.78000,2.945157,-2.980645,4.963076,1.447561,0.784638,0.001222,0.924836,0.057484
6.80000,2.945157,-2.980645,4.963076,1.447561,0.784638,0.001222,0.924836,0.057484
6.82000,2.945157,-2.980645,4.963076,1.447561,0.784638,0.001222,0.924836,0.057484
6.84000,2.945157,-2.980645,4.963076,1.447561,0.784638,0.001222,0.981511,0.575577
6.86000,3.290981,-2.767785,4.962808,1.362988,0.940609,-0.000356,0.981511,0.575577
6.88000,3.290981,-2.767785,4.962808,1.362988,0.940609,-0.000356,0.981511,0.575577
6.90000,3.290981,-2.767785,4.962808,1.362988,0.940609,-0.000356,0.981511,0.575577
6.92000,3.290981,-2.767785,4.962808,1.362988,0.940609,-0.000356,0.981511,0.575577
6.94000,3.290981,-2.767785,4.962808,1.362988,0.940609,-0.000356,0.981511,0.575577
6.96000,3.290981,-2.767785,4.962808,1.362988,0.940609,-0.000356,0.981511,0.575577
6.98000,3.290981,-2.767785,4.962808,1.362988,0.940609,-0.000356,0.981511,0.575577
7.00000,3.290981,-2.767785,4.962808,1.362988,0.940609,-0.000356,0.981511,0.575577
7.02000,3.290981,-2.767785,4.962808,1.362988,0.940609,-0.000356,0.981511,0.575577
7.04000,3.290981,-2.767785,4.962808,1.362988,0.940609,-0.000356,0.981511,0.575577
7.06000,3.290981,-2.767785,4.962808,1.362988,0.940609,-0.000356,0.981511,0.575577
7.08000,3.290981,-2.767785,4.962808,1.362988,0.940609,-0.000356,0.981511,0.575577
7.10000,3.290981,-2.767785,4.962808,1.362988,0.940609,-0.000356,1.182125,0.817175
7.12000,3.290981,-2.767785,4.962808,1.362988,0.940609,-0.000356,1.182125,0.817175
7.14000,3.622095,-2.500708,4.962418,1.298920,1.167130,0.000894,1.182125,0.817175
7.16000,3.622095,-2.500708,4.962418,1.298920,1.167130,0.000894,1.182125,0.817175
7.18000,3.622095,-2.500708,4.962418,1.298920,1.167130,0.000894,1.182125,0.817175
7.20000,3.622095,-2.500708,4.962418,1.298920,1.167130,0.000894,1.182125,0.817175
7.22000,3.622095,-2.500708,4.962418,1.298920,1.167130,0.000894,1.182125,0.817175
7.24000,3.622095,-2.500708,4.962418,1.298920,1.167130,0.000894,1.182125,0.817175
7.26000,3.622095,-2.500708,4.962418,1.298920,1.167130,0.000894,1.182125,0.817175
7.28000,3.622095,-2.500708,4.962418,1.298920,1.167130,0.000894,1.182125,0.817175
7.30000,3.622095,-2.500708,4.962418,1.298920,1.167130,0.000894,1.182125,0.817175
7.32000,3.622095,-2.500708,4.962418,1.298920,1.167130,0.000894,1.182125,0.817175
7.34000,3.930445,-2.184957,4.962451,1.190255,1.332595,0.001759,1.334135,0.400741
7.36000,3.930445,-2.184957,4.962451,1.190255,1.332595,0.001759,1.334135,0.400741
7.38000,3.930445,-2.184957,4.962451,1.190255,1.332595,0.001759,1.334135,0.400741
7.40000,3.930445,-2.184957,4.962451,1.190255,1.332595,0.001759,1.334135,0.400741
7.42000,3.930445,-2.184957,4.962451,1.190255,1.332595,0.001759,1.334135,0.400741
7.44000,3.930445,-2.184957,4.962451,1.190255,1.332595,0.001759,1.334135,0.400741
7.46000,3.930445,-2.184957,4.962451,1.190255,1.332595,0.001759,1.334135,0.400741
7.48000,3.930445,-2.184957,4.962451,1.190255,1.332595,0.001759,1.334135,0.400741
7.50000,3.930445,-2.184957,4.962451,1.190255,1.332595,0.001759,1.334135,0.400741
7.52000,3.930445,-2.184957,4.962451,1.190255,1.332595,0.001759,1.334135,0.400741
7.54000,3.930445,-2.184957,4.962451,1.190255,1.332595,0.001759,1.334135,0.400741
7.56000,3.930445,-2.184957,4.962451,1.190255,1.332595,0.001759,1.334135,0.400741
7.58000,3.930445,-2.184957,4.962451,1.190255,1.332595,0.001759,1.334135,0.400741
7.60000,4.207558,-1.833833,4.962490,1.052220,1.454955,0.001441,1.405424,0.242868
7.62000,4.207558,-1.833833,4.962490,1.052220,1.454955,0.001441,1.405424,0.242868
7.64000,4.207558,-1.833833,4.962490,1.052220,1.454955,0.001441,1.405424,0.242868
7.66000,4.207558,-1.833833,4.962490,1.052220,1.454955,0.001441,1.405424,0.242868
7.68000,4.207558,-1.833833,4.962490,1.052220,1.454955,0.001441,1.405424,0.242868
7.70000,4.207558,-1.833833,4.962490,1.052220,1.454955,0.001441,1.405424,0.242868
7.72000,4.207558,-1.833833,4.962490,1.052220,1.454955,0.001441,1.405424,0.242868
7.74000,4.207558,-1.833833,4.962490,1.052220,1.454955,0.001441,1.405424,0.242868
7.76000,4.207558,-1.833833,4.962490,1.052220,1.454955,0.001441,1.405424,0.242868
7.78000,4.207558,-1.833833,4.962490,1.052220,1.454955,0.001441,1.405424,0.242868
7.80000,4.207558,-1.833833,4.962490,1.052220,1.454955,0.001441,1.405424,0.242868
7.82000,4.207558,-1.833833,4.962490,1.052220,1.454955,0.001441,1.405424,0.242868
7.84000,4.207558,-1.833833,4.962490,1.052220,1.454955,0.001441,1.479691,0.355245
7.86000,4.448226,-1.456213,4.962528,0.895034,1.545320,0.001164,1.479691,0.355245
7.88000,4.448226,-1.456213,4.962528,0.895034,1.545320,0.001164,1.479691,0.355245
7.90000,4.448226,-1.456213,4.962528,0.895034,1.545320,0.001164,1.479691,0.355245
7.92000,4.448226,-1.456213,4.962528,0.895034,1.545320,0.001164,1.479691,0.355245
7.94000,4.448226,-1.456213,4.962528,0.895034,1.545320,0.001164,1.479691,0.355245
7.96000,4.448226,-1.456213,4.962528,0.895034,1.545320,0.001164,1.479691,0.355245
7.98000,4.448226,-1.456213,4.962528,0.895034,1.545320,0.001164,1.479691,0.355245
8.00000,4.448226,-1.456213,4.962528,0.895034,1.545320,0.001164,1.479691,0.355245
8.02000,4.448226,-1.456213,4.962528,0.895034,1.545320,0.001164,1.479691,0.355245
8.04000,4.448226,-1.456213,4.962528,0.895034,1.545320,0.001164,1.479691,0.355245
8.06000,4.448226,-1.456213,4.962528,0.895034,1.545320,0.001164,1.479691,0.355245
8.08000,4.448226,-1.456213,4.962528,0.895034,1.545320,0.001164,1.583042,0.443284
8.10000,4.448226,-1.456213,4.962528,0.895034,1.545320,0.001164,1.583042,0.443284
8.12000,4.448226,-1.456213,4.962528,0.895034,1.545320,0.001164,1.583042,0.443284
8.14000,4.448226,-1.456213,4.962528,0.895034,1.545320,0.001164,1.583042,0.443284
8.16000,4.648723,-1.058390,4.962828,0.724298,1.608271,0.000918,1.583042,0.443284
8.18000,4.648723,-1.058390,4.962828,0.724298,1.608271,0.000918,1.583042,0.443284
8.20000,4.648723,-1.058390,4.962828,0.724298,1.608271,0.000918,1.583042,0.443284
8.22000,4.648723,-1.058390,4.962828,0.724298,1.608271,0.000918,1.583042,0.443284
8.24000,4.648723,-1.058390,4.962828,0.724298,1.608271,0.000918,1.583042,0.443284
8.26000,4.648723,-1.058390,4.962828,0.724298,1.608271,0.000918,1.583042,0.443284
8.28000,4.648723,-1.058390,4.962828,0.724298,1.608271,0.000918,1.583042,0.443284
8.30000,4.648723,-1.058390,4.962828,0.724298,1.608271,0.000918,1.583042,0.443284
8.32000,4.648723,-1.058390,4.962828,0.724298,1.608271,0.000918,1.583042,0.443284
8.34000,4.648723,-1.058390,4.962828,0.724298,1.608271,0.000918,1.583042,0.443284
8.36000,4.805509,-0.649402,4.963187,0.548187,1.641604,0.000671,1.687845,0.388819
8.38000,4.805509,-0.649402,4.963187,0.548187,1.641604,0.000671,1.687845,0.388819
8.40000,4.805509,-0.649402,4.963187,0.548187,1.641604,0.000671,1.687845,0.388819
8.42000,4.805509,-0.649402,4.963187,0.548187,1.641604,0.000671,1.687845,0.388819
8.44000,4.805509,-0.649402,4.963187,0.548187,1.641604,0.000671,1.687845,0.388819
8.46000,4.805509,-0.649402,4.963187,0.548187,1.641604,0.000671,1.687845,0.388819
8.48000,4.805509,-0.649402,4.963187,0.548187,1.641604,0.000671,1.687845,0.388819
8.50000,4.805509,-0.649402,4.963187,0.548187,1.641604,0.000671,1.687845,0.388819
8.52000,4.805509,-0.649402,4.963187,0.548187,1.641604,0.000671,1.687845,0.388819
8.54000,4.805509,-0.649402,4.963187,0.548187,1.641604,0.000671,1.687845,0.388819
8.56000,4.805509,-0.649402,4.963187,0.548187,1.641604,0.000671,1.687845,0.388819
8.58000,4.805509,-0.649402,4.963187,0.548187,1.641604,0.000671,1.687845,0.388819
8.60000,4.805509,-0.649402,4.963187,0.548187,1.641604,0.000671,1.789809,0.418480
8.62000,4.917826,-0.233071,4.963496,0.365820,1.668617,0.000228,1.789809,0.418480
8.64000,4.917826,-0.233071,4.963496,0.365820,1.668617,0.000228,1.789809,0.418480
8.66000,4.917826,-0.233071,4.963496,0.365820,1.668617,0.000228,1.789809,0.418480
8.68000,4.917826,-0.233071,4.963496,0.365820,1.668617,0.000228,1.789809,0.418480
8.70000,4.917826,-0.233071,4.963496,0.365820,1.668617,0.000228,1.789809,0.418480
8.72000,4.917826,-0.233071,4.963496,0.365820,1.668617,0.000228,1.789809,0.418480
8.74000,4.917826,-0.233071,4.963496,0.365820,1.668617,0.000228,1.789809,0.418480
8.76000,4.917826,-0.233071,4.963496,0.365820,1.668617,0.000228,1.789809,0.418480
8.78000,4.917826,-0.233071,4.963496,0.365820,1.668617,0.000228,1.789809,0.418480
8.80000,4.917826,-0.233071,4.963496,0.365820,1.668617,0.000228,1.789809,0.418480
8.82000,4.917826,-0.233071,4.963496,0.365820,1.668617,0.000228,1.789809,0.418480
8.84000,4.917826,-0.233071,4.963496,0.365820,1.668617,0.000228,1.893804,0.410251
8.86000,4.983959,0.187555,4.963708,0.182175,1.679054,0.000151,1.893804,0.410251
8.88000,4.983959,0.187555,4.963708,0.182175,1.679054,0.000151,1.893804,0.410251
8.90000,4.983959,0.187555,4.963708,0.182175,1.679054,0.000151,1.893804,0.410251
8.92000,4.983959,0.187555,4.963708,0.182175,1.679054,0.000151,1.893804,0.410251
8.94000,4.983959,0.187555,4.963708,0.182175,1.679054,0.000151,1.893804,0.410251
8.96000,4.983959,0.187555,4.963708,0.182175,1.679054,0.000151,1.893804,0.410251
8.98000,4.983959,0.187555,4.963708,0.182175,1.679054,0.000151,1.893804,0.410251
9.00000,4.983959,0.187555,4.963708,0.182175,1.679054,0.000151,1.893804,0.410251
9.02000,4.983959,0.187555,4.963708,0.182175,1.679054,0.000151,1.893804,0.410251
9.04000,4.983959,0.187555,4.963708,0.182175,1.679054,0.000151,1.893804,0.410251
9.06000,4.983959,0.187555,4.963708,0.182175,1.679054,0.000151,1.893804,0.410251
9.08000,4.983959,0.187555,4.963708,0.182175,1.679054,0.000151,1.994584,0.394901
9.10000,5.004445,0.608922,4.963855,0.000502,1.672320,-0.000069,1.994584,0.394901
9.12000,5.004445,0.608922,4.963855,0.000502,1.672320,-0.000069,1.994584,0.394901
9.14000,5.004445,0.608922,4.963855,0.000502,1.672320,-0.000069,1.994584,0.394901
9.16000,5.004445,0.608922,4.963855,0.000502,1.672320,-0.000069,1.994584,0.394901
9.18000,5.004445,0.608922,4.963855,0.000502,1.672320,-0.000069,1.994584,0.394901
9.20000,5.004445,0.608922,4.963855,0.000502,1.672320,-0.000069,1.994584,0.394901
9.22000,5.004445,0.608922,4.963855,0.000502,1.672320,-0.000069,1.994584,0.394901
9.24000,5.004445,0.608922,4.963855,0.000502,1.672320,-0.000069,1.994584,0.394901
9.26000,5.004445,0.608922,4.963855,0.000502,1.672320,-0.000069,1.994584,0.394901
9.28000,5.004445,0.608922,4.963855,0.000502,1.672320,-0.000069,1.994584,0.394901
9.30000,5.004445,0.608922,4.963855,0.000502,1.672320,-0.000069,2.092429,0.386426
9.32000,5.004445,0.608922,4.963855,0.000502,1.672320,-0.000069,2.092429,0.386426
9.34000,5.004445,0.608922,4.963855,0.000502,1.672320,-0.000069,2.092429,0.386426
9.36000,5.004445,0.608922,4.963855,0.000502,1.672320,-0.000069,2.092429,0.386426
9.38000,5.004445,0.608922,4.963855,0.000502,1.672320,-0.000069,2.092429,0.386426
9.40000,5.004445,0.608922,4.963855,0.000502,1.672320,-0.000069,2.092429,0.386426
9.42000,5.004445,0.608922,4.963855,0.000502,1.672320,-0.000069,2.092429,0.386426
9.44000,5.004445,0.608922,4.963855,0.000502,1.672320,-0.000069,2.092429,0.386426
9.46000,5.004445,0.608922,4.963855,0.000502,1.672320,-0.000069,2.092429,0.386426
9.48000,5.004445,0.608922,4.963855,0.000502,1.672320,-0.000069,2.092429,0.386426
9.50000,5.004445,0.608922,4.963855,0.000502,1.672320,-0.000069,2.092429,0.386426
9.52000,5.004445,0.608922,4.963855,0.000502,1.672320,-0.000069,2.092429,0.386426
9.54000,4.980488,1.025553,4.963966,-0.175936,1.646721,-0.000239,2.092429,0.386426
9.56000,4.980488,1.025553,4.963966,-0.175936,1.646721,-0.000239,2.092429,0.386426
9.58000,4.980488,1.025553,4.963966,-0.175936,1.646721,-0.000239,2.092429,0.386426
9.60000,4.980488,1.025553,4.963966,-0.175936,1.646721,-0.000239,2.173210,0.187824
9.62000,4.914763,1.430675,4.964118,-0.321608,1.572638,-0.000063,2.173210,0.187824
9.64000,4.914763,1.430675,4.964118,-0.321608,1.572638,-0.000063,2.173210,0.187824
9.66000,4.914763,1.430675,4.964118,-0.321608,1.572638,-0.000063,2.173210,0.187824
9.68000,4.914763,1.430675,4.964118,-0.321608,1.572638,-0.000063,2.173210,0.187824
9.70000,4.914763,1.430675,4.964118,-0.321608,1.572638,-0.000063,2.173210,0.187824
9.72000,4.914763,1.430675,4.964118,-0.321608,1.572638,-0.000063,2.173210,0.187824
9.74000,4.914763,1.430675,4.964118,-0.321608,1.572638,-0.000063,2.173210,0.187824
9.76000,4.914763,1.430675,4.964118,-0.321608,1.572638,-0.000063,2.173210,0.187824
9.78000,4.914763,1.430675,4.964118,-0.321608,1.572638,-0.000063,2.173210,0.187824
9.80000,4.914763,1.430675,4.964118,-0.321608,1.572638,-0.000063,2.173210,0.187824
9.82000,4.914763,1.430675,4.964118,-0.321608,1.572638,-0.000063,2.173210,0.187824
9.84000,4.914763,1.430675,4.964118,-0.321608,1.572638,-0.000063,2.218376,0.381177
9.86000,4.818730,1.809561,4.964170,-0.452477,1.475866,-0.001093,2.218376,0.381177
9.88000,4.818730,1.809561,4.964170,-0.452477,1.475866,-0.001093,2.218376,0.381177
9.90000,4.818730,1.809561,4.964170,-0.452477,1.475866,-0.001093,2.218376,0.381177
9.92000,4.818730,1.809561,4.964170,-0.452477,1.475866,-0.001093,2.218376,0.381177
9.94000,4.818730,1.809561,4.964170,-0.452477,1.475866,-0.001093,2.218376,0.381177
9.96000,4.818730,1.809561,4.964170,-0.452477,1.475866,-0.001093,2.218376,0.381177
9.98000,4.818730,1.809561,4.964170,-0.452477,1.475866,-0.001093,2.218376,0.381177
10.00000,4.818730,1.809561,4.964170,-0.452477,1.475866,-0.001093,2.218376,0.381177
10.02000,4.818730,1.809561,4.964170,-0.452477,1.475866,-0.001093,2.218376,0.381177
10.04000,4.818730,1.809561,4.964170,-0.452477,1.475866,-0.001093,2.218376,0.381177
10.06000,4.818730,1.809561,4.964170,-0.452477,1.475866,-0.001093,2.218376,0.381177
10.08000,4.818730,1.809561,4.964170,-0.452477,1.475866,-0.001093,2.370647,0.690491
10.10000,4.818730,1.809561,4.964170,-0.452477,1.475866,-0.001093,2.370647,0.690491
10.12000,4.818730,1.809561,4.964170,-0.452477,1.475866,-0.001093,2.370647,0.690491
10.14000,4.818730,1.809561,4.964170,-0.452477,1.475866,-0.001093,2.370647,0.690491
10.16000,4.818730,1.809561,4.964170,-0.452477,1.475866,-0.001093,2.370647,0.690491
10.18000,4.818730,1.809561,4.964170,-0.452477,1.475866,-0.001093,2.370647,0.690491
10.20000,4.679288,2.178258,4.964051,-0.642896,1.450326,-0.000674,2.370647,0.690491
10.22000,4.679288,2.178258,4.964051,-0.642896,1.450326,-0.000674,2.370647,0.690491
10.24000,4.679288,2.178258,4.964051,-0.642896,1.450326,-0.000674,2.370647,0.690491
10.26000,4.679288,2.178258,4.964051,-0.642896,1.450326,-0.000674,2.370647,0.690491
10.28000,4.679288,2.178258,4.964051,-0.642896,1.450326,-0.000674,2.370647,0.690491
10.30000,4.679288,2.178258,4.964051,-0.642896,1.450326,-0.000674,2.370647,0.690491
10.32000,4.679288,2.178258,4.964051,-0.642896,1.450326,-0.000674,2.370647,0.690491
10.34000,4.679288,2.178258,4.964051,-0.642896,1.450326,-0.000674,2.370647,0.690491
10.36000,4.679288,2.178258,4.964051,-0.642896,1.450326,-0.000674,2.508265,0.381760
10.38000,4.497169,2.534607,4.964233,-0.798094,1.387719,-0.000040,2.508265,0.381760
10.40000,4.497169,2.534607,4.964233,-0.798094,1.387719,-0.000040,2.508265,0.381760
10.42000,4.497169,2.534607,4.964233,-0.798094,1.387719,-0.000040,2.508265,0.381760
10.44000,4.497169,2.534607,4.964233,-0.798094,1.387719,-0.000040,2.508265,0.381760
10.46000,4.497169,2.534607,4.964233,-0.798094,1.387719,-0.000040,2.508265,0.381760
10.48000,4.497169,2.534607,4.964233,-0.798094,1.387719,-0.000040,2.508265,0.381760
10.50000,4.497169,2.534607,4.964233,-0.798094,1.387719,-0.000040,2.508265,0.381760
10.52000,4.497169,2.534607,4.964233,-0.798094,1.387719,-0.000040,2.508265,0.381760
10.54000,4.497169,2.534607,4.964233,-0.798094,1.387719,-0.000040,2.508265,0.381760
10.56000,4.497169,2.534607,4.964233,-0.798094,1.387719,-0.000040,2.508265,0.381760
10.58000,4.497169,2.534607,4.964233,-0.798094,1.387719,-0.000040,2.508265,0.381760
10.60000,4.497169,2.534607,4.964233,-0.798094,1.387719,-0.000040,2.508265,0.381760
10.62000,4.497169,2.534607,4.964233,-0.798094,1.387719,-0.000040,2.508265,0.381760
10.64000,4.497169,2.534607,4.964233,-0.798094,1.387719,-0.000040,2.592162,0.333256
10.66000,4.497169,2.534607,4.964233,-0.798094,1.387719,-0.000040,2.592162,0.333256
10.68000,4.278352,2.871472,4.964376,-0.947669,1.309991,-0.000401,2.592162,0.333256
10.70000,4.278352,2.871472,4.964376,-0.947669,1.309991,-0.000401,2.592162,0.333256
10.72000,4.278352,2.871472,4.964376,-0.947669,1.309991,-0.000401,2.592162,0.333256
10.74000,4.278352,2.871472,4.964376,-0.947669,1.309991,-0.000401,2.592162,0.333256
10.76000,4.278352,2.871472,4.964376,-0.947669,1.309991,-0.000401,2.592162,0.333256
10.78000,4.278352,2.871472,4.964376,-0.947669,1.309991,-0.000401,2.592162,0.333256
10.80000,4.278352,2.871472,4.964376,-0.947669,1.309991,-0.000401,2.592162,0.333256
10.82000,4.278352,2.871472,4.964376,-0.947669,1.309991,-0.000401,2.592162,0.333256
10.84000,4.022543,3.187206,4.964465,-1.090148,1.218978,-0.000378,2.687124,0.402035
10.86000,4.022543,3.187206,4.964465,-1.090148,1.218978,-0.000378,2.687124,0.402035
10.88000,4.022543,3.187206,4.964465,-1.090148,1.218978,-0.000378,2.687124,0.402035
10.90000,4.022543,3.187206,4.964465,-1.090148,1.218978,-0.000378,2.687124,0.402035
10.92000,4.022543,3.187206,4.964465,-1.090148,1.218978,-0.000378,2.687124,0.402035
10.94000,4.022543,3.187206,4.964465,-1.090148,1.218978,-0.000378,2.687124,0.402035
10.96000,4.022543,3.187206,4.964465,-1.090148,1.218978,-0.000378,2.687124,0.402035
10.98000,4.022543,3.187206,4.964465,-1.090148,1.218978,-0.000378,2.687124,0.402035
11.00000,4.022543,3.187206,4.964465,-1.090148,1.218978,-0.000378,2.687124,0.402035
11.02000,4.022543,3.187206,4.964465,-1.090148,1.218978,-0.000378,2.687124,0.402035
11.04000,4.022543,3.187206,4.964465,-1.090148,1.218978,-0.000378,2.687124,0.402035
11.06000,4.022543,3.187206,4.964465,-1.090148,1.218978,-0.000378,2.687124,0.402035
11.08000,4.022543,3.187206,4.964465,-1.090148,1.218978,-0.000378,2.790619,0.419238
11.10000,3.733948,3.477268,4.964555,-1.211850,1.108800,-0.000589,2.790619,0.419238
11.12000,3.733948,3.477268,4.964555,-1.211850,1.108800,-0.000589,2.790619,0.419238
11.14000,3.733948,3.477268,4.964555,-1.211850,1.108800,-0.000589,2.790619,0.419238
11.16000,3.733948,3.477268,4.964555,-1.211850,1.108800,-0.000589,2.790619,0.419238
11.18000,3.733948,3.477268,4.964555,-1.211850,1.108800,-0.000589,2.790619,0.419238
11.20000,3.733948,3.477268,4.964555,-1.211850,1.108800,-0.000589,2.790619,0.419238
11.22000,3.733948,3.477268,4.964555,-1.211850,1.108800,-0.000589,2.790619,0.419238
11.24000,3.733948,3.477268,4.964555,-1.211850,1.108800,-0.000589,2.790619,0.419238
11.26000,3.733948,3.477268,4.964555,-1.211850,1.108800,-0.000589,2.790619,0.419238
11.28000,3.733948,3.477268,4.964555,-1.211850,1.108800,-0.000589,2.790619,0.419238
11.30000,3.733948,3.477268,4.964555,-1.211850,1.108800,-0.000589,2.790619,0.419238
11.32000,3.733948,3.477268,4.964555,-1.211850,1.108800,-0.000589,2.790619,0.419238
11.34000,3.733948,3.477268,4.964555,-1.211850,1.108800,-0.000589,2.790619,0.419238
11.36000,3.733948,3.477268,4.964555,-1.211850,1.108800,-0.000589,2.790619,0.419238
11.38000,3.733948,3.477268,4.964555,-1.211850,1.108800,-0.000589,2.894105,0.406444
11.40000,3.733948,3.477268,4.964555,-1.211850,1.108800,-0.000589,2.894105,0.406444
11.42000,3.733948,3.477268,4.964555,-1.211850,1.108800,-0.000589,2.894105,0.406444
11.44000,3.416800,3.737286,4.964604,-1.318416,0.984541,-0.000858,2.894105,0.406444
11.46000,3.416800,3.737286,4.964604,-1.318416,0.984541,-0.000858,2.894105,0.406444
11.48000,3.416800,3.737286,4.964604,-1.318416,0.984541,-0.000858,2.894105,0.406444
11.50000,3.416800,3.737286,4.964604,-1.318416,0.984541,-0.000858,2.894105,0.406444
11.52000,3.416800,3.737286,4.964604,-1.318416,0.984541,-0.000858,2.894105,0.406444
11.54000,3.416800,3.737286,4.964604,-1.318416,0.984541,-0.000858,2.894105,0.406444
11.56000,3.416800,3.737286,4.964604,-1.318416,0.984541,-0.000858,2.894105,0.406444
11.58000,3.416800,3.737286,4.964604,-1.318416,0.984541,-0.000858,2.994895,0.373403
11.60000,3.075888,3.964724,4.964630,-1.407698,0.849073,-0.000784,2.994895,0.373403
11.62000,3.075888,3.964724,4.964630,-1.407698,0.849073,-0.000784,2.994895,0.373403
11.64000,3.075888,3.964724,4.964630,-1.407698,0.849073,-0.000784,2.994895,0.373403
11.66000,3.075888,3.964724,4.964630,-1.407698,0.849073,-0.000784,2.994895,0.373403
11.68000,3.075888,3.964724,4.964630,-1.407698,0.849073,-0.000784,2.994895,0.373403
11.70000,3.075888,3.964724,4.964630,-1.407698,0.849073,-0.000784,2.994895,0.373403
11.72000,3.075888,3.964724,4.964630,-1.407698,0.849073,-0.000784,2.994895,0.373403
11.74000,3.075888,3.964724,4.964630,-1.407698,0.849073,-0.000784,2.994895,0.373403
11.76000,3.075888,3.964724,4.964630,-1.407698,0.849073,-0.000784,2.994895,0.373403
11.78000,3.075888,3.964724,4.964630,-1.407698,0.849073,-0.000784,2.994895,0.373403
11.80000,3.075888,3.964724,4.964630,-1.407698,0.849073,-0.000784,2.994895,0.373403
11.82000,3.075888,3.964724,4.964630,-1.407698,0.849073,-0.000784,2.994895,0.373403
11.84000,3.075888,3.964724,4.964630,-1.407698,0.849073,-0.000784,3.088944,0.388652
11.86000,2.716388,4.157161,4.964678,-1.479351,0.704279,-0.001077,3.088944,0.388652
11.88000,2.716388,4.157161,4.964678,-1.479351,0.704279,-0.001077,3.088944,0.388652
11.90000,2.716388,4.157161,4.964678,-1.479351,0.704279,-0.001077,3.088944,0.388652
11.92000,2.716388,4.157161,4.964678,-1.479351,0.704279,-0.001077,3.088944,0.388652
11.94000,2.716388,4.157161,4.964678,-1.479351,0.704279,-0.001077,3.088944,0.388652
11.96000,2.716388,4.157161,4.964678,-1.479351,0.704279,-0.001077,3.088944,0.388652
11.98000,2.716388,4.157161,4.964678,-1.479351,0.704279,-0.001077,3.088944,0.388652
12.00000,2.716388,4.157161,4.964678,-1.479351,0.704279,-0.001077,3.088944,0.388652
12.02000,2.716388,4.157161,4.964678,-1.479351,0.704279,-0.001077,3.088944,0.388652
12.04000,2.716388,4.157161,4.964678,-1.479351,0.704279,-0.001077,3.088944,0.388652
12.06000,2.716388,4.157161,4.964678,-1.479351,0.704279,-0.001077,3.088944,0.388652
12.08000,2.716388,4.157161,4.964678,-1.479351,0.704279,-0.001077,-3.093017,0.414399
12.10000,2.716388,4.157161,4.964678,-1.479351,0.704279,-0.001077,-3.093017,0.414399
12.12000,2.716388,4.157161,4.964678,-1.479351,0.704279,-0.001077,-3.093017,0.414399
12.14000,2.716388,4.157161,4.964678,-1.479351,0.704279,-0.001077,-3.093017,0.414399
12.16000,2.716388,4.157161,4.964678,-1.479351,0.704279,-0.001077,-3.093017,0.414399
12.18000,2.716388,4.157161,4.964678,-1.479351,0.704279,-0.001077,-3.093017,0.414399
12.20000,2.716388,4.157161,4.964678,-1.479351,0.704279,-0.001077,-3.093017,0.414399
12.22000,2.339807,4.312008,4.964732,-1.541057,0.551899,-0.000948,-3.093017,0.414399
12.24000,2.339807,4.312008,4.964732,-1.541057,0.551899,-0.000948,-3.093017,0.414399
12.26000,2.339807,4.312008,4.964732,-1.541057,0.551899,-0.000948,-3.093017,0.414399
12.28000,2.339807,4.312008,4.964732,-1.541057,0.551899,-0.000948,-3.093017,0.414399
12.30000,2.339807,4.312008,4.964732,-1.541057,0.551899,-0.000948,-3.093017,0.414399
12.32000,2.339807,4.312008,4.964732,-1.541057,0.551899,-0.000948,-3.093017,0.414399
12.34000,2.339807,4.312008,4.964732,-1.541057,0.551899,-0.000948,-3.001054,0.274853
12.36000,1.950365,4.428908,4.964800,-1.562253,0.398838,-0.000715,-3.001054,0.274853
12.38000,1.950365,4.428908,4.964800,-1.562253,0.398838,-0.000715,-3.001054,0.274853
12.40000,1.950365,4.428908,4.964800,-1.562253,0.398838,-0.000715,-3.001054,0.274853
12.42000,1.950365,4.428908,4.964800,-1.562253,0.398838,-0.000715,-3.001054,0.274853
12.44000,1.950365,4.428908,4.964800,-1.562253,0.398838,-0.000715,-3.001054,0.274853
12.46000,1.950365,4.428908,4.964800,-1.562253,0.398838,-0.000715,-3.001054,0.274853
12.48000,1.950365,4.428908,4.964800,-1.562253,0.398838,-0.000715,-3.001054,0.274853
12.50000,1.950365,4.428908,4.964800,-1.562253,0.398838,-0.000715,-3.001054,0.274853
12.52000,1.950365,4.428908,4.964800,-1.562253,0.398838,-0.000715,-3.001054,0.274853
12.54000,1.950365,4.428908,4.964800,-1.562253,0.398838,-0.000715,-3.001054,0.274853
12.56000,1.950365,4.428908,4.964800,-1.562253,0.398838,-0.000715,-3.001054,0.274853
12.58000,1.950365,4.428908,4.964800,-1.562253,0.398838,-0.000715,-3.001054,0.274853
12.60000,1.950365,4.428908,4.964800,-1.562253,0.398838,-0.000715,-2.914331,0.444340
12.62000,1.558892,4.507488,4.964789,-1.588760,0.238772,-0.001335,-2.914331,0.444340
12.64000,1.558892,4.507488,4.964789,-1.588760,0.238772,-0.001335,-2.914331,0.444340
12.66000,1.558892,4.507488,4.964789,-1.588760,0.238772,-0.001335,-2.914331,0.444340
12.68000,1.558892,4.507488,4.964789,-1.588760,0.238772,-0.001335,-2.914331,0.444340
12.70000,1.558892,4.507488,4.964789,-1.588760,0.238772,-0.001335,-2.914331,0.444340
12.72000,1.558892,4.507488,4.964789,-1.588760,0.238772,-0.001335,-2.914331,0.444340
12.74000,1.558892,4.507488,4.964789,-1.588760,0.238772,-0.001335,-2.914331,0.444340
12.76000,1.558892,4.507488,4.964789,-1.588760,0.238772,-0.001335,-2.914331,0.444340
12.78000,1.558892,4.507488,4.964789,-1.588760,0.238772,-0.001335,-2.914331,0.444340
12.80000,1.558892,4.507488,4.964789,-1.588760,0.238772,-0.001335,-2.914331,0.444340
12.82000,1.558892,4.507488,4.964789,-1.588760,0.238772,-0.001335,-2.914331,0.444340
12.84000,1.558892,4.507488,4.964789,-1.588760,0.238772,-0.001335,-2.793784,0.480340
12.86000,1.158866,4.545225,4.964765,-1.616977,0.073041,-0.001041,-2.793784,0.480340
12.88000,1.158866,4.545225,4.964765,-1.616977,0.073041,-0.001041,-2.793784,0.480340
12.90000,1.158866,4.545225,4.964765,-1.616977,0.073041,-0.001041,-2.793784,0.480340
12.92000,1.158866,4.545225,4.964765,-1.616977,0.073041,-0.001041,-2.793784,0.480340
12.94000,1.158866,4.545225,4.964765,-1.616977,0.073041,-0.001041,-2.793784,0.480340
12.96000,1.158866,4.545225,4.964765,-1.616977,0.073041,-0.001041,-2.793784,0.480340
12.98000,1.158866,4.545225,4.964765,-1.616977,0.073041,-0.001041,-2.793784,0.480340
13.00000,1.158866,4.545225,4.964765,-1.616977,0.073041,-0.001041,-2.793784,0.480340
13.02000,1.158866,4.545225,4.964765,-1.616977,0.073041,-0.001041,-2.793784,0.480340
13.04000,1.158866,4.545225,4.964765,-1.616977,0.073041,-0.001041,-2.793784,0.480340
13.06000,1.158866,4.545225,4.964765,-1.616977,0.073041,-0.001041,-2.793784,0.480340
13.08000,1.158866,4.545225,4.964765,-1.616977,0.073041,-0.001041,-2.793784,0.480340
13.10000,1.158866,4.545225,4.964765,-1.616977,0.073041,-0.001041,-2.683117,0.409902
13.12000,1.158866,4.545225,4.964765,-1.616977,0.073041,-0.001041,-2.683117,0.409902
13.14000,0.755246,4.541512,4.964816,-1.624313,-0.092863,-0.000971,-2.683117,0.409902
13.16000,0.755246,4.541512,4.964816,-1.624313,-0.092863,-0.000971,-2.683117,0.409902
13.18000,0.755246,4.541512,4.964816,-1.624313,-0.092863,-0.000971,-2.683117,0.409902
13.20000,0.755246,4.541512,4.964816,-1.624313,-0.092863,-0.000971,-2.683117,0.409902
13.22000,0.755246,4.541512,4.964816,-1.624313,-0.092863,-0.000971,-2.683117,0.409902
13.24000,0.755246,4.541512,4.964816,-1.624313,-0.092863,-0.000971,-2.683117,0.409902
13.26000,0.755246,4.541512,4.964816,-1.624313,-0.092863,-0.000971,-2.683117,0.409902
13.28000,0.755246,4.541512,4.964816,-1.624313,-0.092863,-0.000971,-2.683117,0.409902
13.30000,0.755246,4.541512,4.964816,-1.624313,-0.092863,-0.000971,-2.683117,0.409902
13.32000,0.755246,4.541512,4.964816,-1.624313,-0.092863,-0.000971,-2.586879,0.372374
13.34000,0.352410,4.496436,4.964861,-1.611977,-0.256855,-0.001062,-2.586879,0.372374
13.36000,0.352410,4.496436,4.964861,-1.611977,-0.256855,-0.001062,-2.586879,0.372374
13.38000,0.352410,4.496436,4.964861,-1.611977,-0.256855,-0.001062,-2.586879,0.372374
13.40000,0.352410,4.496436,4.964861,-1.611977,-0.256855,-0.001062,-2.586879,0.372374
13.42000,0.352410,4.496436,4.964861,-1.611977,-0.256855,-0.001062,-2.586879,0.372374
13.44000,0.352410,4.496436,4.964861,-1.611977,-0.256855,-0.001062,-2.586879,0.372374
13.46000,0.352410,4.496436,4.964861,-1.611977,-0.256855,-0.001062,-2.586879,0.372374
13.48000,0.352410,4.496436,4.964861,-1.611977,-0.256855,-0.001062,-2.586879,0.372374
13.50000,0.352410,4.496436,4.964861,-1.611977,-0.256855,-0.001062,-2.586879,0.372374
13.52000,0.352410,4.496436,4.964861,-1.611977,-0.256855,-0.001062,-2.586879,0.372374
13.54000,0.352410,4.496436,4.964861,-1.611977,-0.256855,-0.001062,-2.586879,0.372374
13.56000,0.352410,4.496436,4.964861,-1.611977,-0.256855,-0.001062,-2.586879,0.372374
13.58000,0.352410,4.496436,4.964861,-1.611977,-0.256855,-0.001062,-2.491034,0.395076
13.60000,-0.044924,4.411340,4.964869,-1.581666,-0.417760,-0.001091,-2.491034,0.395076
13.62000,-0.044924,4.411340,4.964869,-1.581666,-0.417760,-0.001091,-2.491034,0.395076
13.64000,-0.044924,4.411340,4.964869,-1.581666,-0.417760,-0.001091,-2.491034,0.395076
13.66000,-0.044924,4.411340,4.964869,-1.581666,-0.417760,-0.001091,-2.491034,0.395076
13.68000,-0.044924,4.411340,4.964869,-1.581666,-0.417760,-0.001091,-2.491034,0.395076
13.70000,-0.044924,4.411340,4.964869,-1.581666,-0.417760,-0.001091,-2.491034,0.395076
13.72000,-0.044924,4.411340,4.964869,-1.581666,-0.417760,-0.001091,-2.491034,0.395076
13.74000,-0.044924,4.411340,4.964869,-1.581666,-0.417760,-0.001091,-2.491034,0.395076
13.76000,-0.044924,4.411340,4.964869,-1.581666,-0.417760,-0.001091,-2.491034,0.395076
13.78000,-0.044924,4.411340,4.964869,-1.581666,-0.417760,-0.001091,-2.491034,0.395076
13.80000,-0.044924,4.411340,4.964869,-1.581666,-0.417760,-0.001091,-2.491034,0.395076
13.82000,-0.044924,4.411340,4.964869,-1.581666,-0.417760,-0.001091,-2.491034,0.395076
13.84000,-0.044924,4.411340,4.964869,-1.581666,-0.417760,-0.001091,-2.491034,0.395076
13.86000,-0.431619,4.287335,4.964899,-1.530567,-0.571437,-0.001110,-2.392203,0.396035
13.88000,-0.431619,4.287335,4.964899,-1.530567,-0.571437,-0.001110,-2.392203,0.396035
13.90000,-0.431619,4.287335,4.964899,-1.530567,-0.571437,-0.001110,-2.392203,0.396035
13.92000,-0.431619,4.287335,4.964899,-1.530567,-0.571437,-0.001110,-2.392203,0.396035
13.94000,-0.431619,4.287335,4.964899,-1.530567,-0.571437,-0.001110,-2.392203,0.396035
13.96000,-0.431619,4.287335,4.964899,-1.530567,-0.571437,-0.001110,-2.392203,0.396035
13.98000,-0.431619,4.287335,4.964899,-1.530567,-0.571437,-0.001110,-2.392203,0.396035
14.00000,-0.431619,4.287335,4.964899,-1.530567,-0.571437,-0.001110,-2.392203,0.396035
14.02000,-0.431619,4.287335,4.964899,-1.530567,-0.571437,-0.001110,-2.392203,0.396035
14.04000,-0.431619,4.287335,4.964899,-1.530567,-0.571437,-0.001110,-2.392203,0.396035
14.06000,-0.431619,4.287335,4.964899,-1.530567,-0.571437,-0.001110,-2.392203,0.396035
14.08000,-0.431619,4.287335,4.964899,-1.530567,-0.571437,-0.001110,-2.392203,0.396035
14.10000,-0.431619,4.287335,4.964899,-1.530567,-0.571437,-0.001110,-2.290272,0.408986
14.12000,-0.431619,4.287335,4.964899,-1.530567,-0.571437,-0.001110,-2.290272,0.408986
14.14000,-0.803465,4.125270,4.964922,-1.465928,-0.722312,-0.001229,-2.290272,0.408986
14.16000,-0.803465,4.125270,4.964922,-1.465928,-0.722312,-0.001229,-2.290272,0.408986
14.18000,-0.803465,4.125270,4.964922,-1.465928,-0.722312,-0.001229,-2.290272,0.408986
14.20000,-0.803465,4.125270,4.964922,-1.465928,-0.722312,-0.001229,-2.290272,0.408986
14.22000,-0.803465,4.125270,4.964922,-1.465928,-0.722312,-0.001229,-2.290272,0.408986
14.24000,-0.803465,4.125270,4.964922,-1.465928,-0.722312,-0.001229,-2.290272,0.408986
14.26000,-0.803465,4.125270,4.964922,-1.465928,-0.722312,-0.001229,-2.290272,0.408986
14.28000,-0.803465,4.125270,4.964922,-1.465928,-0.722312,-0.001229,-2.290272,0.408986
14.30000,-0.803465,4.125270,4.964922,-1.465928,-0.722312,-0.001229,-2.290272,0.408986
14.32000,-0.803465,4.125270,4.964922,-1.465928,-0.722312,-0.001229,-2.290272,0.408986
14.34000,-1.158697,3.925989,4.964939,-1.385092,-0.865214,-0.001034,-2.188416,0.400299
14.36000,-1.158697,3.925989,4.964939,-1.385092,-0.865214,-0.001034,-2.188416,0.400299
14.38000,-1.158697,3.925989,4.964939,-1.385092,-0.865214,-0.001034,-2.188416,0.400299
14.40000,-1.158697,3.925989,4.964939,-1.385092,-0.865214,-0.001034,-2.188416,0.400299
14.42000,-1.158697,3.925989,4.964939,-1.385092,-0.865214,-0.001034,-2.188416,0.400299
14.44000,-1.158697,3.925989,4.964939,-1.385092,-0.865214,-0.001034,-2.188416,0.400299
14.46000,-1.158697,3.925989,4.964939,-1.385092,-0.865214,-0.001034,-2.188416,0.400299
14.48000,-1.158697,3.925989,4.964939,-1.385092,-0.865214,-0.001034,-2.188416,0.400299
14.50000,-1.158697,3.925989,4.964939,-1.385092,-0.865214,-0.001034,-2.188416,0.400299
14.52000,-1.158697,3.925989,4.964939,-1.385092,-0.865214,-0.001034,-2.188416,0.400299
14.54000,-1.158697,3.925989,4.964939,-1.385092,-0.865214,-0.001034,-2.188416,0.400299
14.56000,-1.158697,3.925989,4.964939,-1.385092,-0.865214,-0.001034,-2.188416,0.400299
14.58000,-1.158697,3.925989,4.964939,-1.385092,-0.865214,-0.001034,-2.188416,0.400299
14.60000,-1.491000,3.692793,4.964937,-1.290367,-0.998508,-0.001022,-2.088925,0.395434
14.62000,-1.491000,3.692793,4.964937,-1.290367,-0.998508,-0.001022,-2.088925,0.395434
14.64000,-1.491000,3.692793,4.964937,-1.290367,-0.998508,-0.001022,-2.088925,0.395434
14.66000,-1.491000,3.692793,4.964937,-1.290367,-0.998508,-0.001022,-2.088925,0.395434
14.68000,-1.491000,3.692793,4.964937,-1.290367,-0.998508,-0.001022,-2.088925,0.395434
14.70000,-1.491000,3.692793,4.964937,-1.290367,-0.998508,-0.001022,-2.088925,0.395434
14.72000,-1.491000,3.692793,4.964937,-1.290367,-0.998508,-0.001022,-2.088925,0.395434
14.74000,-1.491000,3.692793,4.964937,-1.290367,-0.998508,-0.001022,-2.088925,0.395434
14.76000,-1.491000,3.692793,4.964937,-1.290367,-0.998508,-0.001022,-2.088925,0.395434
14.78000,-1.491000,3.692793,4.964937,-1.290367,-0.998508,-0.001022,-2.088925,0.395434
14.80000,-1.491000,3.692793,4.964937,-1.290367,-0.998508,-0.001022,-2.088925,0.395434
14.82000,-1.491000,3.692793,4.964937,-1.290367,-0.998508,-0.001022,-2.088925,0.395434
14.84000,-1.491000,3.692793,4.964937,-1.290367,-0.998508,-0.001022,-2.088925,0.395434
14.86000,-1.491000,3.692793,4.964937,-1.290367,-0.998508,-0.001022,-1.989509,0.379543
14.88000,-1.798177,3.427307,4.964662,-1.182020,-1.119649,-0.001153,-1.989509,0.379543
14.90000,-1.798177,3.427307,4.964662,-1.182020,-1.119649,-0.001153,-1.989509,0.379543
14.92000,-1.798177,3.427307,4.964662,-1.182020,-1.119649,-0.001153,-1.989509,0.379543
14.94000,-1.798177,3.427307,4.964662,-1.182020,-1.119649,-0.001153,-1.989509,0.379543
14.96000,-1.798177,3.427307,4.964662,-1.182020,-1.119649,-0.001153,-1.989509,0.379543
14.98000,-1.798177,3.427307,4.964662,-1.182020,-1.119649,-0.001153,-1.989509,0.379543
15.00000,-1.798177,3.427307,4.964662,-1.182020,-1.119649,-0.001153,-1.989509,0.379543
15.02000,-1.798177,3.427307,4.964662,-1.182020,-1.119649,-0.001153,-1.989509,0.379543
15.04000,-1.798177,3.427307,4.964662,-1.182020,-1.119649,-0.001153,-1.989509,0.379543
15.06000,-1.798177,3.427307,4.964662,-1.182020,-1.119649,-0.001153,-1.989509,0.379543
15.08000,-1.798177,3.427307,4.964662,-1.182020,-1.119649,-0.001153,-1.989509,0.379543
15.10000,-1.798177,3.427307,4.964662,-1.182020,-1.119649,-0.001153,-1.989509,0.379543
15.12000,-1.798177,3.427307,4.964662,-1.182020,-1.119649,-0.001153,-1.989509,0.379543
15.14000,-1.798177,3.427307,4.964662,-1.182020,-1.119649,-0.001153,-1.989509,0.379543
15.16000,-1.798177,3.427307,4.964662,-1.182020,-1.119649,-0.001153,-1.989509,0.379543
15.18000,-2.076368,3.134903,4.964136,-1.059676,-1.221581,-0.001105,-1.898940,0.379833
15.20000,-2.076368,3.134903,4.964136,-1.059676,-1.221581,-0.001105,-1.898940,0.379833
15.22000,-2.076368,3.134903,4.964136,-1.059676,-1.221581,-0.001105,-1.898940,0.379833
15.24000,-2.076368,3.134903,4.964136,-1.059676,-1.221581,-0.001105,-1.898940,0.379833
15.26000,-2.076368,3.134903,4.964136,-1.059676,-1.221581,-0.001105,-1.898940,0.379833
15.28000,-2.076368,3.134903,4.964136,-1.059676,-1.221581,-0.001105,-1.898940,0.379833
15.30000,-2.076368,3.134903,4.964136,-1.059676,-1.221581,-0.001105,-1.898940,0.379833
15.32000,-2.076368,3.134903,4.964136,-1.059676,-1.221581,-0.001105,-1.898940,0.379833
15.34000,-2.076368,3.134903,4.964136,-1.059676,-1.221581,-0.001105,-1.898940,0.379833
15.36000,-2.324013,2.814783,4.963559,-0.933909,-1.338424,-0.000558,-1.785255,0.463814
15.38000,-2.324013,2.814783,4.963559,-0.933909,-1.338424,-0.000558,-1.785255,0.463814
15.40000,-2.324013,2.814783,4.963559,-0.933909,-1.338424,-0.000558,-1.785255,0.463814
15.42000,-2.324013,2.814783,4.963559,-0.933909,-1.338424,-0.000558,-1.785255,0.463814
15.44000,-2.324013,2.814783,4.963559,-0.933909,-1.338424,-0.000558,-1.785255,0.463814
15.46000,-2.324013,2.814783,4.963559,-0.933909,-1.338424,-0.000558,-1.785255,0.463814
15.48000,-2.324013,2.814783,4.963559,-0.933909,-1.338424,-0.000558,-1.785255,0.463814
15.50000,-2.324013,2.814783,4.963559,-0.933909,-1.338424,-0.000558,-1.785255,0.463814
15.52000,-2.324013,2.814783,4.963559,-0.933909,-1.338424,-0.000558,-1.785255,0.463814
15.54000,-2.324013,2.814783,4.963559,-0.933909,-1.338424,-0.000558,-1.785255,0.463814
15.56000,-2.324013,2.814783,4.963559,-0.933909,-1.338424,-0.000558,-1.785255,0.463814
15.58000,-2.324013,2.814783,4.963559,-0.933909,-1.338424,-0.000558,-1.785255,0.463814
15.60000,-2.324013,2.814783,4.963559,-0.933909,-1.338424,-0.000558,-1.680091,0.381728
15.62000,-2.538513,2.470019,4.963202,-0.795350,-1.423712,0.000077,-1.680091,0.381728
15.64000,-2.538513,2.470019,4.963202,-0.795350,-1.423712,0.000077,-1.680091,0.381728
15.66000,-2.538513,2.470019,4.963202,-0.795350,-1.423712,0.000077,-1.680091,0.381728
15.68000,-2.538513,2.470019,4.963202,-0.795350,-1.423712,0.000077,-1.680091,0.381728
15.70000,-2.538513,2.470019,4.963202,-0.795350,-1.423712,0.000077,-1.680091,0.381728
15.73100,-2.538513,2.470019,4.963202,-0.795350,-1.423712,0.000077,-1.680091,0.381728
15.74700,-2.538513,2.470019,4.963202,-0.795350,-1.423712,0.000077,-1.680091,0.381728
15.77800,-2.538513,2.470019,4.963202,-0.795350,-1.423712,0.000077,-1.680091,0.381728
15.79400,-2.538513,2.470019,4.963202,-0.795350,-1.423712,0.000077,-1.680091,0.381728
15.82500,-2.538513,2.470019,4.963202,-0.795350,-1.423712,0.000077,-1.680091,0.381728
15.84100,-2.716366,2.106172,4.962977,-0.648637,-1.485842,0.000603,-1.590052,0.326778
15.87200,-2.716366,2.106172,4.962977,-0.648637,-1.485842,0.000603,-1.590052,0.326778
15.88800,-2.716366,2.106172,4.962977,-0.648637,-1.485842,0.000603,-1.590052,0.326778
15.91900,-2.716366,2.106172,4.962977,-0.648637,-1.485842,0.000603,-1.590052,0.326778
15.93400,-2.716366,2.106172,4.962977,-0.648637,-1.485842,0.000603,-1.590052,0.326778
15.95000,-2.716366,2.106172,4.962977,-0.648637,-1.485842,0.000603,-1.590052,0.326778
15.98100,-2.716366,2.106172,4.962977,-0.648637,-1.485842,0.000603,-1.590052,0.326778
15.99700,-2.716366,2.106172,4.962977,-0.648637,-1.485842,0.000603,-1.590052,0.326778
16.01300,-2.716366,2.106172,4.962977,-0.648637,-1.485842,0.000603,-1.590052,0.326778
16.04400,-2.716366,2.106172,4.962977,-0.648637,-1.485842,0.000603,-1.590052,0.326778
16.05900,-2.716366,2.106172,4.962977,-0.648637,-1.485842,0.000603,-1.590052,0.326778
16.07500,-2.716366,2.106172,4.962977,-0.648637,-1.485842,0.000603,-1.590052,0.326778
16.10600,-2.716366,2.106172,4.962977,-0.648637,-1.485842,0.000603,-1.542057,0.031547
16.12200,-2.856889,1.736503,4.962852,-0.502158,-1.446282,0.000856,-1.542057,0.031547
16.13800,-2.856889,1.736503,4.962852,-0.502158,-1.446282,0.000856,-1.542057,0.031547
16.16900,-2.856889,1.736503,4.962852,-0.502158,-1.446282,0.000856,-1.542057,0.031547
16.18400,-2.856889,1.736503,4.962852,-0.502158,-1.446282,0.000856,-1.542057,0.031547
16.20000,-2.856889,1.736503,4.962852,-0.502158,-1.446282,0.000856,-1.542057,0.031547
16.23100,-2.856889,1.736503,4.962852,-0.502158,-1.446282,0.000856,-1.542057,0.031547
16.24700,-2.856889,1.736503,4.962852,-0.502158,-1.446282,0.000856,-1.542057,0.031547
16.27800,-2.856889,1.736503,4.962852,-0.502158,-1.446282,0.000856,-1.542057,0.031547
16.30900,-2.856889,1.736503,4.962852,-0.502158,-1.446282,0.000856,-1.542057,0.031547
16.32500,-2.856889,1.736503,4.962852,-0.502158,-1.446282,0.000856,-1.542057,0.031547
16.34100,-2.962121,1.394062,4.962626,-0.364995,-1.271824,0.000297,-1.562651,-0.145730
16.37200,-2.962121,1.394062,4.962626,-0.364995,-1.271824,0.000297,-1.562651,-0.145730
16.38800,-2.962121,1.394062,4.962626,-0.364995,-1.271824,0.000297,-1.562651,-0.145730
16.40300,-2.962121,1.394062,4.962626,-0.364995,-1.271824,0.000297,-1.562651,-0.145730
16.43400,-2.962121,1.394062,4.962626,-0.364995,-1.271824,0.000297,-1.562651,-0.145730
16.45000,-2.962121,1.394062,4.962626,-0.364995,-1.271824,0.000297,-1.562651,-0.145730
16.48100,-2.962121,1.394062,4.962626,-0.364995,-1.271824,0.000297,-1.562651,-0.145730
16.49700,-2.962121,1.394062,4.962626,-0.364995,-1.271824,0.000297,-1.562651,-0.145730
16.52800,-2.962121,1.394062,4.962626,-0.364995,-1.271824,0.000297,-1.562651,-0.145730
16.54400,-2.962121,1.394062,4.962626,-0.364995,-1.271824,0.000297,-1.562651,-0.145730
16.57500,-2.962121,1.394062,4.962626,-0.364995,-1.271824,0.000297,-1.562651,-0.145730
16.59100,-2.962121,1.394062,4.962626,-0.364995,-1.271824,0.000297,-1.589826,-0.061810
16.60600,-3.035133,1.104812,4.962333,-0.247046,-1.033898,0.000387,-1.589826,-0.061810
16.63800,-3.035133,1.104812,4.962333,-0.247046,-1.033898,0.000387,-1.589826,-0.061810
16.65300,-3.035133,1.104812,4.962333,-0.247046,-1.033898,0.000387,-1.589826,-0.061810
16.66900,-3.035133,1.104812,4.962333,-0.247046,-1.033898,0.000387,-1.589826,-0.061810
16.70000,-3.035133,1.104812,4.962333,-0.247046,-1.033898,0.000387,-1.589826,-0.061810
16.71600,-3.035133,1.104812,4.962333,-0.247046,-1.033898,0.000387,-1.589826,-0.061810
16.73100,-3.035133,1.104812,4.962333,-0.247046,-1.033898,0.000387,-1.589826,-0.061810
16.76300,-3.035133,1.104812,4.962333,-0.247046,-1.033898,0.000387,-1.589826,-0.061810
16.77800,-3.035133,1.104812,4.962333,-0.247046,-1.033898,0.000387,-1.589826,-0.061810
16.79400,-3.035133,1.104812,4.962333,-0.247046,-1.033898,0.000387,-1.589826,-0.061810
16.82500,-3.035133,1.104812,4.962333,-0.247046,-1.033898,0.000387,-1.589826,-0.061810
16.84100,-3.035133,1.104812,4.962333,-0.247046,-1.033898,0.000387,-1.590083,0.034881
16.85600,-3.081826,0.875546,4.962140,-0.152859,-0.787455,0.001209,-1.590083,0.034881
16.88800,-3.081826,0.875546,4.962140,-0.152859,-0.787455,0.001209,-1.590083,0.034881
16.90300,-3.081826,0.875546,4.962140,-0.152859,-0.787455,0.001209,-1.590083,0.034881
16.91900,-3.081826,0.875546,4.962140,-0.152859,-0.787455,0.001209,-1.590083,0.034881
16.95000,-3.081826,0.875546,4.962140,-0.152859,-0.787455,0.001209,-1.590083,0.034881
16.96600,-3.081826,0.875546,4.962140,-0.152859,-0.787455,0.001209,-1.590083,0.034881
16.98100,-3.081826,0.875546,4.962140,-0.152859,-0.787455,0.001209,-1.590083,0.034881
17.01300,-3.081826,0.875546,4.962140,-0.152859,-0.787455,0.001209,-1.590083,0.034881
17.02800,-3.081826,0.875546,4.962140,-0.152859,-0.787455,0.001209,-1.590083,0.034881
17.04400,-3.081826,0.875546,4.962140,-0.152859,-0.787455,0.001209,-1.590083,0.034881
17.07500,-3.081826,0.875546,4.962140,-0.152859,-0.787455,0.001209,-1.590083,0.034881
17.09100,-3.108000,0.704888,4.962070,-0.082254,-0.562830,0.001818,-1.580309,0.031162
17.10600,-3.108000,0.704888,4.962070,-0.082254,-0.562830,0.001818,-1.580309,0.031162
17.13800,-3.108000,0.704888,4.962070,-0.082254,-0.562830,0.001818,-1.580309,0.031162
17.15300,-3.108000,0.704888,4.962070,-0.082254,-0.562830,0.001818,-1.580309,0.031162
17.16900,-3.108000,0.704888,4.962070,-0.082254,-0.562830,0.001818,-1.580309,0.031162
17.20000,-3.108000,0.704888,4.962070,-0.082254,-0.562830,0.001818,-1.580309,0.031162
17.21600,-3.108000,0.704888,4.962070,-0.082254,-0.562830,0.001818,-1.580309,0.031162
17.23100,-3.108000,0.704888,4.962070,-0.082254,-0.562830,0.001818,-1.580309,0.031162
17.26300,-3.108000,0.704888,4.962070,-0.082254,-0.562830,0.001818,-1.580309,0.031162
17.27800,-3.108000,0.704888,4.962070,-0.082254,-0.562830,0.001818,-1.580309,0.031162
17.29400,-3.108000,0.704888,4.962070,-0.082254,-0.562830,0.001818,-1.580309,0.031162
17.32500,-3.108000,0.704888,4.962070,-0.082254,-0.562830,0.001818,-1.580309,0.031162
17.34100,-3.108000,0.704888,4.962070,-0.082254,-0.562830,0.001818,-1.577927,-0.005371
17.37200,-3.108000,0.704888,4.962070,-0.082254,-0.562830,0.001818,-1.577927,-0.005371
17.38800,-3.119227,0.585998,4.962048,-0.032676,-0.374478,0.001815,-1.577927,-0.005371
17.41900,-3.119227,0.585998,4.962048,-0.032676,-0.374478,0.001815,-1.577927,-0.005371
17.43400,-3.119227,0.585998,4.962048,-0.032676,-0.374478,0.001815,-1.577927,-0.005371
17.45000,-3.119227,0.585998,4.962048,-0.032676,-0.374478,0.001815,-1.577927,-0.005371
17.48100,-3.119227,0.585998,4.962048,-0.032676,-0.374478,0.001815,-1.577927,-0.005371
17.49700,-3.119227,0.585998,4.962048,-0.032676,-0.374478,0.001815,-1.577927,-0.005371
17.51300,-3.119227,0.585998,4.962048,-0.032676,-0.374478,0.001815,-1.577927,-0.005371
17.54400,-3.119227,0.585998,4.962048,-0.032676,-0.374478,0.001815,-1.577927,-0.005371
17.55900,-3.119227,0.585998,4.962048,-0.032676,-0.374478,0.001815,-1.577927,-0.005371
17.57500,-3.119227,0.585998,4.962048,-0.032676,-0.374478,0.001815,-1.577927,-0.005371
17.60600,-3.119227,0.585998,4.962048,-0.032676,-0.374478,0.001815,-1.581237,-0.013655
17.62200,-3.120056,0.510290,4.962183,-0.000613,-0.226897,0.001886,-1.581237,-0.013655
17.63800,-3.120056,0.510290,4.962183,-0.000613,-0.226897,0.001886,-1.581237,-0.013655
17.65300,-3.120056,0.510290,4.962183,-0.000613,-0.226897,0.001886,-1.581237,-0.013655
17.68400,-3.120056,0.510290,4.962183,-0.000613,-0.226897,0.001886,-1.581237,-0.013655
17.70000,-3.120056,0.510290,4.962183,-0.000613,-0.226897,0.001886,-1.581237,-0.013655
17.71600,-3.120056,0.510290,4.962183,-0.000613,-0.226897,0.001886,-1.581237,-0.013655
17.74700,-3.120056,0.510290,4.962183,-0.000613,-0.226897,0.001886,-1.581237,-0.013655
17.76300,-3.120056,0.510290,4.962183,-0.000613,-0.226897,0.001886,-1.581237,-0.013655
17.77800,-3.120056,0.510290,4.962183,-0.000613,-0.226897,0.001886,-1.581237,-0.013655
17.80900,-3.120056,0.510290,4.962183,-0.000613,-0.226897,0.001886,-1.581237,-0.013655
17.82500,-3.120056,0.510290,4.962183,-0.000613,-0.226897,0.001886,-1.583253,-0.002140
17.84100,-3.114373,0.467989,4.962593,0.018101,-0.119254,0.001639,-1.583253,-0.002140
17.87200,-3.114373,0.467989,4.962593,0.018101,-0.119254,0.001639,-1.583253,-0.002140
17.88800,-3.114373,0.467989,4.962593,0.018101,-0.119254,0.001639,-1.583253,-0.002140
17.90300,-3.114373,0.467989,4.962593,0.018101,-0.119254,0.001639,-1.583253,-0.002140
17.93400,-3.114373,0.467989,4.962593,0.018101,-0.119254,0.001639,-1.583253,-0.002140
17.95000,-3.114373,0.467989,4.962593,0.018101,-0.119254,0.001639,-1.583253,-0.002140
17.96600,-3.114373,0.467989,4.962593,0.018101,-0.119254,0.001639,-1.583253,-0.002140
17.99700,-3.114373,0.467989,4.962593,0.018101,-0.119254,0.001639,-1.583253,-0.002140
18.01300,-3.114373,0.467989,4.962593,0.018101,-0.119254,0.001639,-1.583253,-0.002140
18.02800,-3.114373,0.467989,4.962593,0.018101,-0.119254,0.001639,-1.583253,-0.002140
18.05900,-3.114373,0.467989,4.962593,0.018101,-0.119254,0.001639,-1.583253,-0.002140
18.07500,-3.114373,0.467989,4.962593,0.018101,-0.119254,0.001639,-1.583253,-0.002140
18.10600,-3.103916,0.449697,4.962978,0.027753,-0.046021,0.000913,-1.582643,0.004561
18.12200,-3.103916,0.449697,4.962978,0.027753,-0.046021,0.000913,-1.582643,0.004561
18.13800,-3.103916,0.449697,4.962978,0.027753,-0.046021,0.000913,-1.582643,0.004561
18.16900,-3.103916,0.449697,4.962978,0.027753,-0.046021,0.000913,-1.582643,0.004561
18.18400,-3.103916,0.449697,4.962978,0.027753,-0.046021,0.000913,-1.582643,0.004561
18.20000,-3.103916,0.449697,4.962978,0.027753,-0.046021,0.000913,-1.582643,0.004561
18.23100,-3.103916,0.449697,4.962978,0.027753,-0.046021,0.000913,-1.582643,0.004561
18.24700,-3.103916,0.449697,4.962978,0.027753,-0.046021,0.000913,-1.582643,0.004561
18.26300,-3.103916,0.449697,4.962978,0.027753,-0.046021,0.000913,-1.582643,0.004561
18.29400,-3.103916,0.449697,4.962978,0.027753,-0.046021,0.000913,-1.582643,0.004561
18.30900,-3.103916,0.449697,4.962978,0.027753,-0.046021,0.000913,-1.582643,0.004561
18.32500,-3.103916,0.449697,4.962978,0.027753,-0.046021,0.000913,-1.581680,0.002116
18.35600,-3.103916,0.449697,4.962978,0.027753,-0.046021,0.000913,-1.581680,0.002116
18.37200,-3.091743,0.447370,4.963285,0.030395,-0.000362,0.000490,-1.581680,0.002116
18.38800,-3.091743,0.447370,4.963285,0.030395,-0.000362,0.000490,-1.581680,0.002116
18.41900,-3.091743,0.447370,4.963285,0.030395,-0.000362,0.000490,-1.581680,0.002116
18.43400,-3.091743,0.447370,4.963285,0.030395,-0.000362,0.000490,-1.581680,0.002116
18.45000,-3.091743,0.447370,4.963285,0.030395,-0.000362,0.000490,-1.581680,0.002116
18.48100,-3.091743,0.447370,4.963285,0.030395,-0.000362,0.000490,-1.581680,0.002116
18.49700,-3.091743,0.447370,4.963285,0.030395,-0.000362,0.000490,-1.581680,0.002116
18.51300,-3.091743,0.447370,4.963285,0.030395,-0.000362,0.000490,-1.581680,0.002116
18.54400,-3.091743,0.447370,4.963285,0.030395,-0.000362,0.000490,-1.581680,0.002116
18.55900,-3.091743,0.447370,4.963285,0.030395,-0.000362,0.000490,-1.581680,0.002116
18.57500,-3.091743,0.447370,4.963285,0.030395,-0.000362,0.000490,-1.581680,0.002116
18.60600,-3.091743,0.447370,4.963285,0.030395,-0.000362,0.000490,-1.581694,-0.001359
18.62200,-3.079659,0.454529,4.963408,0.028790,0.024337,0.000191,-1.581694,-0.001359
18.63800,-3.079659,0.454529,4.963408,0.028790,0.024337,0.000191,-1.581694,-0.001359
18.65300,-3.079659,0.454529,4.963408,0.028790,0.024337,0.000191,-1.581694,-0.001359
18.68400,-3.079659,0.454529,4.963408,0.028790,0.024337,0.000191,-1.581694,-0.001359
18.70000,-3.079659,0.454529,4.963408,0.028790,0.024337,0.000191,-1.581694,-0.001359
18.71600,-3.079659,0.454529,4.963408,0.028790,0.024337,0.000191,-1.581694,-0.001359
18.74700,-3.079659,0.454529,4.963408,0.028790,0.024337,0.000191,-1.581694,-0.001359
18.76300,-3.079659,0.454529,4.963408,0.028790,0.024337,0.000191,-1.581694,-0.001359
18.77800,-3.079659,0.454529,4.963408,0.028790,0.024337,0.000191,-1.581694,-0.001359
18.80900,-3.079659,0.454529,4.963408,0.028790,0.024337,0.000191,-1.581694,-0.001359
18.82500,-3.079659,0.454529,4.963408,0.028790,0.024337,0.000191,-1.581694,-0.001359
18.84100,-3.079659,0.454529,4.963408,0.028790,0.024337,0.000191,-1.581982,-0.001066
18.87200,-3.068007,0.466309,4.963196,0.025212,0.033958,0.000362,-1.581982,-0.001066
18.88800,-3.068007,0.466309,4.963196,0.025212,0.033958,0.000362,-1.581982,-0.001066
18.90300,-3.068007,0.466309,4.963196,0.025212,0.033958,0.000362,-1.581982,-0.001066
18.93400,-3.068007,0.466309,4.963196,0.025212,0.033958,0.000362,-1.581982,-0.001066
18.95000,-3.068007,0.466309,4.963196,0.025212,0.033958,0.000362,-1.581982,-0.001066
18.96600,-3.068007,0.466309,4.963196,0.025212,0.033958,0.000362,-1.581982,-0.001066
18.99700,-3.068007,0.466309,4.963196,0.025212,0.033958,0.000362,-1.581982,-0.001066
19.01300,-3.068007,0.466309,4.963196,0.025212,0.033958,0.000362,-1.581982,-0.001066
19.02800,-3.068007,0.466309,4.963196,0.025212,0.033958,0.000362,-1.581982,-0.001066
19.04400,-3.068007,0.466309,4.963196,0.025212,0.033958,0.000362,-1.581982,-0.001066
19.07500,-3.068007,0.466309,4.963196,0.025212,0.033958,0.000362,-1.581982,-0.001066
19.09100,-3.056685,0.481042,4.962894,0.020639,0.035782,0.000704,-1.582191,-0.000861
19.12200,-3.056685,0.481042,4.962894,0.020639,0.035782,0.000704,-1.582191,-0.000861
