t,x,y,z,vx,vy,vz,yaw,yaw_rate,x_sp,y_sp,z_sp,ex_L,ey_L
0.00000,-4.010798,0.720085,3.002492,-0.016852,0.020145,-0.000943,3.098447,-0.000861,-4.010798,0.720085,3.002492,0.000000,0.000000
0.02000,-4.010798,0.720085,3.002492,-0.016852,0.020145,-0.000943,3.098447,-0.000861,-4.007599,0.560128,3.002492,0.003200,-0.159957
0.04000,-4.010798,0.720085,3.002492,-0.016852,0.020145,-0.000943,3.098447,-0.000861,-3.998005,0.400427,3.002492,0.012793,-0.319659
0.06000,-4.010798,0.720085,3.002492,-0.016852,0.020145,-0.000943,3.098447,-0.000861,-3.982033,0.241237,3.002492,0.028765,-0.478849
0.08000,-4.010798,0.720085,3.002492,-0.016852,0.020145,-0.000943,3.098447,-0.000861,-3.959708,0.082813,3.002492,0.051091,-0.637273
0.10000,-4.010798,0.720085,3.002492,-0.016852,0.020145,-0.000943,3.098447,-0.000861,-3.931065,-0.074592,3.002492,0.079734,-0.794677
0.12000,-4.010798,0.720085,3.002492,-0.016852,0.020145,-0.000943,3.098447,-0.000861,-3.896150,-0.230725,3.002492,0.114648,-0.950811
0.14000,-4.010798,0.720085,3.002492,-0.016852,0.020145,-0.000943,3.098447,-0.000861,-3.855020,-0.385337,3.002492,0.155778,-1.105423
0.16000,-4.010798,0.720085,3.002492,-0.016852,0.020145,-0.000943,3.098447,-0.000861,-3.807740,-0.538181,3.002492,0.203058,-1.258266
0.18000,-4.010798,0.720085,3.002492,-0.016852,0.020145,-0.000943,3.098447,-0.000861,-3.754386,-0.689011,3.002492,0.256413,-1.409097
0.20000,-4.010798,0.720085,3.002492,-0.016852,0.020145,-0.000943,3.117310,0.280651,-3.695042,-0.837588,3.002492,0.315756,-1.557673
0.22000,-4.010476,0.717800,3.002566,-0.011551,-0.015958,-0.000586,3.117310,0.280651,-3.629805,-0.983672,3.002492,0.380671,-1.701472
0.24000,-4.010476,0.717800,3.002566,-0.011551,-0.015958,-0.000586,3.117310,0.280651,-3.558778,-1.127031,3.002492,0.451698,-1.844831
0.26000,-4.010476,0.717800,3.002566,-0.011551,-0.015958,-0.000586,3.117310,0.280651,-3.482075,-1.267435,3.002492,0.528401,-1.985235
0.28000,-4.010476,0.717800,3.002566,-0.011551,-0.015958,-0.000586,3.117310,0.280651,-3.399819,-1.404659,3.002492,0.610657,-2.122459
0.30000,-4.010476,0.717800,3.002566,-0.011551,-0.015958,-0.000586,3.117310,0.280651,-3.312141,-1.538484,3.002492,0.698335,-2.256285
0.32000,-4.010476,0.717800,3.002566,-0.011551,-0.015958,-0.000586,3.117310,0.280651,-3.219181,-1.668696,3.002492,0.791295,-2.386496
0.34000,-4.010476,0.717800,3.002566,-0.011551,-0.015958,-0.000586,3.117310,0.280651,-3.121089,-1.795087,3.002492,0.889387,-2.512887
0.36000,-4.010476,0.717800,3.002566,-0.011551,-0.015958,-0.000586,3.117310,0.280651,-3.018021,-1.917453,3.002492,0.992455,-2.635253
0.38000,-4.010476,0.717800,3.002566,-0.011551,-0.015958,-0.000586,3.117310,0.280651,-2.910142,-2.035600,3.002492,1.100334,-2.753400
0.40000,-4.010476,0.717800,3.002566,-0.011551,-0.015958,-0.000586,3.117310,0.280651,-2.797625,-2.149339,3.002492,1.212851,-2.867139
0.42000,-4.010476,0.717800,3.002566,-0.011551,-0.015958,-0.000586,3.117310,0.280651,-2.680650,-2.258487,3.002492,1.329826,-2.976287
0.44000,-4.010476,0.717800,3.002566,-0.011551,-0.015958,-0.000586,3.117310,0.280651,-2.559403,-2.362870,3.002492,1.451073,-3.080670
0.46000,-4.010476,0.717800,3.002566,-0.011551,-0.015958,-0.000586,-2.941465,1.351809,-2.434079,-2.462321,3.002492,1.576397,-3.180121
0.48000,-4.004062,0.677905,3.002461,0.047831,-0.313865,-0.003523,-2.941465,1.351809,-2.304878,-2.556681,3.002492,1.699183,-3.234585
0.50000,-4.004062,0.677905,3.002461,0.047831,-0.313865,-0.003523,-2.941465,1.351809,-2.172008,-2.645798,3.002492,1.832054,-3.323703
0.52000,-4.004062,0.677905,3.002461,0.047831,-0.313865,-0.003523,-2.941465,1.351809,-2.035679,-2.729531,3.002492,1.968382,-3.407436
0.54000,-4.004062,0.677905,3.002461,0.047831,-0.313865,-0.003523,-2.941465,1.351809,-1.896112,-2.807746,3.002492,2.107950,-3.485650
0.56000,-4.004062,0.677905,3.002461,0.047831,-0.313865,-0.003523,-2.941465,1.351809,-1.753528,-2.880316,3.002492,2.250533,-3.558221
0.58000,-4.004062,0.677905,3.002461,0.047831,-0.313865,-0.003523,-2.941465,1.351809,-1.608157,-2.947127,3.002492,2.395905,-3.625032
0.60000,-4.004062,0.677905,3.002461,0.047831,-0.313865,-0.003523,-2.941465,1.351809,-1.460229,-3.008071,3.002492,2.543832,-3.685975
0.62000,-4.004062,0.677905,3.002461,0.047831,-0.313865,-0.003523,-2.941465,1.351809,-1.309984,-3.063051,3.002492,2.694078,-3.740955
0.64000,-4.004062,0.677905,3.002461,0.047831,-0.313865,-0.003523,-2.941465,1.351809,-1.157659,-3.111978,3.002492,2.846402,-3.789883
0.66000,-4.004062,0.677905,3.002461,0.047831,-0.313865,-0.003523,-2.941465,1.351809,-1.003500,-3.154775,3.002492,3.000561,-3.832680
0.68000,-4.004062,0.677905,3.002461,0.047831,-0.313865,-0.003523,-2.941465,1.351809,-0.847753,-3.191373,3.002492,3.156309,-3.869278
0.70000,-4.004062,0.677905,3.002461,0.047831,-0.313865,-0.003523,-2.546258,1.508314,-0.690667,-3.221713,3.002492,3.313395,-3.899618
0.72000,-3.960456,0.530485,3.001779,0.318059,-0.842854,-0.003569,-2.546258,1.508314,-0.532493,-3.245748,3.002492,3.427963,-3.776233
0.74000,-3.960456,0.530485,3.001779,0.318059,-0.842854,-0.003569,-2.546258,1.508314,-0.373485,-3.263438,3.002492,3.586971,-3.793923
0.76000,-3.960456,0.530485,3.001779,0.318059,-0.842854,-0.003569,-2.546258,1.508314,-0.213896,-3.274755,3.002492,3.746560,-3.805240
0.78000,-3.960456,0.530485,3.001779,0.318059,-0.842854,-0.003569,-2.546258,1.508314,-0.053983,-3.279681,3.002492,3.906473,-3.810167
0.80000,-3.960456,0.530485,3.001779,0.318059,-0.842854,-0.003569,-2.546258,1.508314,0.106000,-3.278209,3.002492,4.066456,-3.808694
0.82000,-3.960456,0.530485,3.001779,0.318059,-0.842854,-0.003569,-2.546258,1.508314,0.265795,-3.270340,3.002492,4.226251,-3.800825
0.84000,-3.960456,0.530485,3.001779,0.318059,-0.842854,-0.003569,-2.546258,1.508314,0.425149,-3.256087,3.002492,4.385604,-3.786572
0.86000,-3.960456,0.530485,3.001779,0.318059,-0.842854,-0.003569,-2.546258,1.508314,0.583804,-3.235474,3.002492,4.544260,-3.765959
0.88000,-3.960456,0.530485,3.001779,0.318059,-0.842854,-0.003569,-2.546258,1.508314,0.741509,-3.208532,3.002492,4.701965,-3.739017
0.90000,-3.960456,0.530485,3.001779,0.318059,-0.842854,-0.003569,-2.546258,1.508314,0.898010,-3.175305,3.002492,4.858466,-3.705790
0.92000,-3.960456,0.530485,3.001779,0.318059,-0.842854,-0.003569,-2.546258,1.508314,1.053057,-3.135847,3.002492,5.013513,-3.666332
0.94000,-3.960456,0.530485,3.001779,0.318059,-0.842854,-0.003569,-2.546258,1.508314,1.206402,-3.090219,3.002492,5.166858,-3.620704
0.96000,-3.960456,0.530485,3.001779,0.318059,-0.842854,-0.003569,-2.205186,1.061112,1.357800,-3.038496,3.002492,5.318256,-3.568982
0.98000,-3.814142,0.264313,3.002069,0.855144,-1.245798,0.002295,-2.205186,1.061112,1.507009,-2.980761,3.002492,5.321150,-3.245073
1.00000,-3.814142,0.264313,3.002069,0.855144,-1.245798,0.002295,-2.205186,1.061112,1.653789,-2.917104,3.002492,5.467931,-3.181417
1.02000,-3.814142,0.264313,3.002069,0.855144,-1.245798,0.002295,-2.205186,1.061112,1.797906,-2.847629,3.002492,5.612048,-3.111942
1.04000,-3.814142,0.264313,3.002069,0.855144,-1.245798,0.002295,-2.205186,1.061112,1.939130,-2.772446,3.002492,5.753272,-3.036759
1.06000,-3.814142,0.264313,3.002069,0.855144,-1.245798,0.002295,-2.205186,1.061112,2.077234,-2.691676,3.002492,5.891376,-2.955989
1.08000,-3.814142,0.264313,3.002069,0.855144,-1.245798,0.002295,-2.205186,1.061112,2.211998,-2.605448,3.002492,6.026140,-2.869761
1.10000,-3.814142,0.264313,3.002069,0.855144,-1.245798,0.002295,-2.205186,1.061112,2.343206,-2.513900,3.002492,6.157348,-2.778213
1.12000,-3.814142,0.264313,3.002069,0.855144,-1.245798,0.002295,-2.205186,1.061112,2.470648,-2.417178,3.002492,6.284790,-2.681491
1.14000,-3.814142,0.264313,3.002069,0.855144,-1.245798,0.002295,-2.205186,1.061112,2.594120,-2.315437,3.002492,6.408262,-2.579750
1.16000,-3.814142,0.264313,3.002069,0.855144,-1.245798,0.002295,-2.205186,1.061112,2.713425,-2.208840,3.002492,6.527567,-2.473153
1.18000,-3.814142,0.264313,3.002069,0.855144,-1.245798,0.002295,-2.205186,1.061112,2.828372,-2.097558,3.002492,6.642514,-2.361870
1.20000,-3.814142,0.264313,3.002069,0.855144,-1.245798,0.002295,-1.948711,0.878144,2.938776,-1.981767,3.002492,6.752918,-2.246080
1.22000,-3.520033,-0.061551,3.003254,1.499677,-1.352687,0.004296,-1.948711,0.878144,3.044462,-1.861655,3.002492,6.564495,-1.800103
1.24000,-3.520033,-0.061551,3.003254,1.499677,-1.352687,0.004296,-1.948711,0.878144,3.145261,-1.737412,3.002492,6.665294,-1.675860
1.26000,-3.520033,-0.061551,3.003254,1.499677,-1.352687,0.004296,-1.948711,0.878144,3.241010,-1.609237,3.002492,6.761043,-1.547686
1.28000,-3.520033,-0.061551,3.003254,1.499677,-1.352687,0.004296,-1.948711,0.878144,3.331557,-1.477336,3.002492,6.851590,-1.415785
1.30000,-3.520033,-0.061551,3.003254,1.499677,-1.352687,0.004296,-1.948711,0.878144,3.416757,-1.341920,3.002492,6.936790,-1.280369
1.32000,-3.520033,-0.061551,3.003254,1.499677,-1.352687,0.004296,-1.948711,0.878144,3.496473,-1.203205,3.002492,7.016506,-1.141654
1.34000,-3.520033,-0.061551,3.003254,1.499677,-1.352687,0.004296,-1.948711,0.878144,3.570579,-1.061413,3.002492,7.090612,-0.999862
1.36000,-3.520033,-0.061551,3.003254,1.499677,-1.352687,0.004296,-1.948711,0.878144,3.638955,-0.916771,3.002492,7.158988,-0.855220
1.38000,-3.520033,-0.061551,3.003254,1.499677,-1.352687,0.004296,-1.948711,0.878144,3.701492,-0.769511,3.002492,7.221526,-0.707960
1.40000,-3.520033,-0.061551,3.003254,1.499677,-1.352687,0.004296,-1.948711,0.878144,3.758091,-0.619867,3.002492,7.278124,-0.558316
1.42000,-3.520033,-0.061551,3.003254,1.499677,-1.352687,0.004296,-1.948711,0.878144,3.808660,-0.468080,3.002492,7.328693,-0.406529
1.44000,-3.520033,-0.061551,3.003254,1.499677,-1.352687,0.004296,-1.689942,0.999460,3.853119,-0.314392,3.002492,7.373152,-0.252841
1.46000,-3.069160,-0.374462,3.004378,2.110139,-1.143165,0.003778,-1.689942,0.999460,3.891396,-0.159049,3.002492,6.960557,0.215413
1.48000,-3.069160,-0.374462,3.004378,2.110139,-1.143165,0.003778,-1.689942,0.999460,3.923431,-0.002300,3.002492,6.992591,0.372163
1.50000,-3.069160,-0.374462,3.004378,2.110139,-1.143165,0.003778,-1.689942,0.999460,3.949172,0.155605,3.002492,7.018332,0.530068
1.52000,-3.069160,-0.374462,3.004378,2.110139,-1.143165,0.003778,-1.689942,0.999460,3.968577,0.314413,3.002492,7.037738,0.688876
1.54000,-3.069160,-0.374462,3.004378,2.110139,-1.143165,0.003778,-1.689942,0.999460,3.981617,0.473871,3.002492,7.050777,0.848333
1.56000,-3.069160,-0.374462,3.004378,2.110139,-1.143165,0.003778,-1.689942,0.999460,3.988269,0.633722,3.002492,7.057430,1.008184
1.58000,-3.069160,-0.374462,3.004378,2.110139,-1.143165,0.003778,-1.689942,0.999460,3.988524,0.793711,3.002492,7.057684,1.168173
1.60000,-3.069160,-0.374462,3.004378,2.110139,-1.143165,0.003778,-1.689942,0.999460,3.982381,0.953582,3.002492,7.051541,1.328044
1.62000,-3.069160,-0.374462,3.004378,2.110139,-1.143165,0.003778,-1.689942,0.999460,3.969849,1.113080,3.002492,7.039010,1.487542
1.64000,-3.069160,-0.374462,3.004378,2.110139,-1.143165,0.003778,-1.689942,0.999460,3.950949,1.271949,3.002492,7.020110,1.646411
1.66000,-3.069160,-0.374462,3.004378,2.110139,-1.143165,0.003778,-1.689942,0.999460,3.925712,1.429935,3.002492,6.994872,1.804397
1.68000,-3.069160,-0.374462,3.004378,2.110139,-1.143165,0.003778,-1.689942,0.999460,3.894177,1.586786,3.002492,6.963337,1.961248
1.70000,-3.069160,-0.374462,3.004378,2.110139,-1.143165,0.003778,-1.403158,1.097839,3.856394,1.742250,3.002492,6.925555,2.116712
1.72000,-2.487442,-0.601148,3.005111,2.542889,-0.656373,0.002127,-1.403158,1.097839,3.812425,1.896079,3.002492,6.299868,2.497227
1.74000,-2.487442,-0.601148,3.005111,2.542889,-0.656373,0.002127,-1.403158,1.097839,3.762340,2.048026,3.002492,6.249782,2.649175
1.76000,-2.487442,-0.601148,3.005111,2.542889,-0.656373,0.002127,-1.403158,1.097839,3.706218,2.197849,3.002492,6.193661,2.798998
1.78000,-2.487442,-0.601148,3.005111,2.542889,-0.656373,0.002127,-1.403158,1.097839,3.644150,2.345308,3.002492,6.131593,2.946457
1.80000,-2.487442,-0.601148,3.005111,2.542889,-0.656373,0.002127,-1.403158,1.097839,3.576235,2.490167,3.002492,6.063678,3.091316
1.82000,-2.487442,-0.601148,3.005111,2.542889,-0.656373,0.002127,-1.403158,1.097839,3.502582,2.632194,3.002492,5.990024,3.233343
1.84000,-2.487442,-0.601148,3.005111,2.542889,-0.656373,0.002127,-1.403158,1.097839,3.423307,2.771163,3.002492,5.910750,3.372311
1.86000,-2.487442,-0.601148,3.005111,2.542889,-0.656373,0.002127,-1.403158,1.097839,3.338539,2.906850,3.002492,5.825982,3.507998
1.88000,-2.487442,-0.601148,3.005111,2.542889,-0.656373,0.002127,-1.403158,1.097839,3.248413,3.039038,3.002492,5.735855,3.640187
1.90000,-2.487442,-0.601148,3.005111,2.542889,-0.656373,0.002127,-1.403158,1.097839,3.153072,3.167517,3.002492,5.640515,3.768665
1.92000,-2.487442,-0.601148,3.005111,2.542889,-0.656373,0.002127,-1.403158,1.097839,3.052670,3.292080,3.002492,5.540113,3.893229
1.94000,-2.487442,-0.601148,3.005111,2.542889,-0.656373,0.002127,-1.403158,1.097839,2.947368,3.412529,3.002492,5.434810,4.013678
1.96000,-2.487442,-0.601148,3.005111,2.542889,-0.656373,0.002127,-1.116238,1.076892,2.837332,3.528671,3.002492,5.324775,4.129819
1.98000,-1.824672,-0.689715,3.005278,2.749485,-0.028050,0.000250,-1.116238,1.076892,2.722741,3.640319,3.002492,4.547413,4.330033
2.00000,-1.824672,-0.689715,3.005278,2.749485,-0.028050,0.000250,-1.116238,1.076892,2.603776,3.747295,3.002492,4.428448,4.437010
2.02000,-1.824672,-0.689715,3.005278,2.749485,-0.028050,0.000250,-1.116238,1.076892,2.480629,3.849429,3.002492,4.305301,4.539144
2.04000,-1.824672,-0.689715,3.005278,2.749485,-0.028050,0.000250,-1.116238,1.076892,2.353495,3.946556,3.002492,4.178167,4.636271
2.06000,-1.824672,-0.689715,3.005278,2.749485,-0.028050,0.000250,-1.116238,1.076892,2.222580,4.038522,3.002492,4.047252,4.728237
2.08000,-1.824672,-0.689715,3.005278,2.749485,-0.028050,0.000250,-1.116238,1.076892,2.088091,4.125179,3.002492,3.912763,4.814894
2.10000,-1.824672,-0.689715,3.005278,2.749485,-0.028050,0.000250,-1.116238,1.076892,1.950245,4.206389,3.002492,3.774917,4.896103
2.12000,-1.824672,-0.689715,3.005278,2.749485,-0.028050,0.000250,-1.116238,1.076892,1.809261,4.282021,3.002492,3.633933,4.971735
2.14000,-1.824672,-0.689715,3.005278,2.749485,-0.028050,0.000250,-1.116238,1.076892,1.665366,4.351954,3.002492,3.490038,5.041669
2.16000,-1.824672,-0.689715,3.005278,2.749485,-0.028050,0.000250,-1.116238,1.076892,1.518789,4.416078,3.002492,3.343461,5.105793
2.18000,-1.824672,-0.689715,3.005278,2.749485,-0.028050,0.000250,-1.116238,1.076892,1.369765,4.474289,3.002492,3.194438,5.164003
2.20000,-1.824672,-0.689715,3.005278,2.749485,-0.028050,0.000250,-1.116238,1.076892,1.218533,4.526494,3.002492,3.043205,5.216208
2.22000,-1.824672,-0.689715,3.005278,2.749485,-0.028050,0.000250,-0.839415,1.035496,1.065334,4.572609,3.002492,2.890006,5.262324
2.24000,-1.142959,-0.621224,3.005050,2.697901,0.619545,-0.000890,-0.839415,1.035496,0.910413,4.612561,3.002492,2.053372,5.233785
2.26000,-1.142959,-0.621224,3.005050,2.697901,0.619545,-0.000890,-0.839415,1.035496,0.754019,4.646286,3.002492,1.896978,5.267511
2.28000,-1.142959,-0.621224,3.005050,2.697901,0.619545,-0.000890,-0.839415,1.035496,0.596401,4.673730,3.002492,1.739360,5.294955
2.30000,-1.142959,-0.621224,3.005050,2.697901,0.619545,-0.000890,-0.839415,1.035496,0.437812,4.694849,3.002492,1.580771,5.316074
2.32000,-1.142959,-0.621224,3.005050,2.697901,0.619545,-0.000890,-0.839415,1.035496,0.278505,4.709610,3.002492,1.421464,5.330834
2.34000,-1.142959,-0.621224,3.005050,2.697901,0.619545,-0.000890,-0.839415,1.035496,0.118735,4.717988,3.002492,1.261694,5.339212
2.36000,-1.142959,-0.621224,3.005050,2.697901,0.619545,-0.000890,-0.839415,1.035496,-0.041242,4.719970,3.002492,1.101717,5.341194
2.38000,-1.142959,-0.621224,3.005050,2.697901,0.619545,-0.000890,-0.839415,1.035496,-0.201171,4.715553,3.002492,0.941788,5.336777
2.40000,-1.142959,-0.621224,3.005050,2.697901,0.619545,-0.000890,-0.839415,1.035496,-0.360794,4.704744,3.002492,0.782165,5.325968
2.42000,-1.142959,-0.621224,3.005050,2.697901,0.619545,-0.000890,-0.839415,1.035496,-0.519858,4.687560,3.002492,0.623101,5.308785
2.44000,-1.142959,-0.621224,3.005050,2.697901,0.619545,-0.000890,-0.570257,1.034051,-0.678108,4.664030,3.002492,0.464851,5.285254
2.46000,-0.508733,-0.402566,3.004581,2.364077,1.177181,-0.002091,-0.570257,1.034051,-0.835290,4.634190,3.002492,-0.326557,5.036756
2.48000,-0.508733,-0.402566,3.004581,2.364077,1.177181,-0.002091,-0.570257,1.034051,-0.991153,4.598088,3.002492,-0.482420,5.000655
2.50000,-0.508733,-0.402566,3.004581,2.364077,1.177181,-0.002091,-0.570257,1.034051,-1.145447,4.555783,3.002492,-0.636714,4.958349
2.52000,-0.508733,-0.402566,3.004581,2.364077,1.177181,-0.002091,-0.570257,1.034051,-1.297927,4.507341,3.002492,-0.789194,4.909907
2.54000,-0.508733,-0.402566,3.004581,2.364077,1.177181,-0.002091,-0.570257,1.034051,-1.448347,4.452840,3.002492,-0.939614,4.855406
2.56000,-0.508733,-0.402566,3.004581,2.364077,1.177181,-0.002091,-0.570257,1.034051,-1.596467,4.392367,3.002492,-1.087734,4.794934
2.58000,-0.508733,-0.402566,3.004581,2.364077,1.177181,-0.002091,-0.570257,1.034051,-1.742051,4.326020,3.002492,-1.233318,4.728586
2.60000,-0.508733,-0.402566,3.004581,2.364077,1.177181,-0.002091,-0.570257,1.034051,-1.884865,4.253904,3.002492,-1.376132,4.656470
2.62000,-0.508733,-0.402566,3.004581,2.364077,1.177181,-0.002091,-0.570257,1.034051,-2.024681,4.176135,3.002492,-1.515948,4.578701
2.64000,-0.508733,-0.402566,3.004581,2.364077,1.177181,-0.002091,-0.570257,1.034051,-2.161275,4.092836,3.002492,-1.652542,4.495403
2.66000,-0.508733,-0.402566,3.004581,2.364077,1.177181,-0.002091,-0.570257,1.034051,-2.294429,4.004142,3.002492,-1.785696,4.406709
2.68000,-0.508733,-0.402566,3.004581,2.364077,1.177181,-0.002091,-0.300889,1.049095,-2.423930,3.910195,3.002492,-1.915197,4.312761
2.70000,-0.508733,-0.402566,3.004581,2.364077,1.177181,-0.002091,-0.300889,1.049095,-2.549570,3.811143,3.002492,-2.040837,4.213710
2.72000,0.017823,-0.068697,3.003931,1.827849,1.540398,-0.002752,-0.300889,1.049095,-2.671149,3.707147,3.002492,-2.688972,3.775844
2.74000,0.017823,-0.068697,3.003931,1.827849,1.540398,-0.002752,-0.300889,1.049095,-2.788471,3.598372,3.002492,-2.806294,3.667069
2.76000,0.017823,-0.068697,3.003931,1.827849,1.540398,-0.002752,-0.300889,1.049095,-2.901350,3.484993,3.002492,-2.919173,3.553690
2.78000,0.017823,-0.068697,3.003931,1.827849,1.540398,-0.002752,-0.300889,1.049095,-3.009605,3.367190,3.002492,-3.027428,3.435887
2.80000,0.017823,-0.068697,3.003931,1.827849,1.540398,-0.002752,-0.300889,1.049095,-3.113062,3.245152,3.002492,-3.130885,3.313849
2.82000,0.017823,-0.068697,3.003931,1.827849,1.540398,-0.002752,-0.300889,1.049095,-3.211556,3.119075,3.002492,-3.229379,3.187772
2.84000,0.017823,-0.068697,3.003931,1.827849,1.540398,-0.002752,-0.300889,1.049095,-3.304930,2.989160,3.002492,-3.322753,3.057857
2.86000,0.017823,-0.068697,3.003931,1.827849,1.540398,-0.002752,-0.300889,1.049095,-3.393034,2.855615,3.002492,-3.410857,2.924312
2.88000,0.017823,-0.068697,3.003931,1.827849,1.540398,-0.002752,-0.300889,1.049095,-3.475727,2.718653,3.002492,-3.493550,2.787350
2.90000,0.017823,-0.068697,3.003931,1.827849,1.540398,-0.002752,-0.300889,1.049095,-3.552877,2.578494,3.002492,-3.570700,2.647191
2.92000,0.017823,-0.068697,3.003931,1.827849,1.540398,-0.002752,-0.300889,1.049095,-3.624360,2.435362,3.002492,-3.642183,2.504059
2.94000,0.017823,-0.068697,3.003931,1.827849,1.540398,-0.002752,-0.030211,1.054287,-3.690062,2.289486,3.002492,-3.707885,2.358183
2.96000,0.397588,0.320838,3.003320,1.187046,1.612699,-0.002908,-0.030211,1.054287,-3.749878,2.141100,3.002492,-4.147466,1.820261
2.98000,0.397588,0.320838,3.003320,1.187046,1.612699,-0.002908,-0.030211,1.054287,-3.803713,1.990440,3.002492,-4.201301,1.669602
3.00000,0.397588,0.320838,3.003320,1.187046,1.612699,-0.002908,-0.030211,1.054287,-3.851480,1.837747,3.002492,-4.249067,1.516909
3.02000,0.397588,0.320838,3.003320,1.187046,1.612699,-0.002908,-0.030211,1.054287,-3.893102,1.683267,3.002492,-4.290690,1.362429
3.04000,0.397588,0.320838,3.003320,1.187046,1.612699,-0.002908,-0.030211,1.054287,-3.928514,1.527246,3.002492,-4.326101,1.206408
3.06000,0.397588,0.320838,3.003320,1.187046,1.612699,-0.002908,-0.030211,1.054287,-3.957658,1.369934,3.002492,-4.355246,1.049095
3.08000,0.397588,0.320838,3.003320,1.187046,1.612699,-0.002908,-0.030211,1.054287,-3.980488,1.211581,3.002492,-4.378075,0.890743
3.10000,0.397588,0.320838,3.003320,1.187046,1.612699,-0.002908,-0.030211,1.054287,-3.996967,1.052443,3.002492,-4.394555,0.731605
3.14000,0.397588,0.320838,3.003320,1.187046,1.612699,-0.002908,-0.030211,1.054287,-4.007069,0.892773,3.002492,-4.404657,0.571935
3.17100,0.397588,0.320838,3.003320,1.187046,1.612699,-0.002908,-0.030211,1.054287,-4.007069,0.892773,3.002492,-4.404657,0.571935
3.18700,0.397588,0.320838,3.003320,1.187046,1.612699,-0.002908,-0.030211,1.054287,-4.007069,0.892773,3.002492,-4.404657,0.571935
3.20200,0.397588,0.320838,3.003320,1.187046,1.612699,-0.002908,-0.030211,1.054287,-4.007069,0.892773,3.002492,-4.404657,0.571935
3.23400,0.397588,0.320838,3.003320,1.187046,1.612699,-0.002908,0.239958,1.047553,-4.007069,0.892773,3.002492,-4.404657,0.571935
3.24900,0.623711,0.688392,3.002759,0.592620,1.360759,-0.002395,0.239958,1.047553,-4.007069,0.892773,3.002492,-4.630780,0.204381
3.26500,0.623711,0.688392,3.002759,0.592620,1.360759,-0.002395,0.239958,1.047553,-4.007069,0.892773,3.002492,-4.630780,0.204381
3.29600,0.623711,0.688392,3.002759,0.592620,1.360759,-0.002395,0.239958,1.047553,-4.007069,0.892773,3.002492,-4.630780,0.204381
3.31200,0.623711,0.688392,3.002759,0.592620,1.360759,-0.002395,0.239958,1.047553,-4.007069,0.892773,3.002492,-4.630780,0.204381
3.32700,0.623711,0.688392,3.002759,0.592620,1.360759,-0.002395,0.239958,1.047553,-4.007069,0.892773,3.002492,-4.630780,0.204381
3.35900,0.623711,0.688392,3.002759,0.592620,1.360759,-0.002395,0.239958,1.047553,-4.007069,0.892773,3.002492,-4.630780,0.204381
3.37400,0.623711,0.688392,3.002759,0.592620,1.360759,-0.002395,0.239958,1.047553,-4.007069,0.892773,3.002492,-4.630780,0.204381
3.39000,0.623711,0.688392,3.002759,0.592620,1.360759,-0.002395,0.239958,1.047553,-4.007069,0.892773,3.002492,-4.630780,0.204381
3.42100,0.623711,0.688392,3.002759,0.592620,1.360759,-0.002395,0.239958,1.047553,-4.007069,0.892773,3.002492,-4.630780,0.204381
3.43700,0.623711,0.688392,3.002759,0.592620,1.360759,-0.002395,0.239958,1.047553,-4.007069,0.892773,3.002492,-4.630780,0.204381
3.45200,0.623711,0.688392,3.002759,0.592620,1.360759,-0.002395,0.507430,1.044147,-4.007069,0.892773,3.002492,-4.630780,0.204381
3.48400,0.623711,0.688392,3.002759,0.592620,1.360759,-0.002395,0.507430,1.044147,-4.007069,0.892773,3.002492,-4.630780,0.204381
3.49900,0.719434,0.966028,3.002301,0.118307,0.910166,-0.001768,0.507430,1.044147,-4.007069,0.892773,3.002492,-4.726503,-0.073255
3.51500,0.719434,0.966028,3.002301,0.118307,0.910166,-0.001768,0.507430,1.044147,-4.007069,0.892773,3.002492,-4.726503,-0.073255
3.54600,0.719434,0.966028,3.002301,0.118307,0.910166,-0.001768,0.507430,1.044147,-4.007069,0.892773,3.002492,-4.726503,-0.073255
3.56200,0.719434,0.966028,3.002301,0.118307,0.910166,-0.001768,0.507430,1.044147,-4.007069,0.892773,3.002492,-4.726503,-0.073255
3.57700,0.719434,0.966028,3.002301,0.118307,0.910166,-0.001768,0.507430,1.044147,-4.007069,0.892773,3.002492,-4.726503,-0.073255
3.60900,0.719434,0.966028,3.002301,0.118307,0.910166,-0.001768,0.507430,1.044147,-4.007069,0.892773,3.002492,-4.726503,-0.073255
3.62400,0.719434,0.966028,3.002301,0.118307,0.910166,-0.001768,0.507430,1.044147,-4.007069,0.892773,3.002492,-4.726503,-0.073255
3.64000,0.719434,0.966028,3.002301,0.118307,0.910166,-0.001768,0.507430,1.044147,-4.007069,0.892773,3.002492,-4.726503,-0.073255
3.67100,0.719434,0.966028,3.002301,0.118307,0.910166,-0.001768,0.507430,1.044147,-4.007069,0.892773,3.002492,-4.726503,-0.073255
3.68700,0.719434,0.966028,3.002301,0.118307,0.910166,-0.001768,0.507430,1.044147,-4.007069,0.892773,3.002492,-4.726503,-0.073255
3.70200,0.719434,0.966028,3.002301,0.118307,0.910166,-0.001768,0.507430,1.044147,-4.007069,0.892773,3.002492,-4.726503,-0.073255
3.73400,0.719434,0.966028,3.002301,0.118307,0.910166,-0.001768,0.776561,1.047075,-4.007069,0.892773,3.002492,-4.726503,-0.073255
3.74900,0.692343,1.143803,3.001981,-0.399460,0.548468,-0.000801,0.776561,1.047075,-4.007069,0.892773,3.002492,-4.699412,-0.251030
3.76500,0.692343,1.143803,3.001981,-0.399460,0.548468,-0.000801,0.776561,1.047075,-4.007069,0.892773,3.002492,-4.699412,-0.251030
3.79600,0.692343,1.143803,3.001981,-0.399460,0.548468,-0.000801,0.776561,1.047075,-4.007069,0.892773,3.002492,-4.699412,-0.251030
3.81200,0.692343,1.143803,3.001981,-0.399460,0.548468,-0.000801,0.776561,1.047075,-4.007069,0.892773,3.002492,-4.699412,-0.251030
3.82700,0.692343,1.143803,3.001981,-0.399460,0.548468,-0.000801,0.776561,1.047075,-4.007069,0.892773,3.002492,-4.699412,-0.251030
3.85900,0.692343,1.143803,3.001981,-0.399460,0.548468,-0.000801,0.776561,1.047075,-4.007069,0.892773,3.002492,-4.699412,-0.251030
3.87400,0.692343,1.143803,3.001981,-0.399460,0.548468,-0.000801,0.776561,1.047075,-4.007069,0.892773,3.002492,-4.699412,-0.251030
3.89000,0.692343,1.143803,3.001981,-0.399460,0.548468,-0.000801,0.776561,1.047075,-4.007069,0.892773,3.002492,-4.699412,-0.251030
3.92100,0.692343,1.143803,3.001981,-0.399460,0.548468,-0.000801,0.776561,1.047075,-4.007069,0.892773,3.002492,-4.699412,-0.251030
3.93700,0.692343,1.143803,3.001981,-0.399460,0.548468,-0.000801,0.776561,1.047075,-4.007069,0.892773,3.002492,-4.699412,-0.251030
3.95200,0.692343,1.143803,3.001981,-0.399460,0.548468,-0.000801,1.043541,1.048644,-4.007069,0.892773,3.002492,-4.699412,-0.251030
3.98400,0.527555,1.247807,3.001713,-0.967751,0.285037,-0.000161,1.043541,1.048644,-4.007069,0.892773,3.002492,-4.534625,-0.355034
3.99900,0.527555,1.247807,3.001713,-0.967751,0.285037,-0.000161,1.043541,1.048644,-4.007069,0.892773,3.002492,-4.534625,-0.355034
4.01500,0.527555,1.247807,3.001713,-0.967751,0.285037,-0.000161,1.043541,1.048644,-4.007069,0.892773,3.002492,-4.534625,-0.355034
4.04600,0.527555,1.247807,3.001713,-0.967751,0.285037,-0.000161,1.043541,1.048644,-4.007069,0.892773,3.002492,-4.534625,-0.355034
4.06200,0.527555,1.247807,3.001713,-0.967751,0.285037,-0.000161,1.043541,1.048644,-4.007069,0.892773,3.002492,-4.534625,-0.355034
4.07700,0.527555,1.247807,3.001713,-0.967751,0.285037,-0.000161,1.043541,1.048644,-4.007069,0.892773,3.002492,-4.534625,-0.355034
4.10900,0.527555,1.247807,3.001713,-0.967751,0.285037,-0.000161,1.043541,1.048644,-4.007069,0.892773,3.002492,-4.534625,-0.355034
4.12400,0.527555,1.247807,3.001713,-0.967751,0.285037,-0.000161,1.043541,1.048644,-4.007069,0.892773,3.002492,-4.534625,-0.355034
4.14000,0.527555,1.247807,3.001713,-0.967751,0.285037,-0.000161,1.043541,1.048644,-4.007069,0.892773,3.002492,-4.534625,-0.355034
4.17100,0.527555,1.247807,3.001713,-0.967751,0.285037,-0.000161,1.043541,1.048644,-4.007069,0.892773,3.002492,-4.534625,-0.355034
4.18700,0.527555,1.247807,3.001713,-0.967751,0.285037,-0.000161,1.043541,1.048644,-4.007069,0.892773,3.002492,-4.534625,-0.355034
4.20200,0.527555,1.247807,3.001713,-0.967751,0.285037,-0.000161,1.043541,1.048644,-4.007069,0.892773,3.002492,-4.534625,-0.355034
4.23400,0.527555,1.247807,3.001713,-0.967751,0.285037,-0.000161,1.302396,1.045940,-4.007069,0.892773,3.002492,-4.534625,-0.355034
4.24900,0.220145,1.292814,3.001653,-1.550040,0.079144,0.000562,1.302396,1.045940,-4.007069,0.892773,3.002492,-4.227214,-0.400041
4.26500,0.220145,1.292814,3.001653,-1.550040,0.079144,0.000562,1.302396,1.045940,-4.007069,0.892773,3.002492,-4.227214,-0.400041
4.29600,0.220145,1.292814,3.001653,-1.550040,0.079144,0.000562,1.302396,1.045940,-4.007069,0.892773,3.002492,-4.227214,-0.400041
4.31200,0.220145,1.292814,3.001653,-1.550040,0.079144,0.000562,1.302396,1.045940,-4.007069,0.892773,3.002492,-4.227214,-0.400041
4.32700,0.220145,1.292814,3.001653,-1.550040,0.079144,0.000562,1.302396,1.045940,-4.007069,0.892773,3.002492,-4.227214,-0.400041
4.35900,0.220145,1.292814,3.001653,-1.550040,0.079144,0.000562,1.302396,1.045940,-4.007069,0.892773,3.002492,-4.227214,-0.400041
4.37400,0.220145,1.292814,3.001653,-1.550040,0.079144,0.000562,1.302396,1.045940,-4.007069,0.892773,3.002492,-4.227214,-0.400041
4.39000,0.220145,1.292814,3.001653,-1.550040,0.079144,0.000562,1.302396,1.045940,-4.007069,0.892773,3.002492,-4.227214,-0.400041
4.42100,0.220145,1.292814,3.001653,-1.550040,0.079144,0.000562,1.302396,1.045940,-4.007069,0.892773,3.002492,-4.227214,-0.400041
4.43700,0.220145,1.292814,3.001653,-1.550040,0.079144,0.000562,1.302396,1.045940,-4.007069,0.892773,3.002492,-4.227214,-0.400041
4.45200,0.220145,1.292814,3.001653,-1.550040,0.079144,0.000562,1.551717,1.045455,-4.007069,0.892773,3.002492,-4.227214,-0.400041
4.48400,-0.231581,1.289715,3.002240,-2.089318,-0.080001,0.005350,1.551717,1.045455,-4.007069,0.892773,3.002492,-3.775488,-0.396942
4.49900,-0.231581,1.289715,3.002240,-2.089318,-0.080001,0.005350,1.551717,1.045455,-4.007069,0.892773,3.002492,-3.775488,-0.396942
4.51500,-0.231581,1.289715,3.002240,-2.089318,-0.080001,0.005350,1.551717,1.045455,-4.007069,0.892773,3.002492,-3.775488,-0.396942
4.54600,-0.231581,1.289715,3.002240,-2.089318,-0.080001,0.005350,1.551717,1.045455,-4.007069,0.892773,3.002492,-3.775488,-0.396942
4.56200,-0.231581,1.289715,3.002240,-2.089318,-0.080001,0.005350,1.551717,1.045455,-4.007069,0.892773,3.002492,-3.775488,-0.396942
4.57700,-0.231581,1.289715,3.002240,-2.089318,-0.080001,0.005350,1.551717,1.045455,-4.007069,0.892773,3.002492,-3.775488,-0.396942
4.60900,-0.231581,1.289715,3.002240,-2.089318,-0.080001,0.005350,1.551717,1.045455,-4.007069,0.892773,3.002492,-3.775488,-0.396942
4.62400,-0.231581,1.289715,3.002240,-2.089318,-0.080001,0.005350,1.551717,1.045455,-4.007069,0.892773,3.002492,-3.775488,-0.396942
4.64000,-0.231581,1.289715,3.002240,-2.089318,-0.080001,0.005350,1.551717,1.045455,-4.007069,0.892773,3.002492,-3.775488,-0.396942
4.67100,-0.231581,1.289715,3.002240,-2.089318,-0.080001,0.005350,1.551717,1.045455,-4.007069,0.892773,3.002492,-3.775488,-0.396942
4.68700,-0.231581,1.289715,3.002240,-2.089318,-0.080001,0.005350,1.551717,1.045455,-4.007069,0.892773,3.002492,-3.775488,-0.396942
4.70200,-0.231581,1.289715,3.002240,-2.089318,-0.080001,0.005350,1.551717,1.045455,-4.007069,0.892773,3.002492,-3.775488,-0.396942
4.73400,-0.231581,1.289715,3.002240,-2.089318,-0.080001,0.005350,1.807087,1.046450,-4.007069,0.892773,3.002492,-3.775488,-0.396942
4.74900,-0.785776,1.253233,3.004035,-2.343863,-0.167372,0.006506,1.807087,1.046450,-4.007069,0.892773,3.002492,-3.221293,-0.360460
4.76500,-0.785776,1.253233,3.004035,-2.343863,-0.167372,0.006506,1.807087,1.046450,-4.007069,0.892773,3.002492,-3.221293,-0.360460
4.79600,-0.785776,1.253233,3.004035,-2.343863,-0.167372,0.006506,1.807087,1.046450,-4.007069,0.892773,3.002492,-3.221293,-0.360460
4.81200,-0.785776,1.253233,3.004035,-2.343863,-0.167372,0.006506,1.807087,1.046450,-4.007069,0.892773,3.002492,-3.221293,-0.360460
4.82700,-0.785776,1.253233,3.004035,-2.343863,-0.167372,0.006506,1.807087,1.046450,-4.007069,0.892773,3.002492,-3.221293,-0.360460
4.85900,-0.785776,1.253233,3.004035,-2.343863,-0.167372,0.006506,1.807087,1.046450,-4.007069,0.892773,3.002492,-3.221293,-0.360460
4.87400,-0.785776,1.253233,3.004035,-2.343863,-0.167372,0.006506,1.807087,1.046450,-4.007069,0.892773,3.002492,-3.221293,-0.360460
4.89000,-0.785776,1.253233,3.004035,-2.343863,-0.167372,0.006506,1.807087,1.046450,-4.007069,0.892773,3.002492,-3.221293,-0.360460
4.90600,-0.785776,1.253233,3.004035,-2.343863,-0.167372,0.006506,1.807087,1.046450,-4.007069,0.892773,3.002492,-3.221293,-0.360460
4.93700,-0.785776,1.253233,3.004035,-2.343863,-0.167372,0.006506,1.807087,1.046450,-4.007069,0.892773,3.002492,-3.221293,-0.360460
4.95200,-0.785776,1.253233,3.004035,-2.343863,-0.167372,0.006506,1.807087,1.046450,-4.007069,0.892773,3.002492,-3.221293,-0.360460
4.96800,-0.785776,1.253233,3.004035,-2.343863,-0.167372,0.006506,2.069335,1.048120,-4.007069,0.892773,3.002492,-3.221293,-0.360460
4.99900,-1.368670,1.201165,3.004643,-2.339599,-0.196468,-0.000403,2.069335,1.048120,-4.007069,0.892773,3.002492,-2.638399,-0.308392
5.01500,-1.368670,1.201165,3.004643,-2.339599,-0.196468,-0.000403,2.069335,1.048120,-4.007069,0.892773,3.002492,-2.638399,-0.308392
5.04600,-1.368670,1.201165,3.004643,-2.339599,-0.196468,-0.000403,2.069335,1.048120,-4.007069,0.892773,3.002492,-2.638399,-0.308392
5.06200,-1.368670,1.201165,3.004643,-2.339599,-0.196468,-0.000403,2.069335,1.048120,-4.007069,0.892773,3.002492,-2.638399,-0.308392
5.09300,-1.368670,1.201165,3.004643,-2.339599,-0.196468,-0.000403,2.069335,1.048120,-4.007069,0.892773,3.002492,-2.638399,-0.308392
5.10900,-1.368670,1.201165,3.004643,-2.339599,-0.196468,-0.000403,2.069335,1.048120,-4.007069,0.892773,3.002492,-2.638399,-0.308392
5.12400,-1.368670,1.201165,3.004643,-2.339599,-0.196468,-0.000403,2.069335,1.048120,-4.007069,0.892773,3.002492,-2.638399,-0.308392
5.15600,-1.368670,1.201165,3.004643,-2.339599,-0.196468,-0.000403,2.069335,1.048120,-4.007069,0.892773,3.002492,-2.638399,-0.308392
5.17100,-1.368670,1.201165,3.004643,-2.339599,-0.196468,-0.000403,2.069335,1.048120,-4.007069,0.892773,3.002492,-2.638399,-0.308392
5.18700,-1.368670,1.201165,3.004643,-2.339599,-0.196468,-0.000403,2.069335,1.048120,-4.007069,0.892773,3.002492,-2.638399,-0.308392
5.21800,-1.368670,1.201165,3.004643,-2.339599,-0.196468,-0.000403,2.331631,1.046971,-4.007069,0.892773,3.002492,-2.638399,-0.308392
5.23400,-1.934944,1.144128,3.003663,-2.200466,-0.202486,-0.004708,2.331631,1.046971,-4.007069,0.892773,3.002492,-2.072125,-0.251355
5.24900,-1.934944,1.144128,3.003663,-2.200466,-0.202486,-0.004708,2.331631,1.046971,-4.007069,0.892773,3.002492,-2.072125,-0.251355
5.28100,-1.934944,1.144128,3.003663,-2.200466,-0.202486,-0.004708,2.331631,1.046971,-4.007069,0.892773,3.002492,-2.072125,-0.251355
5.29600,-1.934944,1.144128,3.003663,-2.200466,-0.202486,-0.004708,2.331631,1.046971,-4.007069,0.892773,3.002492,-2.072125,-0.251355
5.31200,-1.934944,1.144128,3.003663,-2.200466,-0.202486,-0.004708,2.331631,1.046971,-4.007069,0.892773,3.002492,-2.072125,-0.251355
5.34300,-1.934944,1.144128,3.003663,-2.200466,-0.202486,-0.004708,2.331631,1.046971,-4.007069,0.892773,3.002492,-2.072125,-0.251355
5.35900,-1.934944,1.144128,3.003663,-2.200466,-0.202486,-0.004708,2.331631,1.046971,-4.007069,0.892773,3.002492,-2.072125,-0.251355
5.37400,-1.934944,1.144128,3.003663,-2.200466,-0.202486,-0.004708,2.331631,1.046971,-4.007069,0.892773,3.002492,-2.072125,-0.251355
5.40600,-1.934944,1.144128,3.003663,-2.200466,-0.202486,-0.004708,2.331631,1.046971,-4.007069,0.892773,3.002492,-2.072125,-0.251355
5.42100,-1.934944,1.144128,3.003663,-2.200466,-0.202486,-0.004708,2.331631,1.046971,-4.007069,0.892773,3.002492,-2.072125,-0.251355
5.43700,-1.934944,1.144128,3.003663,-2.200466,-0.202486,-0.004708,2.331631,1.046971,-4.007069,0.892773,3.002492,-2.072125,-0.251355
5.46800,-1.934944,1.144128,3.003663,-2.200466,-0.202486,-0.004708,2.592577,1.044422,-4.007069,0.892773,3.002492,-2.072125,-0.251355
5.48400,-2.457149,1.087954,3.002139,-1.972388,-0.195994,-0.004594,2.592577,1.044422,-4.007069,0.892773,3.002492,-1.549921,-0.195181
5.49900,-2.457149,1.087954,3.002139,-1.972388,-0.195994,-0.004594,2.592577,1.044422,-4.007069,0.892773,3.002492,-1.549921,-0.195181
5.53100,-2.457149,1.087954,3.002139,-1.972388,-0.195994,-0.004594,2.592577,1.044422,-4.007069,0.892773,3.002492,-1.549921,-0.195181
5.54600,-2.457149,1.087954,3.002139,-1.972388,-0.195994,-0.004594,2.592577,1.044422,-4.007069,0.892773,3.002492,-1.549921,-0.195181
5.56200,-2.457149,1.087954,3.002139,-1.972388,-0.195994,-0.004594,2.592577,1.044422,-4.007069,0.892773,3.002492,-1.549921,-0.195181
5.57700,-2.457149,1.087954,3.002139,-1.972388,-0.195994,-0.004594,2.592577,1.044422,-4.007069,0.892773,3.002492,-1.549921,-0.195181
5.60900,-2.457149,1.087954,3.002139,-1.972388,-0.195994,-0.004594,2.592577,1.044422,-4.007069,0.892773,3.002492,-1.549921,-0.195181
5.62400,-2.457149,1.087954,3.002139,-1.972388,-0.195994,-0.004594,2.592577,1.044422,-4.007069,0.892773,3.002492,-1.549921,-0.195181
5.64000,-2.457149,1.087954,3.002139,-1.972388,-0.195994,-0.004594,2.592577,1.044422,-4.007069,0.892773,3.002492,-1.549921,-0.195181
5.67100,-2.457149,1.087954,3.002139,-1.972388,-0.195994,-0.004594,2.592577,1.044422,-4.007069,0.892773,3.002492,-1.549921,-0.195181
5.68700,-2.457149,1.087954,3.002139,-1.972388,-0.195994,-0.004594,2.592577,1.044422,-4.007069,0.892773,3.002492,-1.549921,-0.195181
5.70200,-2.457149,1.087954,3.002139,-1.972388,-0.195994,-0.004594,2.592577,1.044422,-4.007069,0.892773,3.002492,-1.549921,-0.195181
5.73400,-2.457149,1.087954,3.002139,-1.972388,-0.195994,-0.004594,2.853312,1.045814,-4.007069,0.892773,3.002492,-1.549921,-0.195181
5.74900,-2.916262,1.035461,3.000388,-1.674235,-0.175989,-0.003257,2.853312,1.045814,-4.007069,0.892773,3.002492,-1.090807,-0.142688
5.76500,-2.916262,1.035461,3.000388,-1.674235,-0.175989,-0.003257,2.853312,1.045814,-4.007069,0.892773,3.002492,-1.090807,-0.142688
5.79600,-2.916262,1.035461,3.000388,-1.674235,-0.175989,-0.003257,2.853312,1.045814,-4.007069,0.892773,3.002492,-1.090807,-0.142688
5.81200,-2.916262,1.035461,3.000388,-1.674235,-0.175989,-0.003257,2.853312,1.045814,-4.007069,0.892773,3.002492,-1.090807,-0.142688
5.82700,-2.916262,1.035461,3.000388,-1.674235,-0.175989,-0.003257,2.853312,1.045814,-4.007069,0.892773,3.002492,-1.090807,-0.142688
5.85900,-2.916262,1.035461,3.000388,-1.674235,-0.175989,-0.003257,2.853312,1.045814,-4.007069,0.892773,3.002492,-1.090807,-0.142688
5.87400,-2.916262,1.035461,3.000388,-1.674235,-0.175989,-0.003257,2.853312,1.045814,-4.007069,0.892773,3.002492,-1.090807,-0.142688
5.89000,-2.916262,1.035461,3.000388,-1.674235,-0.175989,-0.003257,2.853312,1.045814,-4.007069,0.892773,3.002492,-1.090807,-0.142688
5.92100,-2.916262,1.035461,3.000388,-1.674235,-0.175989,-0.003257,2.853312,1.045814,-4.007069,0.892773,3.002492,-1.090807,-0.142688
5.93700,-2.916262,1.035461,3.000388,-1.674235,-0.175989,-0.003257,2.853312,1.045814,-4.007069,0.892773,3.002492,-1.090807,-0.142688
5.95200,-2.916262,1.035461,3.000388,-1.674235,-0.175989,-0.003257,2.853312,1.045814,-4.007069,0.892773,3.002492,-1.090807,-0.142688
5.98400,-2.916262,1.035461,3.000388,-1.674235,-0.175989,-0.003257,3.107803,0.888929,-4.007069,0.892773,3.002492,-1.090807,-0.142688
5.99900,-3.297514,0.989655,2.998910,-1.328847,-0.143149,-0.000387,3.107803,0.888929,-4.007069,0.892773,3.002492,-0.709555,-0.096882
6.01500,-3.297514,0.989655,2.998910,-1.328847,-0.143149,-0.000387,3.107803,0.888929,-4.007069,0.892773,3.002492,-0.709555,-0.096882
6.04600,-3.297514,0.989655,2.998910,-1.328847,-0.143149,-0.000387,3.107803,0.888929,-4.007069,0.892773,3.002492,-0.709555,-0.096882
6.06200,-3.297514,0.989655,2.998910,-1.328847,-0.143149,-0.000387,3.107803,0.888929,-4.007069,0.892773,3.002492,-0.709555,-0.096882
6.07700,-3.297514,0.989655,2.998910,-1.328847,-0.143149,-0.000387,3.107803,0.888929,-4.007069,0.892773,3.002492,-0.709555,-0.096882
6.10900,-3.297514,0.989655,2.998910,-1.328847,-0.143149,-0.000387,3.107803,0.888929,-4.007069,0.892773,3.002492,-0.709555,-0.096882
6.12400,-3.297514,0.989655,2.998910,-1.328847,-0.143149,-0.000387,3.107803,0.888929,-4.007069,0.892773,3.002492,-0.709555,-0.096882
6.14000,-3.297514,0.989655,2.998910,-1.328847,-0.143149,-0.000387,3.107803,0.888929,-4.007069,0.892773,3.002492,-0.709555,-0.096882
6.17100,-3.297514,0.989655,2.998910,-1.328847,-0.143149,-0.000387,3.107803,0.888929,-4.007069,0.892773,3.002492,-0.709555,-0.096882
6.18700,-3.297514,0.989655,2.998910,-1.328847,-0.143149,-0.000387,3.107803,0.888929,-4.007069,0.892773,3.002492,-0.709555,-0.096882
6.20200,-3.297514,0.989655,2.998910,-1.328847,-0.143149,-0.000387,-3.071225,-0.008897,-4.007069,0.892773,3.002492,-0.709555,-0.096882
6.23400,-3.594346,0.953772,2.998154,-0.992933,-0.106341,0.002607,-3.071225,-0.008897,-4.007069,0.892773,3.002492,-0.412723,-0.060999
6.24900,-3.594346,0.953772,2.998154,-0.992933,-0.106341,0.002607,-3.071225,-0.008897,-4.007069,0.892773,3.002492,-0.412723,-0.060999
6.26500,-3.594346,0.953772,2.998154,-0.992933,-0.106341,0.002607,-3.071225,-0.008897,-4.007069,0.892773,3.002492,-0.412723,-0.060999
6.29600,-3.594346,0.953772,2.998154,-0.992933,-0.106341,0.002607,-3.071225,-0.008897,-4.007069,0.892773,3.002492,-0.412723,-0.060999
6.31200,-3.594346,0.953772,2.998154,-0.992933,-0.106341,0.002607,-3.071225,-0.008897,-4.007069,0.892773,3.002492,-0.412723,-0.060999
6.32700,-3.594346,0.953772,2.998154,-0.992933,-0.106341,0.002607,-3.071225,-0.008897,-4.007069,0.892773,3.002492,-0.412723,-0.060999
6.35900,-3.594346,0.953772,2.998154,-0.992933,-0.106341,0.002607,-3.071225,-0.008897,-4.007069,0.892773,3.002492,-0.412723,-0.060999
6.37400,-3.594346,0.953772,2.998154,-0.992933,-0.106341,0.002607,-3.071225,-0.008897,-4.007069,0.892773,3.002492,-0.412723,-0.060999
6.39000,-3.594346,0.953772,2.998154,-0.992933,-0.106341,0.002607,-3.071225,-0.008897,-4.007069,0.892773,3.002492,-0.412723,-0.060999
6.42100,-3.594346,0.953772,2.998154,-0.992933,-0.106341,0.002607,-3.071225,-0.008897,-4.007069,0.892773,3.002492,-0.412723,-0.060999
6.43700,-3.594346,0.953772,2.998154,-0.992933,-0.106341,0.002607,-3.071225,-0.008897,-4.007069,0.892773,3.002492,-0.412723,-0.060999
6.45200,-3.594346,0.953772,2.998154,-0.992933,-0.106341,0.002607,3.137546,-0.400259,-4.007069,0.892773,3.002492,-0.412723,-0.060999
6.48400,-3.812146,0.927971,2.998260,-0.697425,-0.072810,0.004446,3.137546,-0.400259,-4.007069,0.892773,3.002492,-0.194923,-0.035198
6.49900,-3.812146,0.927971,2.998260,-0.697425,-0.072810,0.004446,3.137546,-0.400259,-4.007069,0.892773,3.002492,-0.194923,-0.035198
6.51500,-3.812146,0.927971,2.998260,-0.697425,-0.072810,0.004446,3.137546,-0.400259,-4.007069,0.892773,3.002492,-0.194923,-0.035198
6.54600,-3.812146,0.927971,2.998260,-0.697425,-0.072810,0.004446,3.137546,-0.400259,-4.007069,0.892773,3.002492,-0.194923,-0.035198
6.56200,-3.812146,0.927971,2.998260,-0.697425,-0.072810,0.004446,3.137546,-0.400259,-4.007069,0.892773,3.002492,-0.194923,-0.035198
6.57700,-3.812146,0.927971,2.998260,-0.697425,-0.072810,0.004446,3.137546,-0.400259,-4.007069,0.892773,3.002492,-0.194923,-0.035198
6.60900,-3.812146,0.927971,2.998260,-0.697425,-0.072810,0.004446,3.137546,-0.400259,-4.007069,0.892773,3.002492,-0.194923,-0.035198
6.62400,-3.812146,0.927971,2.998260,-0.697425,-0.072810,0.004446,3.137546,-0.400259,-4.007069,0.892773,3.002492,-0.194923,-0.035198
6.64000,-3.812146,0.927971,2.998260,-0.697425,-0.072810,0.004446,3.137546,-0.400259,-4.007069,0.892773,3.002492,-0.194923,-0.035198
6.67100,-3.812146,0.927971,2.998260,-0.697425,-0.072810,0.004446,3.137546,-0.400259,-4.007069,0.892773,3.002492,-0.194923,-0.035198
6.68700,-3.812146,0.927971,2.998260,-0.697425,-0.072810,0.004446,3.137546,-0.400259,-4.007069,0.892773,3.002492,-0.194923,-0.035198
6.70200,-3.812146,0.927971,2.998260,-0.697425,-0.072810,0.004446,3.068491,-0.127713,-4.007069,0.892773,3.002492,-0.194923,-0.035198
6.73400,-3.962843,0.911165,2.998757,-0.457354,-0.044980,0.004849,3.068491,-0.127713,-4.007069,0.892773,3.002492,-0.044226,-0.018392
6.74900,-3.962843,0.911165,2.998757,-0.457354,-0.044980,0.004849,3.068491,-0.127713,-4.007069,0.892773,3.002492,-0.044226,-0.018392
6.76500,-3.962843,0.911165,2.998757,-0.457354,-0.044980,0.004849,3.068491,-0.127713,-4.007069,0.892773,3.002492,-0.044226,-0.018392
6.79600,-3.962843,0.911165,2.998757,-0.457354,-0.044980,0.004849,3.068491,-0.127713,-4.007069,0.892773,3.002492,-0.044226,-0.018392
6.81200,-3.962843,0.911165,2.998757,-0.457354,-0.044980,0.004849,3.068491,-0.127713,-4.007069,0.892773,3.002492,-0.044226,-0.018392
6.82700,-3.962843,0.911165,2.998757,-0.457354,-0.044980,0.004849,3.068491,-0.127713,-4.007069,0.892773,3.002492,-0.044226,-0.018392
6.85900,-3.962843,0.911165,2.998757,-0.457354,-0.044980,0.004849,3.068491,-0.127713,-4.007069,0.892773,3.002492,-0.044226,-0.018392
6.87400,-3.962843,0.911165,2.998757,-0.457354,-0.044980,0.004849,3.068491,-0.127713,-4.007069,0.892773,3.002492,-0.044226,-0.018392
6.89000,-3.962843,0.911165,2.998757,-0.457354,-0.044980,0.004849,3.068491,-0.127713,-4.007069,0.892773,3.002492,-0.044226,-0.018392
6.92100,-3.962843,0.911165,2.998757,-0.457354,-0.044980,0.004849,3.068491,-0.127713,-4.007069,0.892773,3.002492,-0.044226,-0.018392
6.93700,-3.962843,0.911165,2.998757,-0.457354,-0.044980,0.004849,3.068491,-0.127713,-4.007069,0.892773,3.002492,-0.044226,-0.018392
6.95200,-3.962843,0.911165,2.998757,-0.457354,-0.044980,0.004849,3.075455,0.112198,-4.007069,0.892773,3.002492,-0.044226,-0.018392
6.98400,-3.962843,0.911165,2.998757,-0.457354,-0.044980,0.004849,3.075455,0.112198,-4.007069,0.892773,3.002492,-0.044226,-0.018392
6.99900,-4.059687,0.901986,2.999344,-0.273645,-0.024208,0.004326,3.075455,0.112198,-4.007069,0.892773,3.002492,0.052618,-0.009213
7.01500,-4.059687,0.901986,2.999344,-0.273645,-0.024208,0.004326,3.075455,0.112198,-4.007069,0.892773,3.002492,0.052618,-0.009213
7.04600,-4.059687,0.901986,2.999344,-0.273645,-0.024208,0.004326,3.075455,0.112198,-4.007069,0.892773,3.002492,0.052618,-0.009213
7.06200,-4.059687,0.901986,2.999344,-0.273645,-0.024208,0.004326,3.075455,0.112198,-4.007069,0.892773,3.002492,0.052618,-0.009213
7.07700,-4.059687,0.901986,2.999344,-0.273645,-0.024208,0.004326,3.075455,0.112198,-4.007069,0.892773,3.002492,0.052618,-0.009213
7.10900,-4.059687,0.901986,2.999344,-0.273645,-0.024208,0.004326,3.075455,0.112198,-4.007069,0.892773,3.002492,0.052618,-0.009213
7.12400,-4.059687,0.901986,2.999344,-0.273645,-0.024208,0.004326,3.075455,0.112198,-4.007069,0.892773,3.002492,0.052618,-0.009213
7.14000,-4.059687,0.901986,2.999344,-0.273645,-0.024208,0.004326,3.075455,0.112198,-4.007069,0.892773,3.002492,0.052618,-0.009213
7.17100,-4.059687,0.901986,2.999344,-0.273645,-0.024208,0.004326,3.075455,0.112198,-4.007069,0.892773,3.002492,0.052618,-0.009213
7.18700,-4.059687,0.901986,2.999344,-0.273645,-0.024208,0.004326,3.075455,0.112198,-4.007069,0.892773,3.002492,0.052618,-0.009213
7.20200,-4.059687,0.901986,2.999344,-0.273645,-0.024208,0.004326,3.103310,0.078138,-4.007069,0.892773,3.002492,0.052618,-0.009213
7.23400,-4.115095,0.897771,2.999845,-0.141612,-0.011017,0.003415,3.103310,0.078138,-4.007069,0.892773,3.002492,0.108026,-0.004998
7.24900,-4.115095,0.897771,2.999845,-0.141612,-0.011017,0.003415,3.103310,0.078138,-4.007069,0.892773,3.002492,0.108026,-0.004998
7.26500,-4.115095,0.897771,2.999845,-0.141612,-0.011017,0.003415,3.103310,0.078138,-4.007069,0.892773,3.002492,0.108026,-0.004998
7.29600,-4.115095,0.897771,2.999845,-0.141612,-0.011017,0.003415,3.103310,0.078138,-4.007069,0.892773,3.002492,0.108026,-0.004998
7.31200,-4.115095,0.897771,2.999845,-0.141612,-0.011017,0.003415,3.103310,0.078138,-4.007069,0.892773,3.002492,0.108026,-0.004998
7.32700,-4.115095,0.897771,2.999845,-0.141612,-0.011017,0.003415,3.103310,0.078138,-4.007069,0.892773,3.002492,0.108026,-0.004998
7.35900,-4.115095,0.897771,2.999845,-0.141612,-0.011017,0.003415,3.103310,0.078138,-4.007069,0.892773,3.002492,0.108026,-0.004998
7.37400,-4.115095,0.897771,2.999845,-0.141612,-0.011017,0.003415,3.103310,0.078138,-4.007069,0.892773,3.002492,0.108026,-0.004998
7.39000,-4.115095,0.897771,2.999845,-0.141612,-0.011017,0.003415,3.103310,0.078138,-4.007069,0.892773,3.002492,0.108026,-0.004998
7.42100,-4.115095,0.897771,2.999845,-0.141612,-0.011017,0.003415,3.103310,0.078138,-4.007069,0.892773,3.002492,0.108026,-0.004998
7.43700,-4.115095,0.897771,2.999845,-0.141612,-0.011017,0.003415,3.103310,0.078138,-4.007069,0.892773,3.002492,0.108026,-0.004998
7.45200,-4.115095,0.897771,2.999845,-0.141612,-0.011017,0.003415,3.103310,0.078138,-4.007069,0.892773,3.002492,0.108026,-0.004998
7.48400,-4.115095,0.897771,2.999845,-0.141612,-0.011017,0.003415,3.108339,-0.021996,-4.007069,0.892773,3.002492,0.108026,-0.004998
7.49900,-4.141359,0.896368,3.000166,-0.052508,-0.003531,0.002577,3.108339,-0.021996,-4.007069,0.892773,3.002492,0.134290,-0.003595
7.51500,-4.141359,0.896368,3.000166,-0.052508,-0.003531,0.002577,3.108339,-0.021996,-4.007069,0.892773,3.002492,0.134290,-0.003595
7.54600,-4.141359,0.896368,3.000166,-0.052508,-0.003531,0.002577,3.108339,-0.021996,-4.007069,0.892773,3.002492,0.134290,-0.003595
7.56200,-4.141359,0.896368,3.000166,-0.052508,-0.003531,0.002577,3.108339,-0.021996,-4.007069,0.892773,3.002492,0.134290,-0.003595
7.57700,-4.141359,0.896368,3.000166,-0.052508,-0.003531,0.002577,3.108339,-0.021996,-4.007069,0.892773,3.002492,0.134290,-0.003595
7.60900,-4.141359,0.896368,3.000166,-0.052508,-0.003531,0.002577,3.108339,-0.021996,-4.007069,0.892773,3.002492,0.134290,-0.003595
7.62400,-4.141359,0.896368,3.000166,-0.052508,-0.003531,0.002577,3.108339,-0.021996,-4.007069,0.892773,3.002492,0.134290,-0.003595
7.64000,-4.141359,0.896368,3.000166,-0.052508,-0.003531,0.002577,3.108339,-0.021996,-4.007069,0.892773,3.002492,0.134290,-0.003595
7.67100,-4.141359,0.896368,3.000166,-0.052508,-0.003531,0.002577,3.108339,-0.021996,-4.007069,0.892773,3.002492,0.134290,-0.003595
7.68700,-4.141359,0.896368,3.000166,-0.052508,-0.003531,0.002577,3.108339,-0.021996,-4.007069,0.892773,3.002492,0.134290,-0.003595
7.70200,-4.141359,0.896368,3.000166,-0.052508,-0.003531,0.002577,3.108339,-0.021996,-4.007069,0.892773,3.002492,0.134290,-0.003595
7.73400,-4.141359,0.896368,3.000166,-0.052508,-0.003531,0.002577,3.099246,-0.036192,-4.007069,0.892773,3.002492,0.134290,-0.003595
7.74900,-4.147746,0.896619,3.000348,0.002559,-0.000275,0.002066,3.099246,-0.036192,-4.007069,0.892773,3.002492,0.140677,-0.003846
7.76500,-4.147746,0.896619,3.000348,0.002559,-0.000275,0.002066,3.099246,-0.036192,-4.007069,0.892773,3.002492,0.140677,-0.003846
7.79600,-4.147746,0.896619,3.000348,0.002559,-0.000275,0.002066,3.099246,-0.036192,-4.007069,0.892773,3.002492,0.140677,-0.003846
7.81200,-4.147746,0.896619,3.000348,0.002559,-0.000275,0.002066,3.099246,-0.036192,-4.007069,0.892773,3.002492,0.140677,-0.003846
7.82700,-4.147746,0.896619,3.000348,0.002559,-0.000275,0.002066,3.099246,-0.036192,-4.007069,0.892773,3.002492,0.140677,-0.003846
7.85900,-4.147746,0.896619,3.000348,0.002559,-0.000275,0.002066,3.099246,-0.036192,-4.007069,0.892773,3.002492,0.140677,-0.003846
7.87400,-4.147746,0.896619,3.000348,0.002559,-0.000275,0.002066,3.099246,-0.036192,-4.007069,0.892773,3.002492,0.140677,-0.003846
7.89000,-4.147746,0.896619,3.000348,0.002559,-0.000275,0.002066,3.099246,-0.036192,-4.007069,0.892773,3.002492,0.140677,-0.003846
7.92100,-4.147746,0.896619,3.000348,0.002559,-0.000275,0.002066,3.099246,-0.036192,-4.007069,0.892773,3.002492,0.140677,-0.003846
7.93700,-4.147746,0.896619,3.000348,0.002559,-0.000275,0.002066,3.099246,-0.036192,-4.007069,0.892773,3.002492,0.140677,-0.003846
7.95200,-4.147746,0.896619,3.000348,0.002559,-0.000275,0.002066,3.099246,-0.036192,-4.007069,0.892773,3.002492,0.140677,-0.003846
7.98400,-4.147746,0.896619,3.000348,0.002559,-0.000275,0.002066,3.094854,-0.002500,-4.007069,0.892773,3.002492,0.140677,-0.003846
7.99900,-4.141563,0.897458,3.000464,0.033148,0.000213,0.001996,3.094854,-0.002500,-4.007069,0.892773,3.002492,0.134494,-0.004685
8.01500,-4.141563,0.897458,3.000464,0.033148,0.000213,0.001996,3.094854,-0.002500,-4.007069,0.892773,3.002492,0.134494,-0.004685
8.04600,-4.141563,0.897458,3.000464,0.033148,0.000213,0.001996,3.094854,-0.002500,-4.007069,0.892773,3.002492,0.134494,-0.004685
8.06200,-4.141563,0.897458,3.000464,0.033148,0.000213,0.001996,3.094854,-0.002500,-4.007069,0.892773,3.002492,0.134494,-0.004685
8.07700,-4.141563,0.897458,3.000464,0.033148,0.000213,0.001996,3.094854,-0.002500,-4.007069,0.892773,3.002492,0.134494,-0.004685
8.10900,-4.141563,0.897458,3.000464,0.033148,0.000213,0.001996,3.094854,-0.002500,-4.007069,0.892773,3.002492,0.134494,-0.004685
8.12400,-4.141563,0.897458,3.000464,0.033148,0.000213,0.001996,3.094854,-0.002500,-4.007069,0.892773,3.002492,0.134494,-0.004685
8.14000,-4.141563,0.897458,3.000464,0.033148,0.000213,0.001996,3.094854,-0.002500,-4.007069,0.892773,3.002492,0.134494,-0.004685
8.17100,-4.141563,0.897458,3.000464,0.033148,0.000213,0.001996,3.094854,-0.002500,-4.007069,0.892773,3.002492,0.134494,-0.004685
8.18700,-4.141563,0.897458,3.000464,0.033148,0.000213,0.001996,3.094854,-0.002500,-4.007069,0.892773,3.002492,0.134494,-0.004685
8.20200,-4.141563,0.897458,3.000464,0.033148,0.000213,0.001996,3.097075,0.012357,-4.007069,0.892773,3.002492,0.134494,-0.004685
8.23400,-4.128946,0.898161,3.000520,0.045852,-0.000920,0.001737,3.097075,0.012357,-4.007069,0.892773,3.002492,0.121877,-0.005388
8.24900,-4.128946,0.898161,3.000520,0.045852,-0.000920,0.001737,3.097075,0.012357,-4.007069,0.892773,3.002492,0.121877,-0.005388
8.26500,-4.128946,0.898161,3.000520,0.045852,-0.000920,0.001737,3.097075,0.012357,-4.007069,0.892773,3.002492,0.121877,-0.005388
8.29600,-4.128946,0.898161,3.000520,0.045852,-0.000920,0.001737,3.097075,0.012357,-4.007069,0.892773,3.002492,0.121877,-0.005388
8.31200,-4.128946,0.898161,3.000520,0.045852,-0.000920,0.001737,3.097075,0.012357,-4.007069,0.892773,3.002492,0.121877,-0.005388
8.32700,-4.128946,0.898161,3.000520,0.045852,-0.000920,0.001737,3.097075,0.012357,-4.007069,0.892773,3.002492,0.121877,-0.005388
8.35900,-4.128946,0.898161,3.000520,0.045852,-0.000920,0.001737,3.097075,0.012357,-4.007069,0.892773,3.002492,0.121877,-0.005388
8.37400,-4.128946,0.898161,3.000520,0.045852,-0.000920,0.001737,3.097075,0.012357,-4.007069,0.892773,3.002492,0.121877,-0.005388
8.39000,-4.128946,0.898161,3.000520,0.045852,-0.000920,0.001737,3.097075,0.012357,-4.007069,0.892773,3.002492,0.121877,-0.005388
8.42100,-4.128946,0.898161,3.000520,0.045852,-0.000920,0.001737,3.097075,0.012357,-4.007069,0.892773,3.002492,0.121877,-0.005388
8.43700,-4.128946,0.898161,3.000520,0.045852,-0.000920,0.001737,3.097075,0.012357,-4.007069,0.892773,3.002492,0.121877,-0.005388
8.45200,-4.128946,0.898161,3.000520,0.045852,-0.000920,0.001737,3.097075,0.012357,-4.007069,0.892773,3.002492,0.121877,-0.005388
8.48400,-4.128946,0.898161,3.000520,0.045852,-0.000920,0.001737,3.099391,0.004102,-4.007069,0.892773,3.002492,0.121877,-0.005388
8.49900,-4.114457,0.898294,3.000679,0.047882,-0.003073,0.001504,3.099391,0.004102,-4.007069,0.892773,3.002492,0.107388,-0.005521
