timestamp_unix,t,leader_phase,lx,ly,lz,lvx,lvy,lvz,l_yaw,l_yawrate,lx_sp,ly_sp,l_lat,l_lon,l_alt,sx,sy,sz,svx,svy,svz,s_yaw,s_yawrate,s_lat,s_lon,s_alt,xd,yd,zd,ex,ey,ez,err_xy,err_z,e_yaw,dist_xy,dist_z,ff_x,ff_y,vx_p,vy_p,vz_p,vx_i,vy_i,vz_i,vx_d,vy_d,vz_d,vx_cmd,vy_cmd,vz_cmd,yaw_rate_cmd
1779902980.261158,0.0160,circle,-3.9808,-0.0210,1.9993,-0.0100,0.0200,0.0006,-1.5803,-0.0407,-3.9808,-0.0210,19.59419840,-99.22808740,1.999,-4.9815,-0.0210,2.0009,-0.0100,0.0100,-0.0005,-0.0001,0.0002,19.59418940,-99.22808740,2.001,-4.9807,-0.0115,2.9993,0.0008,0.0095,0.9984,0.0095,0.9984,-1.5802,1.0008,0.0016,0.0004,0.0407,0.0004,0.0047,0.4992,0.0000,0.0000,0.0000,0.0000,0.0000,0.0000,0.0008,0.0455,0.4992,-1.0000
1779902980.295542,0.0470,circle,-3.9808,-0.0210,1.9993,-0.0100,0.0200,0.0006,-1.5803,-0.0407,-3.9982,-0.1200,19.59419840,-99.22808740,1.999,-4.9815,-0.0210,2.0009,-0.0100,0.0100,-0.0005,-0.0001,0.0002,19.59418940,-99.22808740,2.001,-4.9807,-0.0115,2.9993,0.0008,0.0095,0.9984,0.0095,0.9984,-1.5802,1.0008,0.0016,0.0004,0.0407,0.0004,0.0047,0.4992,0.0000,0.0000,0.0000,0.0000,0.0000,0.0000,0.0008,0.0455,0.4992,-1.0000
1779902980.422823,0.1720,circle,-3.9808,-0.0210,1.9993,-0.0100,0.0200,0.0006,-1.5781,0.0438,-3.9121,-0.8338,19.59419840,-99.22808740,1.999,-4.9815,-0.0210,2.0009,-0.0100,0.0100,-0.0005,-0.0001,0.0002,19.59418940,-99.22808740,2.001,-4.9808,-0.0137,2.9993,0.0008,0.0073,0.9984,0.0073,0.9984,-1.5780,1.0008,0.0016,-0.0003,-0.0438,0.0004,0.0036,0.4992,0.0000,0.0000,0.0000,0.0000,0.0000,0.0000,0.0001,-0.0401,0.4992,-1.0000
1779902980.422823,0.1720,circle,-3.9808,-0.0210,1.9993,-0.0100,0.0200,0.0006,-1.5781,0.0438,-3.9121,-0.8338,19.59419840,-99.22808740,1.999,-4.9815,-0.0210,2.0009,-0.0100,0.0100,-0.0005,-0.0001,0.0002,19.59418940,-99.22808740,2.001,-4.9808,-0.0137,2.9993,0.0008,0.0073,0.9984,0.0073,0.9984,-1.5780,1.0008,0.0016,-0.0003,-0.0438,0.0004,0.0036,0.4992,0.0000,0.0000,0.0000,0.0000,0.0000,0.0000,0.0001,-0.0401,0.4992,-1.0000
1779902980.453507,0.2030,circle,-3.9808,-0.0210,1.9993,-0.0100,0.0200,0.0006,-1.5781,0.0438,-3.8551,-1.0669,19.59419840,-99.22808740,1.999,-4.9815,-0.0210,2.0012,-0.0100,0.0100,-0.0005,-0.0001,0.0003,19.59418940,-99.22808740,2.001,-4.9808,-0.0137,2.9993,0.0008,0.0073,0.9981,0.0073,0.9981,-1.5779,1.0008,0.0019,-0.0003,-0.0438,0.0004,0.0036,0.4990,0.0000,0.0000,0.0000,0.0000,0.0000,0.0000,0.0001,-0.0401,0.4990,-1.0000
1779902980.501523,0.2500,circle,-3.9808,-0.0210,1.9993,-0.0100,0.0200,0.0006,-1.5781,0.0438,-3.7842,-1.2962,19.59419840,-99.22808740,1.999,-4.9815,-0.0210,2.0012,-0.0100,0.0100,-0.0005,-0.0001,0.0003,19.59418940,-99.22808740,2.001,-4.9808,-0.0137,2.9993,0.0008,0.0073,0.9981,0.0073,0.9981,-1.5779,1.0008,0.0019,-0.0003,-0.0438,0.0004,0.0036,0.4990,0.0000,0.0000,0.0000,0.0000,0.0000,0.0000,0.0001,-0.0401,0.4990,-1.0000
1779902980.552131,0.2970,circle,-3.9808,-0.0210,1.9993,-0.0100,0.0200,0.0006,-1.5781,0.0438,-3.6524,-1.6310,19.59419840,-99.22808740,1.999,-4.9815,-0.0210,2.0012,-0.0100,0.0200,-0.0005,-0.0542,-0.6073,19.59418940,-99.22808740,2.001,-4.9808,-0.0137,2.9993,0.0008,0.0073,0.9981,0.0073,0.9981,-1.5238,1.0008,0.0019,-0.0003,-0.0438,0.0004,0.0036,0.4990,0.0000,0.0000,0.0000,0.0000,0.0000,0.0000,0.0001,-0.0401,0.4990,-1.0000
1779902980.606323,0.3600,circle,-3.9808,-0.0210,1.9993,-0.0100,0.0200,0.0006,-1.5781,0.0438,-3.5480,-1.8471,19.59419840,-99.22808740,1.999,-4.9815,-0.0210,2.0122,-0.0100,0.0200,0.1189,-0.0542,-0.6073,19.59418940,-99.22808740,2.012,-4.9808,-0.0137,2.9993,0.0008,0.0073,0.9871,0.0073,0.9871,-1.5238,1.0008,0.0129,-0.0003,-0.0438,0.0004,0.0036,0.4936,0.0000,0.0000,0.0000,0.0000,0.0000,-0.0000,0.0001,-0.0401,0.4936,-1.0000
1779902980.651194,0.4060,circle,-3.9808,-0.0210,1.9993,-0.0200,-0.0700,-0.0001,-1.5231,0.4583,-3.4308,-2.0565,19.59419840,-99.22808740,1.999,-4.9815,-0.0210,2.0122,-0.0100,0.0200,0.1189,-0.0542,-0.6073,19.59418940,-99.22808740,2.012,-4.9796,-0.0686,2.9993,0.0019,-0.0477,0.9871,0.0477,0.9871,-1.4689,1.0008,0.0129,0.0218,-0.4577,0.0009,-0.0238,0.4935,0.0000,0.0000,0.0000,-0.0000,-0.0000,-0.0000,0.0228,-0.4816,0.4935,-1.0000
1779902980.695656,0.4380,circle,-3.9808,-0.0210,1.9993,-0.0200,-0.0700,-0.0001,-1.5231,0.4583,-3.2321,-2.3566,19.59419840,-99.22808740,1.999,-4.9815,-0.0210,2.0122,-0.0100,0.0200,0.1189,-0.0542,-0.6073,19.59418940,-99.22808740,2.012,-4.9796,-0.0686,2.9993,0.0019,-0.0477,0.9871,0.0477,0.9871,-1.4689,1.0008,0.0129,0.0218,-0.4577,0.0009,-0.0238,0.4935,0.0000,-0.0000,0.0000,-0.0000,-0.0000,-0.0000,0.0228,-0.4816,0.4935,-1.0000
1779902980.758423,0.5000,circle,-3.9808,-0.0210,1.9993,-0.0200,-0.0700,-0.0001,-1.5231,0.4583,-3.0072,-2.6375,19.59419840,-99.22808740,1.999,-4.9815,-0.0210,2.0122,-0.0100,0.0200,0.1189,-0.0542,-0.6073,19.59418940,-99.22808740,2.012,-4.9796,-0.0686,2.9993,0.0019,-0.0477,0.9871,0.0477,0.9871,-1.4689,1.0008,0.0129,0.0218,-0.4577,0.0009,-0.0238,0.4935,0.0000,-0.0000,0.0000,-0.0000,-0.0000,-0.0000,0.0228,-0.4816,0.4935,-1.0000
1779902980.809391,0.5630,circle,-3.9808,-0.0210,1.9993,-0.0200,-0.0700,-0.0001,-1.5231,0.4583,-2.7580,-2.8971,19.59419840,-99.22808740,1.999,-4.9815,-0.0210,2.0122,0.0000,-0.0100,0.1189,-0.3479,-1.4790,19.59418940,-99.22808740,2.012,-4.9796,-0.0686,2.9993,0.0019,-0.0477,0.9871,0.0477,0.9871,-1.1752,1.0008,0.0129,0.0218,-0.4577,0.0009,-0.0238,0.4935,0.0000,-0.0000,0.0000,-0.0000,-0.0000,-0.0000,0.0228,-0.4816,0.4935,-0.7464
1779902980.847642,0.5940,circle,-3.9808,-0.0210,1.9993,-0.0200,-0.0700,-0.0001,-1.5231,0.4583,-2.5793,-3.0573,19.59419840,-99.22808740,1.999,-4.9815,-0.0210,2.0729,0.0000,-0.0100,0.3483,-0.3479,-1.4790,19.59418940,-99.22808740,2.073,-4.9796,-0.0686,2.9993,0.0019,-0.0477,0.9264,0.0477,0.9264,-1.1752,1.0008,0.0736,0.0218,-0.4577,0.0009,-0.0238,0.4632,0.0000,-0.0000,0.0000,-0.0000,-0.0000,-0.0000,0.0228,-0.4816,0.4632,-0.7464
1779902980.904403,0.6560,circle,-3.9808,-0.0838,1.9987,0.0500,-0.4400,-0.0037,-1.2733,1.3782,-2.3913,-3.2065,19.59419840,-99.22808800,1.999,-4.9815,-0.0210,2.0729,0.0000,-0.0100,0.3483,-0.3479,-1.4790,19.59418940,-99.22808740,2.073,-4.9369,-0.3769,2.9987,0.0447,-0.3559,0.9258,0.3587,0.9258,-0.9254,1.0027,0.0742,0.4040,-1.3177,0.0223,-0.1780,0.4629,0.0000,-0.0000,0.0000,0.0000,-0.0000,-0.0000,0.4263,-1.4957,0.4629,-0.4546
1779902980.949588,0.7030,circle,-3.9808,-0.0838,1.9987,0.0500,-0.4400,-0.0037,-1.2733,1.3782,-2.0935,-3.4084,19.59419840,-99.22808800,1.999,-4.9815,-0.0210,2.0729,0.0000,-0.0100,0.3483,-0.3479,-1.4790,19.59418940,-99.22808740,2.073,-4.9369,-0.3769,2.9987,0.0447,-0.3559,0.9258,0.3587,0.9258,-0.9254,1.0027,0.0742,0.4040,-1.3177,0.0223,-0.1780,0.4629,0.0000,-0.0000,0.0000,0.0000,-0.0000,-0.0000,0.4263,-1.4957,0.4629,-0.4546
1779902980.997162,0.7500,circle,-3.9808,-0.0838,1.9987,0.0500,-0.4400,-0.0037,-1.2733,1.3782,-1.8853,-3.5278,19.59419840,-99.22808800,1.999,-4.9815,-0.0210,2.0729,0.0000,-0.0100,0.3483,-0.3479,-1.4790,19.59418940,-99.22808740,2.073,-4.9369,-0.3769,2.9987,0.0447,-0.3559,0.9258,0.3587,0.9258,-0.9254,1.0027,0.0742,0.4040,-1.3177,0.0223,-0.1780,0.4629,0.0000,-0.0000,0.0000,0.0000,-0.0000,-0.0000,0.4263,-1.4957,0.4629,-0.4546
1779902981.047600,0.7970,circle,-3.9808,-0.0838,1.9987,0.0500,-0.4400,-0.0037,-1.2733,1.3782,-1.5606,-3.6830,19.59419840,-99.22808800,1.999,-4.9815,-0.0210,2.0729,0.0000,-0.0100,0.3483,-0.3479,-1.4790,19.59418940,-99.22808740,2.073,-4.9369,-0.3769,2.9987,0.0447,-0.3559,0.9258,0.3587,0.9258,-0.9254,1.0027,0.0742,0.4040,-1.3177,0.0223,-0.1780,0.4629,0.0000,-0.0000,0.0000,0.0000,-0.0000,-0.0000,0.4263,-1.4957,0.4629,-0.4546
1779902981.104418,0.8600,circle,-3.9808,-0.0838,1.9987,0.0500,-0.4400,-0.0037,-1.2733,1.3782,-1.2233,-3.8084,19.59419840,-99.22808800,1.999,-4.9815,-0.0419,2.1775,0.0000,-0.2000,0.4687,-0.6879,-1.0539,19.59418940,-99.22808760,2.177,-4.9369,-0.3769,2.9987,0.0447,-0.3350,0.8213,0.3380,0.8213,-0.5855,1.0016,0.1787,0.4040,-1.3177,0.0223,-0.1675,0.4106,0.0000,-0.0000,0.0000,0.0000,-0.0000,-0.0000,0.4263,-1.4852,0.4106,-0.2252
1779902981.145191,0.8910,circle,-3.9363,-0.2619,1.9978,0.3700,-0.9900,-0.0018,-0.8878,1.4356,-0.9927,-3.8749,19.59419880,-99.22808970,1.998,-4.9815,-0.0419,2.1775,0.0000,-0.2000,0.4687,-0.6879,-1.0539,19.59418940,-99.22808760,2.177,-4.7120,-0.8930,2.9978,0.2696,-0.8511,0.8203,0.8928,0.8203,-0.1999,1.0681,0.1797,0.9061,-1.1135,0.1348,-0.4256,0.4102,0.0000,-0.0000,0.0000,0.0000,-0.0000,-0.0000,1.0408,-1.5391,0.4102,0.0890
1779902981.204869,0.9530,circle,-3.9363,-0.2619,1.9978,0.3700,-0.9900,-0.0018,-0.8878,1.4356,-0.6404,-3.9484,19.59419880,-99.22808970,1.998,-4.9815,-0.0419,2.1775,0.0000,-0.2000,0.4687,-0.6879,-1.0539,19.59418940,-99.22808760,2.177,-4.7120,-0.8930,2.9978,0.2696,-0.8511,0.8203,0.8928,0.8203,-0.1999,1.0681,0.1797,0.9061,-1.1135,0.1348,-0.4256,0.4102,0.0000,-0.0000,0.0000,0.0000,-0.0000,-0.0000,1.0408,-1.5391,0.4102,0.0890
1779902981.252847,1.0000,circle,-3.9363,-0.2619,1.9978,0.3700,-0.9900,-0.0018,-0.8878,1.4356,-0.4025,-3.9797,19.59419880,-99.22808970,1.998,-4.9815,-0.0419,2.1775,0.0000,-0.2000,0.4687,-0.6879,-1.0539,19.59418940,-99.22808760,2.177,-4.7120,-0.8930,2.9978,0.2696,-0.8511,0.8203,0.8928,0.8203,-0.1999,1.0681,0.1797,0.9061,-1.1135,0.1348,-0.4256,0.4102,0.0000,-0.0000,0.0000,0.0000,-0.0000,-0.0000,1.0408,-1.5391,0.4102,0.0890
1779902981.303764,1.0470,circle,-3.9363,-0.2619,1.9978,0.3700,-0.9900,-0.0018,-0.8878,1.4356,-0.1631,-3.9967,19.59419880,-99.22808970,1.998,-4.9815,-0.0419,2.1775,0.0000,-0.2000,0.4687,-0.6879,-1.0539,19.59418940,-99.22808760,2.177,-4.7120,-0.8930,2.9978,0.2696,-0.8511,0.8203,0.8928,0.8203,-0.1999,1.0681,0.1797,0.9061,-1.1135,0.1348,-0.4256,0.4102,0.0000,-0.0000,0.0000,0.0000,-0.0000,-0.0000,1.0408,-1.5391,0.4102,0.0890
1779902981.357985,1.1100,circle,-3.9363,-0.2619,1.9978,0.3700,-0.9900,-0.0018,-0.8878,1.4356,0.1967,-3.9952,19.59419880,-99.22808970,1.998,-4.9704,-0.1362,2.2996,0.1100,-0.5800,0.4848,-0.7893,0.0586,19.59418950,-99.22808850,2.300,-4.7120,-0.8930,2.9978,0.2584,-0.7568,0.6982,0.7998,0.6982,-0.0985,1.0417,0.3018,0.9061,-1.1135,0.1292,-0.3784,0.3491,0.0000,-0.0000,0.0000,0.0000,-0.0000,-0.0000,1.0353,-1.4920,0.3491,0.0589
1779902981.398843,1.1410,circle,-3.7806,-0.5657,1.9978,0.8900,-1.4100,-0.0018,-0.5701,1.0286,0.4359,-3.9762,19.59420020,-99.22809260,1.998,-4.9704,-0.1362,2.2996,0.1100,-0.5800,0.4848,-0.7893,0.0586,19.59418950,-99.22808850,2.300,-4.3203,-1.4076,2.9978,0.6501,-1.2714,0.6982,1.4279,0.6982,0.2192,1.2649,0.3018,0.8659,-0.5551,0.3251,-0.6357,0.3491,0.0000,-0.0000,0.0000,0.0000,-0.0000,-0.0000,1.1910,-1.1908,0.3491,0.2724
1779902981.458903,1.2030,circle,-3.7806,-0.5657,1.9983,0.8900,-1.4100,0.0043,-0.5701,1.0286,0.7916,-3.9209,19.59420020,-99.22809260,1.998,-4.9704,-0.1362,2.2996,0.1100,-0.5800,0.4848,-0.7893,0.0586,19.59418950,-99.22808850,2.300,-4.3203,-1.4076,2.9983,0.6501,-1.2714,0.6987,1.4279,0.6987,0.2192,1.2649,0.3013,0.8659,-0.5551,0.3251,-0.6357,0.3493,0.0000,-0.0000,0.0000,0.0000,-0.0000,-0.0000,1.1910,-1.1908,0.3493,0.2724
1779902981.506643,1.2500,circle,-3.7806,-0.5657,1.9983,0.8900,-1.4100,0.0043,-0.5701,1.0286,1.0252,-3.8664,19.59420020,-99.22809260,1.998,-4.9704,-0.1362,2.2996,0.1100,-0.5800,0.4848,-0.7893,0.0586,19.59418950,-99.22808850,2.300,-4.3203,-1.4076,2.9983,0.6501,-1.2714,0.6987,1.4279,0.6987,0.2192,1.2649,0.3013,0.8659,-0.5551,0.3251,-0.6357,0.3493,0.0000,-0.0000,0.0000,0.0000,-0.0000,-0.0000,1.1910,-1.1908,0.3493,0.2724
1779902981.558426,1.3130,circle,-3.7806,-0.5657,1.9983,0.8900,-1.4100,0.0043,-0.5701,1.0286,1.3686,-3.7586,19.59420020,-99.22809260,1.998,-4.9704,-0.1362,2.2996,0.1100,-0.5800,0.4848,-0.7893,0.0586,19.59418950,-99.22808850,2.300,-4.3203,-1.4076,2.9983,0.6501,-1.2714,0.6987,1.4279,0.6987,0.2192,1.2649,0.3013,0.8659,-0.5551,0.3251,-0.6357,0.3493,0.0000,-0.0000,0.0000,0.0000,-0.0000,-0.0000,1.1910,-1.1908,0.3493,0.2724
1779902981.597537,1.3440,circle,-3.7806,-0.5657,1.9983,0.8900,-1.4100,0.0043,-0.5701,1.0286,1.5915,-3.6698,19.59420020,-99.22809260,1.998,-4.9037,-0.3352,2.2996,0.4500,-1.0000,0.4848,-0.6644,0.6901,19.59419010,-99.22809040,2.300,-4.3203,-1.4076,2.9983,0.5834,-1.0723,0.6987,1.2208,0.6987,0.0943,1.1465,0.3013,0.8659,-0.5551,0.2917,-0.5362,0.3493,0.0000,-0.0000,0.0000,0.0000,-0.0000,-0.0000,1.1576,-1.0913,0.3493,0.1093
1779902981.655018,1.4060,circle,-3.4915,-0.9533,1.9983,1.5100,-1.6200,0.0043,-0.3283,0.8988,1.9149,-3.5119,19.59420280,-99.22809630,1.998,-4.9037,-0.3352,2.4187,0.4500,-1.0000,0.4414,-0.6644,0.6901,19.59419010,-99.22809040,2.419,-3.8140,-1.8999,2.9983,1.0897,-1.5646,0.5796,1.9067,0.5796,0.3361,1.5415,0.4204,0.8508,-0.2898,0.5449,-0.7823,0.2898,0.0000,-0.0000,0.0000,0.0000,-0.0000,-0.0000,1.3957,-1.0721,0.2898,0.2897
1779902981.699602,1.4530,circle,-3.4915,-0.9533,1.9995,1.5100,-1.6200,0.0055,-0.3283,0.8988,2.1220,-3.3907,19.59420280,-99.22809630,1.999,-4.9037,-0.3352,2.4187,0.4500,-1.0000,0.4414,-0.6644,0.6901,19.59419010,-99.22809040,2.419,-3.8140,-1.8999,2.9995,1.0897,-1.5646,0.5808,1.9067,0.5808,0.3361,1.5415,0.4192,0.8508,-0.2898,0.5449,-0.7823,0.2904,0.0000,-0.0000,0.0000,0.0000,-0.0000,-0.0000,1.3957,-1.0721,0.2904,0.2897
1779902981.747440,1.5000,circle,-3.4915,-0.9533,1.9995,1.5100,-1.6200,0.0055,-0.3283,0.8988,2.4182,-3.1863,19.59420280,-99.22809630,1.999,-4.9037,-0.3352,2.4187,0.4500,-1.0000,0.4414,-0.6644,0.6901,19.59419010,-99.22809040,2.419,-3.8140,-1.8999,2.9995,1.0897,-1.5646,0.5808,1.9067,0.5808,0.3361,1.5415,0.4192,0.8508,-0.2898,0.5449,-0.7823,0.2904,0.0000,-0.0000,0.0000,0.0000,-0.0000,-0.0000,1.3957,-1.0721,0.2904,0.2897
1779902981.798397,1.5470,circle,-3.4915,-0.9533,1.9995,1.5100,-1.6200,0.0055,-0.3283,0.8988,2.6049,-3.0355,19.59420280,-99.22809630,1.999,-4.9037,-0.3352,2.4187,0.4500,-1.0000,0.4414,-0.6644,0.6901,19.59419010,-99.22809040,2.419,-3.8140,-1.8999,2.9995,1.0897,-1.5646,0.5808,1.9067,0.5808,0.3361,1.5415,0.4192,0.8508,-0.2898,0.5449,-0.7823,0.2904,0.0000,-0.0000,0.0000,0.0000,-0.0000,-0.0000,1.3957,-1.0721,0.2904,0.2897
1779902981.855150,1.6100,circle,-3.4915,-0.9533,1.9995,1.5100,-1.6200,0.0055,-0.3283,0.8988,2.8672,-2.7891,19.59420280,-99.22809630,1.999,-4.7369,-0.6076,2.5241,0.8100,-1.1300,0.3756,-0.4965,0.5199,19.59419160,-99.22809300,2.524,-3.8140,-1.8999,2.9995,0.9229,-1.2923,0.4753,1.5880,0.4753,0.1682,1.2925,0.5247,0.8508,-0.2898,0.4615,-0.6461,0.2377,0.0000,-0.0000,0.0000,0.0000,-0.0000,-0.0000,1.3123,-0.9360,0.2377,0.1724
1779902981.896601,1.6410,circle,-3.0467,-1.3513,2.0006,2.1400,-1.5300,0.0046,-0.0779,1.0197,3.0293,-2.6122,19.59420680,-99.22810010,2.001,-4.7369,-0.6076,2.5241,0.8100,-1.1300,0.3756,-0.4965,0.5199,19.59419160,-99.22809300,2.524,-3.1246,-2.3483,3.0006,1.6123,-1.7407,0.4764,2.3727,0.4764,0.4186,1.8466,0.5236,1.0166,-0.0794,0.8062,-0.8704,0.2382,0.0000,-0.0000,0.0000,0.0000,-0.0000,-0.0000,1.7737,-0.9241,0.2382,0.3848
1779902981.956490,1.7030,circle,-3.0467,-1.3513,2.0006,2.1400,-1.5300,0.0046,-0.0779,1.0197,3.2518,-2.3293,19.59420680,-99.22810010,2.001,-4.7369,-0.6076,2.5241,0.8100,-1.1300,0.3756,-0.4965,0.5199,19.59419160,-99.22809300,2.524,-3.1246,-2.3483,3.0006,1.6123,-1.7407,0.4764,2.3727,0.4764,0.4186,1.8466,0.5236,1.0166,-0.0794,0.8062,-0.8704,0.2382,0.0000,-0.0000,0.0000,0.0000,-0.0000,-0.0000,1.7737,-0.9241,0.2382,0.3848
1779902982.003967,1.7500,circle,-3.0467,-1.3513,2.0006,2.1400,-1.5300,0.0046,-0.0779,1.0197,3.4480,-2.0276,19.59420680,-99.22810010,2.001,-4.7369,-0.6076,2.5241,0.8100,-1.1300,0.3756,-0.4965,0.5199,19.59419160,-99.22809300,2.524,-3.1246,-2.3483,3.0006,1.6123,-1.7407,0.4764,2.3727,0.4764,0.4186,1.8466,0.5236,1.0166,-0.0794,0.8062,-0.8704,0.2382,0.0000,-0.0000,0.0000,0.0000,-0.0000,-0.0000,1.7737,-0.9241,0.2382,0.3848
1779902982.054863,1.7970,circle,-3.0467,-1.3513,2.0006,2.1400,-1.5300,0.0046,-0.0779,1.0197,3.5634,-1.8172,19.59420680,-99.22810010,2.001,-4.5034,-0.8799,2.5241,1.0700,-1.0700,0.3756,-0.4125,0.2147,19.59419370,-99.22809560,2.524,-3.1246,-2.3483,3.0006,1.3788,-1.4684,0.4764,2.0143,0.4764,0.3346,1.5310,0.5236,1.0166,-0.0794,0.6894,-0.7342,0.2382,0.0000,-0.0000,0.0000,0.0000,-0.0000,-0.0000,1.7060,-0.8135,0.2382,0.3482
1779902982.108974,1.8600,circle,-3.0467,-1.3513,2.0006,2.1400,-1.5300,0.0046,-0.0779,1.0197,3.7123,-1.4896,19.59420680,-99.22810010,2.001,-4.5034,-0.8799,2.6096,1.0700,-1.0700,0.2866,-0.4125,0.2147,19.59419370,-99.22809560,2.610,-3.1246,-2.3483,3.0006,1.3788,-1.4684,0.3909,2.0143,0.3909,0.3346,1.5310,0.6091,1.0166,-0.0794,0.6894,-0.7342,0.1955,0.0000,-0.0000,0.0000,0.0000,-0.0000,-0.0000,1.7060,-0.8135,0.1955,0.3482
1779902982.150219,1.9060,circle,-2.4463,-1.6970,2.0018,2.6900,-1.1700,0.0030,0.2033,1.0996,3.7553,-1.3776,19.59421220,-99.22810340,2.002,-4.5034,-0.8799,2.6096,1.0700,-1.0700,0.2866,-0.4125,0.2147,19.59419370,-99.22809560,2.610,-2.2444,-2.6765,3.0018,2.2590,-1.7965,0.3922,2.8862,0.3922,0.6157,2.2134,0.6078,1.0770,0.2220,1.1295,-0.8983,0.1961,0.0000,-0.0000,0.0000,0.0000,-0.0000,-0.0000,1.9122,-0.5861,0.1961,0.5811
1779902982.194892,1.9380,circle,-2.4463,-1.6970,2.0018,2.6900,-1.1700,0.0030,0.2033,1.0996,3.8639,-1.0345,19.59421220,-99.22810340,2.002,-4.5034,-0.8799,2.6096,1.0700,-1.0700,0.2866,-0.4125,0.2147,19.59419370,-99.22809560,2.610,-2.2444,-2.6765,3.0018,2.2590,-1.7965,0.3922,2.8862,0.3922,0.6157,2.2134,0.6078,1.0770,0.2220,1.1295,-0.8983,0.1961,0.0000,-0.0000,0.0000,0.0000,-0.0000,-0.0000,1.9122,-0.5861,0.1961,0.5811
1779902982.257634,2.0000,circle,-2.4463,-1.6970,2.0018,2.6900,-1.1700,0.0030,0.2033,1.0996,3.9413,-0.6830,19.59421220,-99.22810340,2.002,-4.5034,-0.8799,2.6096,1.0700,-1.0700,0.2866,-0.4125,0.2147,19.59419370,-99.22809560,2.610,-2.2444,-2.6765,3.0018,2.2590,-1.7965,0.3922,2.8862,0.3922,0.6157,2.2134,0.6078,1.0770,0.2220,1.1295,-0.8983,0.1961,0.0000,-0.0000,0.0000,0.0000,-0.0000,-0.0000,1.9122,-0.5861,0.1961,0.5811
1779902982.308357,2.0630,circle,-2.4463,-1.6970,2.0018,2.6900,-1.1700,0.0030,0.2033,1.0996,3.9751,-0.4454,19.59421220,-99.22810340,2.002,-4.5034,-0.8799,2.6096,1.0700,-1.0700,0.2866,-0.4125,0.2147,19.59419370,-99.22809560,2.610,-2.2444,-2.6765,3.0018,2.2590,-1.7965,0.3922,2.8862,0.3922,0.6157,2.2134,0.6078,1.0770,0.2220,1.1295,-0.8983,0.1961,0.0000,-0.0000,0.0000,0.0000,-0.0000,-0.0000,1.9122,-0.5861,0.1961,0.5811
1779902982.346545,2.0940,circle,-2.4463,-1.6970,2.0018,2.6900,-1.1700,0.0030,0.2033,1.0996,3.9991,-0.0864,19.59421220,-99.22810340,2.002,-4.2032,-1.1418,2.6739,1.3500,-0.9600,0.2123,-0.3490,0.3579,19.59419640,-99.22809810,2.674,-2.2444,-2.6765,3.0018,1.9587,-1.5346,0.3280,2.4883,0.3280,0.5522,1.8425,0.6720,1.0770,0.2220,0.9794,-0.7673,0.1640,0.0000,-0.0000,0.0000,0.0000,-0.0000,-0.0000,1.9332,-0.5127,0.1640,0.5160
1779902982.403310,2.1560,circle,-1.7458,-1.9380,2.0018,3.0300,-0.6000,0.0030,0.4901,1.0779,3.9971,0.1536,19.59421850,-99.22810570,2.002,-4.2032,-1.1418,2.6739,1.3500,-0.9600,0.2123,-0.3490,0.3579,19.59419640,-99.22809810,2.674,-1.2750,-2.8203,3.0018,2.9281,-1.6784,0.3280,3.3751,0.3280,0.8391,2.5832,0.6720,0.9510,0.5074,1.4641,-0.8392,0.1640,0.0000,-0.0000,0.0000,0.0000,0.0000,-0.0000,1.9814,-0.2722,0.1640,0.7433
1779902982.448367,2.2030,circle,-1.7458,-1.9380,2.0028,3.0300,-0.6000,0.0010,0.4901,1.0779,3.9671,0.5122,19.59421850,-99.22810570,2.003,-4.2032,-1.1418,2.6739,1.3500,-0.9600,0.2123,-0.3490,0.3579,19.59419640,-99.22809810,2.674,-1.2750,-2.8203,3.0028,2.9281,-1.6784,0.3290,3.3751,0.3290,0.8391,2.5832,0.6710,0.9510,0.5074,1.4641,-0.8392,0.1645,0.0000,-0.0000,0.0000,0.0000,0.0000,-0.0000,1.9814,-0.2722,0.1645,0.7433
1779902982.496678,2.2500,circle,-1.7458,-1.9380,2.0028,3.0300,-0.6000,0.0010,0.4901,1.0779,3.9292,0.7492,19.59421850,-99.22810570,2.003,-4.2032,-1.1418,2.6739,1.3500,-0.9600,0.2123,-0.3490,0.3579,19.59419640,-99.22809810,2.674,-1.2750,-2.8203,3.0028,2.9281,-1.6784,0.3290,3.3751,0.3290,0.8391,2.5832,0.6710,0.9510,0.5074,1.4641,-0.8392,0.1645,0.0000,-0.0000,0.0000,0.0000,0.0000,-0.0000,1.9814,-0.2722,0.1645,0.7433
1779902982.547582,2.2970,circle,-1.7458,-1.9380,2.0028,3.0300,-0.6000,0.0010,0.4901,1.0779,3.8772,0.9834,19.59421850,-99.22810570,2.003,-4.2032,-1.1418,2.6739,1.3500,-0.9600,0.2123,-0.3490,0.3579,19.59419640,-99.22809810,2.674,-1.2750,-2.8203,3.0028,2.9281,-1.6784,0.3290,3.3751,0.3290,0.8391,2.5832,0.6710,0.9510,0.5074,1.4641,-0.8392,0.1645,0.0000,-0.0000,0.0000,0.0000,0.0000,-0.0000,1.9814,-0.2722,0.1645,0.7433
1779902982.601396,2.3440,circle,-1.7458,-1.9380,2.0028,3.0300,-0.6000,0.0010,0.4901,1.0779,3.7731,1.3279,19.59421850,-99.22810570,2.003,-3.8362,-1.3723,2.7224,1.6000,-0.7500,0.1598,-0.2015,0.7560,19.59419970,-99.22810030,2.722,-1.2750,-2.8203,3.0028,2.5612,-1.4480,0.2804,2.9422,0.2804,0.6916,2.1656,0.7196,0.9510,0.5074,1.2806,-0.7240,0.1402,0.0000,-0.0000,0.0000,0.0000,0.0000,-0.0000,1.9906,-0.1932,0.1402,0.5854
1779902982.658307,2.4060,circle,-0.9785,-2.0218,2.0034,3.1300,0.0400,-0.0010,0.7666,1.0428,3.6385,1.6617,19.59422540,-99.22810650,2.003,-3.8362,-1.3723,2.7224,1.6000,-0.7500,0.1598,-0.2015,0.7560,19.59419970,-99.22810030,2.722,-0.2848,-2.7420,3.0034,3.5514,-1.3697,0.2809,3.8064,0.2809,0.9681,2.9306,0.7191,0.7511,0.7234,1.7757,-0.6849,0.1405,0.0000,-0.0000,0.0000,0.0000,0.0000,-0.0000,1.9998,0.0305,0.1405,0.8031
1779902982.703496,2.4530,circle,-0.9785,-2.0218,2.0034,3.1300,0.0400,-0.0010,0.7666,1.0428,3.5323,1.8769,19.59422540,-99.22810650,2.003,-3.8362,-1.3723,2.7224,1.6000,-0.7500,0.1598,-0.2015,0.7560,19.59419970,-99.22810030,2.722,-0.2848,-2.7420,3.0034,3.5514,-1.3697,0.2809,3.8064,0.2809,0.9681,2.9306,0.7191,0.7511,0.7234,1.7757,-0.6849,0.1405,0.0000,-0.0000,0.0000,0.0000,0.0000,-0.0000,1.9998,0.0305,0.1405,0.8031
1779902982.751323,2.5000,circle,-0.9785,-2.0218,2.0034,3.1300,0.0400,-0.0010,0.7666,1.0428,3.3493,2.1868,19.59422540,-99.22810650,2.003,-3.8362,-1.3723,2.7224,1.6000,-0.7500,0.1598,-0.2015,0.7560,19.59419970,-99.22810030,2.722,-0.2848,-2.7420,3.0034,3.5514,-1.3697,0.2809,3.8064,0.2809,0.9681,2.9306,0.7191,0.7511,0.7234,1.7757,-0.6849,0.1405,0.0000,-0.0000,0.0000,0.0000,0.0000,-0.0000,1.9998,0.0305,0.1405,0.8031
1779902982.802088,2.5470,circle,-0.9785,-2.0218,2.0034,3.1300,0.0400,-0.0010,0.7666,1.0428,3.2122,2.3837,19.59422540,-99.22810650,2.003,-3.8362,-1.3723,2.7224,1.6000,-0.7500,0.1598,-0.2015,0.7560,19.59419970,-99.22810030,2.722,-0.2848,-2.7420,3.0034,3.5514,-1.3697,0.2809,3.8064,0.2809,0.9681,2.9306,0.7191,0.7511,0.7234,1.7757,-0.6849,0.1405,0.0000,-0.0000,0.0000,0.0000,0.0000,-0.0000,1.9998,0.0305,0.1405,0.8031
1779902982.856596,2.6100,circle,-0.9785,-2.0218,2.0034,3.1300,0.0400,-0.0010,0.7666,1.0428,2.9849,2.6627,19.59422540,-99.22810650,2.003,-3.4137,-1.5399,2.7598,1.7600,-0.4900,0.1258,0.0255,0.9432,19.59420350,-99.22810190,2.760,-0.2848,-2.7420,3.0034,3.1289,-1.2021,0.2436,3.3519,0.2436,0.7411,2.4824,0.7564,0.7511,0.7234,1.5644,-0.6011,0.1218,0.0000,-0.0000,0.0000,0.0000,0.0000,-0.0000,1.9972,0.1055,0.1218,0.6029
1779902982.899517,2.6560,circle,-0.2224,-1.9589,2.0034,3.0000,0.6800,-0.0010,1.0368,1.0422,2.8199,2.8369,19.59423220,-99.22810590,2.003,-3.4137,-1.5399,2.7598,1.7600,-0.4900,0.1258,0.0255,0.9432,19.59420350,-99.22810190,2.760,0.6384,-2.4679,3.0034,4.0521,-0.9280,0.2436,4.1570,0.2436,1.0113,3.2187,0.7564,0.5305,0.8971,2.0260,-0.4640,0.1218,0.0000,-0.0000,0.0000,0.0000,0.0000,-0.0000,1.9719,0.3341,0.1218,0.8189
1779902982.944489,2.6880,circle,-0.2224,-1.9589,2.0034,3.0000,0.6800,-0.0031,1.0368,1.0422,2.5535,3.0789,19.59423220,-99.22810590,2.003,-3.4137,-1.5399,2.7598,1.7600,-0.4900,0.1258,0.0255,0.9432,19.59420350,-99.22810190,2.760,0.6384,-2.4679,3.0034,4.0521,-0.9280,0.2436,4.1570,0.2436,1.0113,3.2187,0.7564,0.5305,0.8971,2.0260,-0.4640,0.1218,0.0000,-0.0000,0.0000,0.0000,0.0000,-0.0000,1.9719,0.3341,0.1218,0.8189
1779902983.007072,2.7500,circle,-0.2224,-1.9589,2.0034,3.0000,0.6800,-0.0031,1.0368,1.0422,2.2665,3.2959,19.59423220,-99.22810590,2.003,-3.4137,-1.5399,2.7598,1.7600,-0.4900,0.1258,0.0255,0.9432,19.59420350,-99.22810190,2.760,0.6384,-2.4679,3.0034,4.0521,-0.9280,0.2436,4.1570,0.2436,1.0113,3.2187,0.7564,0.5305,0.8971,2.0260,-0.4640,0.1218,0.0000,-0.0000,0.0000,0.0000,0.0000,-0.0000,1.9719,0.3341,0.1218,0.8189
1779902983.057447,2.8130,circle,-0.2224,-1.9589,2.0034,3.0000,0.6800,-0.0031,1.0368,1.0422,2.0647,3.4259,19.59423220,-99.22810590,2.003,-3.4137,-1.5399,2.7598,1.7600,-0.4900,0.1258,0.2553,0.8562,19.59420350,-99.22810190,2.760,0.6384,-2.4679,3.0034,4.0521,-0.9280,0.2436,4.1570,0.2436,0.7815,3.2187,0.7564,0.5305,0.8971,2.0260,-0.4640,0.1218,0.0000,-0.0000,0.0000,0.0000,0.0000,-0.0000,1.9719,0.3341,0.1218,0.6438
1779902983.101213,2.8440,circle,-0.2224,-1.9589,2.0034,3.0000,0.6800,-0.0031,1.0368,1.0422,1.8556,3.5436,19.59423220,-99.22810590,2.003,-2.9578,-1.6342,2.7895,1.8600,-0.2200,0.1054,0.2553,0.8562,19.59420760,-99.22810280,2.789,0.6384,-2.4679,3.0034,3.5962,-0.8338,0.2139,3.6915,0.2139,0.7815,2.7546,0.7861,0.5305,0.8971,1.7981,-0.4169,0.1070,0.0000,-0.0000,0.0000,0.0000,0.0000,-0.0000,1.9588,0.4040,0.1070,0.6438
1779902983.158345,2.9060,circle,0.4893,-1.7389,2.0030,2.6800,1.2500,-0.0040,1.3088,1.0578,1.5296,3.6960,19.59423860,-99.22810380,2.003,-2.9578,-1.6342,2.7895,1.8600,-0.2200,0.1054,0.2553,0.8562,19.59420760,-99.22810280,2.789,1.4551,-1.9980,3.0030,4.4129,-0.3638,0.2136,4.4279,0.2136,1.0535,3.4486,0.7864,0.2740,1.0217,2.2065,-0.1819,0.1068,0.0000,-0.0000,0.0000,0.0000,0.0000,-0.0000,1.8944,0.6414,0.1068,0.8630
1779902983.202928,2.9530,circle,0.4893,-1.7389,2.0030,2.6800,1.2500,-0.0040,1.3088,1.0578,1.1912,3.8185,19.59423860,-99.22810380,2.003,-2.9578,-1.6342,2.7895,1.8600,-0.2200,0.1054,0.2553,0.8562,19.59420760,-99.22810280,2.789,1.4551,-1.9980,3.0030,4.4129,-0.3638,0.2136,4.4279,0.2136,1.0535,3.4486,0.7864,0.2740,1.0217,2.2065,-0.1819,0.1068,0.0000,-0.0000,0.0000,0.0000,0.0000,-0.0000,1.8944,0.6414,0.1068,0.8630
1779902983.251272,3.0000,circle,0.4893,-1.7389,2.0030,2.6800,1.2500,-0.0040,1.3088,1.0578,1.0761,3.8525,19.59423860,-99.22810380,2.003,-2.9578,-1.6342,2.7895,1.8600,-0.2200,0.1054,0.2553,0.8562,19.59420760,-99.22810280,2.789,1.4551,-1.9980,3.0030,4.4129,-0.3638,0.2136,4.4279,0.2136,1.0535,3.4486,0.7864,0.2740,1.0217,2.2065,-0.1819,0.1068,0.0000,-0.0000,0.0000,0.0000,0.0000,-0.0000,1.8944,0.6414,0.1068,0.8630
1779902983.301852,3.0470,circle,0.4893,-1.7389,2.0030,2.6800,1.2500,-0.0040,1.3088,1.0578,0.6072,3.9536,19.59423860,-99.22810380,2.003,-2.9578,-1.6342,2.7895,1.8600,-0.2200,0.1054,0.2553,0.8562,19.59420760,-99.22810280,2.789,1.4551,-1.9980,3.0030,4.4129,-0.3638,0.2136,4.4279,0.2136,1.0535,3.4486,0.7864,0.2740,1.0217,2.2065,-0.1819,0.1068,0.0000,-0.0000,0.0000,0.0000,0.0000,-0.0000,1.8944,0.6414,0.1068,0.8630
1779902983.365126,3.1100,circle,0.4893,-1.7389,2.0030,2.6800,1.2500,-0.0040,1.3088,1.0578,0.3690,3.9829,19.59423860,-99.22810380,2.003,-2.4796,-1.6656,2.8149,1.9000,0.0600,0.0935,0.4529,0.7316,19.59421190,-99.22810310,2.815,1.4551,-1.9980,3.0030,3.9348,-0.3323,0.1881,3.9488,0.1881,0.8559,2.9698,0.8119,0.2740,1.0217,1.9674,-0.1662,0.0941,0.0000,-0.0000,0.0000,0.0000,0.0000,-0.0000,1.8685,0.7132,0.0941,0.7173
1779902983.405913,3.1560,circle,1.1119,-1.3933,2.0025,2.2200,1.6900,-0.0043,1.5837,1.0618,0.1295,3.9979,19.59424420,-99.22810050,2.003,-2.4796,-1.6656,2.8149,1.9000,0.0600,0.0935,0.4529,0.7316,19.59421190,-99.22810310,2.815,2.1119,-1.3803,3.0025,4.5915,0.2853,0.1876,4.6004,0.1876,1.1309,3.6019,0.8124,-0.0137,1.0617,2.2958,0.1427,0.0938,0.0000,-0.0000,0.0000,0.0000,0.0000,-0.0000,1.7688,0.9335,0.0938,0.9377
1779902983.451048,3.2030,circle,1.1119,-1.3933,2.0025,2.2200,1.6900,-0.0043,1.5837,1.0618,-0.2303,3.9934,19.59424420,-99.22810050,2.003,-2.4796,-1.6656,2.8149,1.9000,0.0600,0.0935,0.4529,0.7316,19.59421190,-99.22810310,2.815,2.1119,-1.3803,3.0025,4.5915,0.2853,0.1876,4.6004,0.1876,1.1309,3.6019,0.8124,-0.0137,1.0617,2.2958,0.1427,0.0938,0.0000,-0.0000,0.0000,0.0000,0.0000,-0.0000,1.7688,0.9335,0.0938,0.9377
1779902983.498882,3.2500,circle,1.1119,-1.3933,2.0025,2.2200,1.6900,-0.0043,1.5837,1.0618,-0.4694,3.9724,19.59424420,-99.22810050,2.003,-2.4796,-1.6656,2.8149,1.9000,0.0600,0.0935,0.4529,0.7316,19.59421190,-99.22810310,2.815,2.1119,-1.3803,3.0025,4.5915,0.2853,0.1876,4.6004,0.1876,1.1309,3.6019,0.8124,-0.0137,1.0617,2.2958,0.1427,0.0938,0.0000,-0.0000,0.0000,0.0000,0.0000,-0.0000,1.7688,0.9335,0.0938,0.9377
1779902983.549821,3.2970,circle,1.1119,-1.3933,2.0025,2.2200,1.6900,-0.0043,1.5837,1.0618,-0.7067,3.9371,19.59424420,-99.22810050,2.003,-2.4796,-1.6656,2.8149,1.9000,0.0600,0.0935,0.4529,0.7316,19.59421190,-99.22810310,2.815,2.1119,-1.3803,3.0025,4.5915,0.2853,0.1876,4.6004,0.1876,1.1309,3.6019,0.8124,-0.0137,1.0617,2.2958,0.1427,0.0938,0.0000,-0.0000,0.0000,0.0000,0.0000,-0.0000,1.7688,0.9335,0.0938,0.9377
1779902983.604201,3.3600,circle,1.1119,-1.3933,2.0025,2.2200,1.6900,-0.0043,1.5837,1.0618,-1.0577,3.8576,19.59424420,-99.22810050,2.003,-2.0015,-1.6342,2.8377,1.8800,0.3400,0.0854,0.6449,0.8056,19.59421620,-99.22810280,2.838,2.1119,-1.3803,3.0025,4.1134,0.2539,0.1649,4.1212,0.1649,0.9389,3.1228,0.8351,-0.0137,1.0617,2.0567,0.1269,0.0824,0.0000,-0.0000,0.0000,0.0000,0.0000,-0.0000,1.7287,1.0058,0.0824,0.7767
1779902983.645611,3.3910,circle,1.6123,-0.9428,2.0025,1.6500,1.9900,-0.0043,1.8567,1.0532,-1.4001,3.7469,19.59424870,-99.22809620,2.003,-2.0015,-1.6342,2.8377,1.8800,0.3400,0.0854,0.6449,0.8056,19.59421620,-99.22810280,2.838,2.5717,-0.6608,3.0025,4.5732,0.9734,0.1649,4.6757,0.1649,1.2118,3.6794,0.8351,-0.2970,1.0104,2.2866,0.4867,0.0824,0.0000,-0.0000,0.0000,-0.0000,0.0000,-0.0000,1.5981,1.2025,0.0824,0.9942
1779902983.705770,3.4530,circle,1.6123,-0.9428,2.0016,1.6500,1.9900,-0.0037,1.8567,1.0532,-1.6223,3.6562,19.59424870,-99.22809620,2.002,-2.0015,-1.6342,2.8377,1.8800,0.3400,0.0854,0.6449,0.8056,19.59421620,-99.22810280,2.838,2.5717,-0.6608,3.0016,4.5732,0.9734,0.1640,4.6757,0.1640,1.2118,3.6794,0.8360,-0.2970,1.0104,2.2866,0.4867,0.0820,0.0000,-0.0000,0.0000,-0.0000,0.0000,-0.0000,1.5981,1.2025,0.0820,0.9942
1779902983.753681,3.5000,circle,1.6123,-0.9428,2.0016,1.6500,1.9900,-0.0037,1.8567,1.0532,-1.9444,3.4956,19.59424870,-99.22809620,2.002,-2.0015,-1.6342,2.8377,1.8800,0.3400,0.0854,0.6449,0.8056,19.59421620,-99.22810280,2.838,2.5717,-0.6608,3.0016,4.5732,0.9734,0.1640,4.6757,0.1640,1.2118,3.6794,0.8360,-0.2970,1.0104,2.2866,0.4867,0.0820,0.0000,-0.0000,0.0000,-0.0000,0.0000,-0.0000,1.5981,1.2025,0.0820,0.9942
1779902983.804235,3.5470,circle,1.6123,-0.9428,2.0016,1.6500,1.9900,-0.0037,1.8567,1.0532,-2.1505,3.3728,19.59424870,-99.22809620,2.002,-1.5345,-1.5294,2.8377,1.8100,0.6300,0.0854,0.8710,0.9604,19.59422040,-99.22810180,2.838,2.5717,-0.6608,3.0016,4.1062,0.8687,0.1640,4.1971,0.1640,0.9857,3.2010,0.8360,-0.2970,1.0104,2.0531,0.4343,0.0820,0.0000,-0.0000,0.0000,-0.0000,0.0000,-0.0000,1.5445,1.2707,0.0820,0.7978
1779902983.858042,3.6100,circle,1.6123,-0.9428,2.0016,1.6500,1.9900,-0.0037,1.8567,1.0532,-2.4449,3.1658,19.59424870,-99.22809620,2.002,-1.5345,-1.5294,2.8582,1.8100,0.6300,0.0788,0.8710,0.9604,19.59422040,-99.22810180,2.858,2.5717,-0.6608,3.0016,4.1062,0.8687,0.1434,4.1971,0.1434,0.9857,3.2010,0.8566,-0.2970,1.0104,2.0531,0.4343,0.0717,0.0000,-0.0000,0.0000,-0.0000,0.0000,-0.0000,1.5445,1.2707,0.0717,0.7978
1779902983.901256,3.6560,circle,1.9570,-0.4504,2.0016,1.0300,2.0800,-0.0037,2.1299,1.0493,-2.6303,3.0135,19.59425180,-99.22809150,2.002,-1.5345,-1.5294,2.8582,1.8100,0.6300,0.0788,0.8710,0.9604,19.59422040,-99.22810180,2.858,2.8048,0.0800,3.0016,4.3393,1.6094,0.1434,4.6281,0.1434,1.2589,3.6544,0.8566,-0.5566,0.8896,2.1696,0.8047,0.0717,0.0000,-0.0000,0.0000,-0.0000,0.0000,-0.0000,1.3791,1.4485,0.0717,1.0000
1779902983.946293,3.7030,circle,1.9570,-0.4504,2.0007,1.0300,2.0800,-0.0025,2.1299,1.0493,-2.8063,2.8504,19.59425180,-99.22809150,2.001,-1.5345,-1.5294,2.8582,1.8100,0.6300,0.0788,0.8710,0.9604,19.59422040,-99.22810180,2.858,2.8048,0.0800,3.0007,4.3393,1.6094,0.1424,4.6281,0.1424,1.2589,3.6544,0.8576,-0.5566,0.8896,2.1696,0.8047,0.0712,0.0000,-0.0000,0.0000,-0.0000,0.0000,-0.0000,1.3791,1.4485,0.0712,1.0000
1779902983.994243,3.7500,circle,1.9570,-0.4504,2.0007,1.0300,2.0800,-0.0025,2.1299,1.0493,-3.0511,2.5866,19.59425180,-99.22809150,2.001,-1.5345,-1.5294,2.8582,1.8100,0.6300,0.0788,0.8710,0.9604,19.59422040,-99.22810180,2.858,2.8048,0.0800,3.0007,4.3393,1.6094,0.1424,4.6281,0.1424,1.2589,3.6544,0.8576,-0.5566,0.8896,2.1696,0.8047,0.0712,0.0000,-0.0000,0.0000,-0.0000,0.0000,-0.0000,1.3791,1.4485,0.0712,1.0000
1779902984.044795,3.7970,circle,1.9570,-0.4504,2.0007,1.0300,2.0800,-0.0025,2.1299,1.0493,-3.2008,2.3990,19.59425180,-99.22809150,2.001,-1.5345,-1.5294,2.8582,1.8100,0.6300,0.0788,0.8710,0.9604,19.59422040,-99.22810180,2.858,2.8048,0.0800,3.0007,4.3393,1.6094,0.1424,4.6281,0.1424,1.2589,3.6544,0.8576,-0.5566,0.8896,2.1696,0.8047,0.0712,0.0000,-0.0000,0.0000,-0.0000,0.0000,-0.0000,1.3791,1.4485,0.0712,1.0000
1779902984.098767,3.8440,circle,1.9570,-0.4504,2.0007,1.0300,2.0800,-0.0025,2.1299,1.0493,-3.4034,2.1016,19.59425180,-99.22809150,2.001,-1.0786,-1.3513,2.8772,1.7000,0.9100,0.0726,1.1235,1.0044,19.59422450,-99.22810010,2.877,2.8048,0.0800,3.0007,3.8834,1.4313,0.1235,4.1387,0.1235,1.0064,3.1665,0.8765,-0.5566,0.8896,1.9417,0.7157,0.0618,0.0000,-0.0000,0.0000,-0.0000,0.0000,-0.0000,1.3066,1.5142,0.0618,0.8096
1779902984.155706,3.9060,circle,2.1461,0.0524,1.9998,0.4100,1.9400,-0.0014,2.4034,1.0509,-3.5785,1.7872,19.59425350,-99.22808670,2.000,-1.0786,-1.3513,2.8772,1.7000,0.9100,0.0726,1.1235,1.0044,19.59422450,-99.22810010,2.877,2.8190,0.7921,2.9998,3.8976,2.1434,0.1227,4.4481,0.1227,1.2800,3.5169,0.8773,-0.7773,0.7072,1.9488,1.0717,0.0613,0.0000,-0.0000,0.0000,-0.0000,0.0000,-0.0000,1.1000,1.6703,0.0613,1.0000
1779902984.202220,3.9530,circle,2.1461,0.0524,1.9998,0.4100,1.9400,-0.0014,2.4034,1.0509,-3.6793,1.5694,19.59425350,-99.22808670,2.000,-1.0786,-1.3513,2.8772,1.7000,0.9100,0.0726,1.1235,1.0044,19.59422450,-99.22810010,2.877,2.8190,0.7921,2.9998,3.8976,2.1434,0.1227,4.4481,0.1227,1.2800,3.5169,0.8773,-0.7773,0.7072,1.9488,1.0717,0.0613,0.0000,-0.0000,0.0000,-0.0000,0.0000,-0.0000,1.1000,1.6703,0.0613,1.0000
1779902984.249954,4.0000,circle,2.1461,0.0524,1.9998,0.4100,1.9400,-0.0014,2.4034,1.0509,-3.7668,1.3460,19.59425350,-99.22808670,2.000,-1.0786,-1.3513,2.8772,1.7000,0.9100,0.0726,1.1235,1.0044,19.59422450,-99.22810010,2.877,2.8190,0.7921,2.9998,3.8976,2.1434,0.1227,4.4481,0.1227,1.2800,3.5169,0.8773,-0.7773,0.7072,1.9488,1.0717,0.0613,0.0000,-0.0000,0.0000,-0.0000,0.0000,-0.0000,1.1000,1.6703,0.0613,1.0000
1779902984.300576,4.0470,circle,2.1461,0.0524,1.9998,0.4100,1.9400,-0.0014,2.4034,1.0509,-3.9008,0.8853,19.59425350,-99.22808670,2.000,-1.0786,-1.3513,2.8772,1.7000,0.9100,0.0726,1.1235,1.0044,19.59422450,-99.22810010,2.877,2.8190,0.7921,2.9998,3.8976,2.1434,0.1227,4.4481,0.1227,1.2800,3.5169,0.8773,-0.7773,0.7072,1.9488,1.0717,0.0613,0.0000,-0.0000,0.0000,-0.0000,0.0000,-0.0000,1.1000,1.6703,0.0613,1.0000
1779902984.354226,4.1100,circle,2.1461,0.0524,1.9998,0.4100,1.9400,-0.0014,2.4034,1.0509,-3.9469,0.6498,19.59425350,-99.22808670,2.000,-0.6672,-1.0999,2.8944,1.5300,1.1700,0.0652,1.3743,0.9745,19.59422820,-99.22809770,2.894,2.8190,0.7921,2.9998,3.4862,1.8920,0.1054,3.9665,0.1054,1.0292,3.0401,0.8946,-0.7773,0.7072,1.7431,0.9460,0.0527,0.0000,-0.0000,0.0000,-0.0000,0.0000,-0.0000,0.9657,1.6532,0.0527,0.8310
1779902984.399190,4.1410,circle,2.2017,0.4924,1.9998,-0.1300,1.5900,-0.0014,2.6767,1.0530,-3.9787,0.4120,19.59425400,-99.22808250,2.000,-0.6672,-1.0999,2.8944,1.5300,1.1700,0.0652,1.3743,0.9745,19.59422820,-99.22809770,2.894,2.6500,1.3862,2.9998,3.3172,2.4861,0.1054,4.1454,0.1054,1.3024,3.2811,0.8946,-0.9412,0.4721,1.6586,1.2431,0.0527,0.0000,-0.0000,0.0000,-0.0000,0.0000,-0.0000,0.7174,1.7152,0.0527,1.0000
1779902984.458855,4.2030,tail,2.2017,0.4924,1.9991,-0.1300,1.5900,-0.0004,2.6767,1.0530,-3.9963,0.1727,19.59425400,-99.22808250,1.999,-0.6672,-1.0999,2.8944,1.5300,1.1700,0.0652,1.3743,0.9745,19.59422820,-99.22809770,2.894,2.6500,1.3862,2.9991,3.3172,2.4861,0.1047,4.1454,0.1047,1.3024,3.2811,0.8953,-0.9412,0.4721,1.6586,1.2431,0.0524,0.0000,-0.0000,0.0000,-0.0000,0.0000,-0.0000,0.7174,1.7152,0.0524,1.0000
1779902984.506804,4.2500,tail,2.2017,0.4924,1.9991,-0.1300,1.5900,-0.0004,2.6767,1.0530,-3.9963,0.1727,19.59425400,-99.22808250,1.999,-0.6672,-1.0999,2.8944,1.5300,1.1700,0.0652,1.3743,0.9745,19.59422820,-99.22809770,2.894,2.6500,1.3862,2.9991,3.3172,2.4861,0.1047,4.1454,0.1047,1.3024,3.2811,0.8953,-0.9412,0.4721,1.6586,1.2431,0.0524,0.0000,-0.0000,0.0000,-0.0000,0.0000,-0.0000,0.7174,1.7152,0.0524,1.0000
1779902984.557946,4.3130,tail,2.2017,0.4924,1.9991,-0.1300,1.5900,-0.0004,2.6767,1.0530,-3.9963,0.1727,19.59425400,-99.22808250,1.999,-0.6672,-1.0999,2.8944,1.5300,1.1700,0.0652,1.6158,0.9383,19.59422820,-99.22809770,2.894,2.6500,1.3862,2.9991,3.3172,2.4861,0.1047,4.1454,0.1047,1.0608,3.2811,0.8953,-0.9412,0.4721,1.6586,1.2431,0.0524,0.0000,-0.0000,0.0000,-0.0000,0.0000,-0.0000,0.7174,1.7152,0.0524,0.8601
1779902984.595639,4.3440,tail,2.2017,0.4924,1.9991,-0.1300,1.5900,-0.0004,2.6767,1.0530,-3.9963,0.1727,19.59425400,-99.22808250,1.999,-0.3002,-0.7857,2.9097,1.3100,1.4000,0.0574,1.6158,0.9383,19.59423150,-99.22809470,2.910,2.6500,1.3862,2.9991,2.9502,2.1719,0.0894,3.6635,0.0894,1.0608,2.8094,0.9106,-0.9412,0.4721,1.4751,1.0859,0.0447,0.0000,-0.0000,0.0000,-0.0000,0.0000,-0.0000,0.5339,1.5580,0.0447,0.8601
1779902984.657158,4.4060,tail,2.1238,0.8380,1.9991,-0.5500,1.1000,-0.0004,2.9442,1.0525,-3.9963,0.1727,19.59425330,-99.22807920,1.999,-0.3002,-0.7857,2.9097,1.3100,1.4000,0.0574,1.6158,0.9383,19.59423150,-99.22809470,2.910,2.3199,1.8186,2.9991,2.6201,2.6043,0.0894,3.6943,0.0894,1.3284,2.9176,0.9106,-1.0320,0.2064,1.3101,1.3022,0.0447,0.0000,-0.0000,0.0000,-0.0000,-0.0000,-0.0000,0.2780,1.5085,0.0447,1.0000
1779902984.701497,4.4530,tail,2.1238,0.8380,1.9984,-0.5500,1.1000,0.0007,2.9442,1.0525,-3.9963,0.1727,19.59425330,-99.22807920,1.998,-0.3002,-0.7857,2.9097,1.3100,1.4000,0.0574,1.6158,0.9383,19.59423150,-99.22809470,2.910,2.3199,1.8186,2.9984,2.6201,2.6043,0.0887,3.6943,0.0887,1.3284,2.9176,0.9113,-1.0320,0.2064,1.3101,1.3022,0.0443,0.0000,0.0000,0.0000,-0.0000,-0.0000,-0.0000,0.2780,1.5085,0.0443,1.0000
1779902984.749027,4.5000,tail,2.1238,0.8380,1.9984,-0.5500,1.1000,0.0007,2.9442,1.0525,-3.9963,0.1727,19.59425330,-99.22807920,1.998,-0.3002,-0.7857,2.9097,1.3100,1.4000,0.0574,1.6158,0.9383,19.59423150,-99.22809470,2.910,2.3199,1.8186,2.9984,2.6201,2.6043,0.0887,3.6943,0.0887,1.3284,2.9176,0.9113,-1.0320,0.2064,1.3101,1.3022,0.0443,0.0000,0.0000,0.0000,-0.0000,-0.0000,-0.0000,0.2780,1.5085,0.0443,1.0000
1779902984.799943,4.5470,tail,2.1238,0.8380,1.9984,-0.5500,1.1000,0.0007,2.9442,1.0525,-3.9963,0.1727,19.59425330,-99.22807920,1.998,-0.3002,-0.7857,2.9097,1.3100,1.4000,0.0574,1.6158,0.9383,19.59423150,-99.22809470,2.910,2.3199,1.8186,2.9984,2.6201,2.6043,0.0887,3.6943,0.0887,1.3284,2.9176,0.9113,-1.0320,0.2064,1.3101,1.3022,0.0443,0.0000,0.0000,0.0000,-0.0000,-0.0000,-0.0000,0.2780,1.5085,0.0443,1.0000
1779902984.853599,4.6100,tail,2.1238,0.8380,1.9984,-0.5500,1.1000,0.0007,2.9442,1.0525,-3.9963,0.1727,19.59425330,-99.22807920,1.998,0.0000,-0.4295,2.9231,1.0100,1.5300,0.0494,1.8572,0.9569,19.59423420,-99.22809130,2.923,2.3199,1.8186,2.9984,2.3199,2.2481,0.0753,3.2305,0.0753,1.0870,2.4733,0.9247,-1.0320,0.2064,1.1600,1.1241,0.0377,0.0000,0.0000,0.0000,-0.0000,-0.0000,-0.0000,0.1279,1.3304,0.0377,0.8792
1779902984.894259,4.6410,tail,1.9570,1.0580,1.9984,-0.9700,0.6200,0.0007,-3.0850,1.0492,-3.9963,0.1727,19.59425180,-99.22807710,1.998,0.0000,-0.4295,2.9231,1.0100,1.5300,0.0494,1.8572,0.9569,19.59423420,-99.22809130,2.923,1.9005,2.0564,2.9984,1.9005,2.4859,0.0753,3.1292,0.0753,1.3409,2.4582,0.9247,-1.0475,-0.0593,0.9502,1.2430,0.0377,0.0000,0.0000,0.0000,-0.0000,-0.0000,-0.0000,-0.0972,1.1836,0.0377,1.0000
1779902984.953973,4.7030,tail,1.9570,1.0580,1.9977,-0.9700,0.6200,0.0014,-3.0850,1.0492,-3.9963,0.1727,19.59425180,-99.22807710,1.998,0.0000,-0.4295,2.9231,1.0100,1.5300,0.0494,1.8572,0.9569,19.59423420,-99.22809130,2.923,1.9005,2.0564,2.9977,1.9005,2.4859,0.0747,3.1292,0.0747,1.3409,2.4582,0.9253,-1.0475,-0.0593,0.9502,1.2430,0.0373,0.0000,0.0000,0.0000,-0.0000,-0.0000,-0.0000,-0.0972,1.1836,0.0373,1.0000
1779902985.002699,4.7500,tail,1.9570,1.0580,1.9977,-0.9700,0.6200,0.0014,-3.0850,1.0492,-3.9963,0.1727,19.59425180,-99.22807710,1.998,0.0000,-0.4295,2.9231,1.0100,1.5300,0.0494,1.8572,0.9569,19.59423420,-99.22809130,2.923,1.9005,2.0564,2.9977,1.9005,2.4859,0.0747,3.1292,0.0747,1.3409,2.4582,0.9253,-1.0475,-0.0593,0.9502,1.2430,0.0373,0.0000,0.0000,0.0000,-0.0000,-0.0000,-0.0000,-0.0972,1.1836,0.0373,1.0000
1779902985.053327,4.7970,tail,1.9570,1.0580,1.9977,-0.9700,0.6200,0.0014,-3.0850,1.0492,-3.9963,0.1727,19.59425180,-99.22807710,1.998,0.0000,-0.4295,2.9231,1.0100,1.5300,0.0494,1.8572,0.9569,19.59423420,-99.22809130,2.923,1.9005,2.0564,2.9977,1.9005,2.4859,0.0747,3.1292,0.0747,1.3409,2.4582,0.9253,-1.0475,-0.0593,0.9502,1.2430,0.0373,0.0000,0.0000,0.0000,-0.0000,-0.0000,-0.0000,-0.0972,1.1836,0.0373,1.0000
1779902985.107234,4.8600,tail,1.9570,1.0580,1.9977,-0.9700,0.6200,0.0014,-3.0850,1.0492,-3.9963,0.1727,19.59425180,-99.22807710,1.998,0.2224,-0.0524,2.9342,0.6600,1.5100,0.0413,2.1083,0.9976,19.59423620,-99.22808770,2.934,1.9005,2.0564,2.9977,1.6781,2.1088,0.0635,2.6950,0.0635,1.0899,2.0596,0.9365,-1.0475,-0.0593,0.8390,1.0544,0.0317,0.0000,0.0000,0.0000,-0.0000,-0.0000,-0.0000,-0.2084,0.9951,0.0317,0.8771
1779902985.148010,4.8910,tail,1.6568,1.1837,1.9977,-1.4700,0.2400,0.0014,-2.8198,1.0493,-3.9963,0.1727,19.59424910,-99.22807590,1.998,0.2224,-0.0524,2.9342,0.6600,1.5100,0.0413,2.1083,0.9976,19.59423620,-99.22808770,2.934,1.3405,2.1324,2.9977,1.1182,2.1848,0.0635,2.4543,0.0635,1.3551,1.8936,0.9365,-0.9954,-0.3318,0.5591,1.0924,0.0317,0.0000,0.0000,0.0000,-0.0000,-0.0000,-0.0000,-0.4363,0.7606,0.0317,1.0000
1779902985.208082,4.9530,tail,1.6568,1.1837,1.9971,-1.4700,0.2400,0.0021,-2.8198,1.0493,-3.9963,0.1727,19.59424910,-99.22807590,1.997,0.2224,-0.0524,2.9342,0.6600,1.5100,0.0413,2.1083,0.9976,19.59423620,-99.22808770,2.934,1.3405,2.1324,2.9971,1.1182,2.1848,0.0629,2.4543,0.0629,1.3551,1.8936,0.9371,-0.9954,-0.3318,0.5591,1.0924,0.0314,0.0000,0.0000,0.0000,-0.0000,-0.0000,-0.0000,-0.4363,0.7606,0.0314,1.0000
1779902985.256192,5.0000,tail,1.6568,1.1837,1.9971,-1.4700,0.2400,0.0021,-2.8198,1.0493,-3.9963,0.1727,19.59424910,-99.22807590,1.997,0.2224,-0.0524,2.9342,0.6600,1.5100,0.0413,2.1083,0.9976,19.59423620,-99.22808770,2.934,1.3405,2.1324,2.9971,1.1182,2.1848,0.0629,2.4543,0.0629,1.3551,1.8936,0.9371,-0.9954,-0.3318,0.5591,1.0924,0.0314,0.0000,0.0000,0.0000,-0.0000,-0.0000,-0.0000,-0.4363,0.7606,0.0314,1.0000
1779902985.308280,5.0630,tail,1.6568,1.1837,1.9971,-1.4700,0.2400,0.0021,-2.8198,1.0493,-3.9963,0.1727,19.59424910,-99.22807590,1.997,0.2224,-0.0524,2.9342,0.6600,1.5100,0.0413,2.1083,0.9976,19.59423620,-99.22808770,2.934,1.3405,2.1324,2.9971,1.1182,2.1848,0.0629,2.4543,0.0629,1.3551,1.8936,0.9371,-0.9954,-0.3318,0.5591,1.0924,0.0314,0.0000,0.0000,0.0000,-0.0000,-0.0000,-0.0000,-0.4363,0.7606,0.0314,1.0000
1779902985.346387,5.0940,tail,1.6568,1.1837,1.9971,-1.4700,0.2400,0.0021,-2.8198,1.0493,-3.9963,0.1727,19.59424910,-99.22807590,1.997,0.3558,0.3038,2.9436,0.3000,1.3400,0.0344,2.3623,0.9977,19.59423740,-99.22808430,2.944,1.3405,2.1324,2.9971,0.9847,1.8286,0.0535,2.0769,0.0535,1.1010,1.5706,0.9465,-0.9954,-0.3318,0.4924,0.9143,0.0268,0.0000,0.0000,0.0000,-0.0000,-0.0000,-0.0000,-0.5030,0.5825,0.0268,0.8860
1779902985.403060,5.1560,tail,1.1675,1.2047,1.9970,-2.0900,-0.1000,0.0030,-2.5134,1.0510,-3.9963,0.1727,19.59424470,-99.22807570,1.997,0.3558,0.3038,2.9436,0.3000,1.3400,0.0344,2.3623,0.9977,19.59423740,-99.22808430,2.944,0.5799,2.0138,2.9970,0.2241,1.7100,0.0534,1.7246,0.0534,1.4074,1.2126,0.9466,-0.8504,-0.6176,0.1120,0.8550,0.0267,0.0000,0.0000,0.0000,-0.0000,-0.0000,-0.0000,-0.7383,0.2374,0.0267,1.0000
1779902985.448061,5.2030,tail,1.0786,1.2047,1.9969,-2.1800,-0.1400,0.0033,-2.4690,1.0509,-3.9963,0.1727,19.59424390,-99.22807570,1.997,0.3558,0.3038,2.9436,0.3000,1.3400,0.0344,2.3623,0.9977,19.59423740,-99.22808430,2.944,0.4555,1.9869,2.9969,0.0997,1.6831,0.0534,1.6860,0.0534,1.4519,1.1550,0.9466,-0.8220,-0.6547,0.0499,0.8415,0.0267,0.0000,0.0000,0.0000,-0.0000,-0.0000,-0.0000,-0.7721,0.1868,0.0267,1.0000
1779902985.495956,5.2500,tail,0.9896,1.1942,1.9971,-2.2700,-0.1800,0.0043,-2.4259,1.0506,-3.9963,0.1727,19.59424310,-99.22807580,1.997,0.3558,0.3038,2.9436,0.3000,1.3400,0.0344,2.3623,0.9977,19.59423740,-99.22808430,2.944,0.3335,1.9489,2.9971,-0.0223,1.6451,0.0535,1.6452,0.0535,1.4949,1.0930,0.9465,-0.7928,-0.6893,-0.0112,0.8225,0.0267,0.0000,0.0000,0.0000,-0.0000,-0.0000,-0.0000,-0.8040,0.1333,0.0267,1.0000
1779902985.547163,5.2970,tail,0.8562,1.1837,1.9972,-2.3900,-0.2400,0.0053,-2.3626,1.0497,-3.9963,0.1727,19.59424190,-99.22807590,1.997,0.3558,0.3038,2.9436,0.3000,1.3400,0.0344,2.6117,0.9766,19.59423740,-99.22808430,2.944,0.1537,1.8954,2.9972,-0.2022,1.5916,0.0536,1.6044,0.0536,1.3088,1.0123,0.9464,-0.7470,-0.7374,-0.1011,0.7958,0.0268,0.0000,0.0000,0.0000,-0.0000,-0.0000,-0.0000,-0.8481,0.0584,0.0268,1.0000
1779902985.600426,5.3440,tail,0.7005,1.1733,1.9974,-2.5000,-0.3000,0.0071,-2.3007,1.0487,-3.9963,0.1727,19.59424050,-99.22807600,1.997,0.4003,0.6076,2.9516,-0.0400,1.0600,0.0284,2.6117,0.9766,19.59423780,-99.22808140,2.952,-0.0447,1.8400,2.9974,-0.4450,1.2324,0.0459,1.3103,0.0459,1.3708,0.6404,0.9541,-0.6992,-0.7816,-0.2225,0.6162,0.0229,0.0000,0.0000,0.0000,-0.0000,-0.0000,-0.0000,-0.9218,-0.1654,0.0229,1.0000
1779902985.657288,5.4060,tail,0.6005,1.1628,1.9978,-2.5600,-0.3300,0.0089,-2.2598,1.0481,-3.9963,0.1727,19.59423960,-99.22807610,1.998,0.4003,0.6076,2.9516,-0.0400,1.0600,0.0284,2.6117,0.9766,19.59423780,-99.22808140,2.952,-0.1714,1.7986,2.9978,-0.5717,1.1910,0.0462,1.3211,0.0462,1.4116,0.5902,0.9538,-0.6664,-0.8090,-0.2859,0.5955,0.0231,0.0000,0.0000,0.0000,-0.0000,-0.0000,-0.0000,-0.9522,-0.2135,0.0231,1.0000
1779902985.703931,5.4530,tail,0.4559,1.1418,1.9981,-2.6300,-0.3700,0.0097,-2.1990,1.0473,-3.9963,0.1727,19.59423830,-99.22807630,1.998,0.4003,0.6076,2.9516,-0.0400,1.0600,0.0284,2.6117,0.9766,19.59423780,-99.22808140,2.952,-0.3532,1.7295,2.9981,-0.7535,1.1220,0.0466,1.3515,0.0466,1.4725,0.5371,0.9534,-0.6155,-0.8473,-0.3767,0.5610,0.0233,0.0000,0.0000,0.0000,-0.0000,-0.0000,-0.0000,-0.9922,-0.2864,0.0233,1.0000
1779902985.752098,5.5000,tail,0.3447,1.1209,1.9985,-2.6800,-0.3900,0.0103,-2.1586,1.0468,-3.9963,0.1727,19.59423730,-99.22807650,1.998,0.4003,0.6076,2.9516,-0.0400,1.0600,0.0284,2.6117,0.9766,19.59423780,-99.22808140,2.952,-0.4875,1.6754,2.9985,-0.8878,1.0678,0.0469,1.3887,0.0469,1.5129,0.5163,0.9531,-0.5805,-0.8711,-0.4439,0.5339,0.0235,0.0000,0.0000,0.0000,-0.0000,-0.0000,-0.0000,-1.0243,-0.3372,0.0235,1.0000
1779902985.803602,5.5470,tail,0.2335,1.1104,1.9990,-2.7100,-0.4200,0.0103,-2.0978,1.0462,-3.9963,0.1727,19.59423630,-99.22807660,1.999,0.4003,0.6076,2.9516,-0.0400,1.0600,0.0284,2.6117,0.9766,19.59423780,-99.22808140,2.952,-0.6308,1.6133,2.9990,-1.0311,1.0058,0.0475,1.4404,0.0475,1.5737,0.5298,0.9525,-0.5262,-0.9042,-0.5156,0.5029,0.0237,0.0000,0.0000,0.0000,-0.0000,-0.0000,-0.0000,-1.0417,-0.4014,0.0237,1.0000
1779902985.857651,5.6100,tail,0.0222,1.0895,1.9996,-2.7500,-0.4500,0.0091,-2.0366,1.0458,-3.9963,0.1727,19.59423440,-99.22807680,2.000,0.3669,0.8276,2.9581,-0.3900,0.6200,0.0244,2.8583,0.9954,19.59423750,-99.22807930,2.958,-0.8712,1.5386,2.9996,-1.2382,0.7110,0.0415,1.4278,0.0415,1.3883,0.4329,0.9585,-0.4697,-0.9344,-0.6191,0.3555,0.0208,0.0000,0.0000,0.0000,-0.0000,-0.0000,-0.0000,-1.0888,-0.5789,0.0208,1.0000
1779902985.898501,5.6410,tail,-0.0334,1.0790,1.9998,-2.7500,-0.4600,0.0086,-1.9955,1.0456,-3.9963,0.1727,19.59423390,-99.22807690,2.000,0.3669,0.8276,2.9581,-0.3900,0.6200,0.0244,2.8583,0.9954,19.59423750,-99.22807930,2.958,-0.9445,1.4910,2.9998,-1.3115,0.6635,0.0417,1.4697,0.0417,1.4294,0.4727,0.9583,-0.4308,-0.9527,-0.6557,0.3317,0.0208,0.0000,0.0000,0.0000,-0.0000,-0.0000,-0.0000,-1.0866,-0.6210,0.0208,1.0000
1779902985.958071,5.7030,tail,-0.2002,1.0476,2.0000,-2.7600,-0.4800,0.0075,-1.9543,1.0455,-3.9963,0.1727,19.59423240,-99.22807720,2.000,0.3669,0.8276,2.9581,-0.3900,0.6200,0.0244,2.8583,0.9954,19.59423750,-99.22807930,2.958,-1.1275,1.4217,3.0000,-1.4945,0.5941,0.0419,1.6082,0.0419,1.4706,0.6083,0.9581,-0.3911,-0.9696,-0.7472,0.2971,0.0210,0.0000,0.0000,0.0000,-0.0000,-0.0000,-0.0000,-1.1384,-0.6725,0.0210,1.0000
1779902986.006029,5.7500,tail,-0.3669,1.0161,2.0003,-2.7500,-0.4900,0.0052,-1.8922,1.0456,-3.9963,0.1727,19.59423090,-99.22807750,2.000,0.3669,0.8276,2.9581,-0.3900,0.6200,0.0244,2.8583,0.9954,19.59423750,-99.22807930,2.958,-1.3157,1.3320,3.0003,-1.6827,0.5044,0.0422,1.7567,0.0422,1.5327,0.7577,0.9578,-0.3303,-0.9921,-0.8413,0.2522,0.0211,0.0000,0.0000,0.0000,-0.0000,-0.0000,-0.0000,-1.1716,-0.7398,0.0211,1.0000
1779902986.056682,5.8130,tail,-0.4670,0.9952,2.0003,-2.7400,-0.5000,0.0040,-1.8298,1.0457,-3.9963,0.1727,19.59423000,-99.22807770,2.000,0.3669,0.8276,2.9581,-0.3900,0.6200,0.0244,2.8583,0.9954,19.59423750,-99.22807930,2.958,-1.4337,1.2513,3.0003,-1.8006,0.4237,0.0423,1.8498,0.0423,1.5950,0.8506,0.9577,-0.2678,-1.0108,-0.9003,0.2119,0.0211,0.0000,0.0000,0.0000,-0.0000,-0.0000,-0.0000,-1.1681,-0.7989,0.0211,1.0000
1779902986.094780,5.8440,tail,-0.6338,0.9742,2.0003,-2.7200,-0.5100,0.0020,-1.7882,1.0457,-3.9963,0.1727,19.59422850,-99.22807790,2.000,0.2446,0.9219,2.9581,-0.6800,0.1500,0.0244,3.1109,1.0086,19.59423640,-99.22807840,2.958,-1.6103,1.1899,3.0003,-1.8549,0.2680,0.0422,1.8742,0.0422,1.3841,0.8800,0.9578,-0.2255,-1.0211,-0.9275,0.1340,0.0211,0.0000,0.0000,0.0000,-0.0000,-0.0000,-0.0000,-1.1530,-0.8871,0.0211,1.0000
1779902986.151647,5.9060,tail,-0.7450,0.9533,2.0003,-2.7100,-0.5100,0.0010,-1.7465,1.0457,-3.9963,0.1727,19.59422750,-99.22807810,2.000,0.2446,0.9219,2.9640,-0.6800,0.1500,0.0247,3.1109,1.0086,19.59423640,-99.22807840,2.964,-1.7296,1.1280,3.0003,-1.9742,0.2062,0.0362,1.9850,0.0362,1.4258,0.9901,0.9638,-0.1828,-1.0296,-0.9871,0.1031,0.0181,0.0000,0.0000,0.0000,-0.0000,-0.0000,-0.0000,-1.1699,-0.9265,0.0181,1.0000
1779902986.196157,5.9380,tail,-0.8562,0.9323,2.0001,-2.6900,-0.5200,0.0000,-1.7050,1.0376,-3.9963,0.1727,19.59422650,-99.22807830,2.000,0.2446,0.9219,2.9640,-0.6800,0.1500,0.0247,3.1109,1.0086,19.59423640,-99.22807840,2.964,-1.8472,1.0661,3.0001,-2.0918,0.1442,0.0361,2.0968,0.0361,1.4673,1.1009,0.9639,-0.1388,-1.0282,-1.0459,0.0721,0.0181,0.0000,0.0000,0.0000,-0.0000,-0.0000,-0.0000,-1.1847,-0.9561,0.0181,1.0000
1779902986.261275,6.0160,tail,-1.0675,0.8904,1.9996,-2.6400,-0.5200,-0.0017,-1.6260,0.9441,-3.9963,0.1727,19.59422460,-99.22807870,2.000,0.2446,0.9219,2.9640,-0.6800,0.1500,0.0247,3.1109,1.0086,19.59423640,-99.22807840,2.964,-2.0659,0.9456,2.9996,-2.3106,0.0238,0.0355,2.3107,0.0355,1.5462,1.3125,0.9645,-0.0521,-0.9426,-1.1553,0.0119,0.0178,0.0000,0.0000,0.0000,-0.0000,-0.0000,-0.0000,-1.2074,-0.9307,0.0178,1.0000
1779902986.295826,6.0470,tail,-1.1231,0.8799,1.9994,-2.6200,-0.5200,-0.0019,-1.6081,0.9000,-3.9963,0.1727,19.59422410,-99.22807880,1.999,0.2446,0.9219,2.9640,-0.6800,0.1500,0.0247,3.1109,1.0086,19.59423640,-99.22807840,2.964,-2.1224,0.9173,2.9994,-2.3670,-0.0046,0.0354,2.3670,0.0354,1.5641,1.3683,0.9646,-0.0336,-0.8994,-1.1835,-0.0023,0.0177,0.0000,0.0000,0.0000,-0.0000,-0.0000,-0.0000,-1.2171,-0.9017,0.0177,1.0000
1779902986.349645,6.0940,tail,-1.2787,0.8380,1.9991,-2.5800,-0.5200,-0.0025,-1.5611,0.7250,-3.9963,0.1727,19.59422270,-99.22807920,1.999,0.0445,0.9219,2.9697,-0.8900,-0.2600,0.0232,-2.9173,1.0040,19.59423460,-99.22807840,2.970,-2.2787,0.8283,2.9991,-2.3232,-0.0935,0.0294,2.3251,0.0294,1.3562,1.3259,0.9706,0.0070,-0.7250,-1.1616,-0.0468,0.0147,0.0000,0.0000,0.0000,-0.0000,-0.0000,-0.0000,-1.1545,-0.7717,0.0147,1.0000
1779902986.406340,6.1560,tail,-1.3788,0.8171,1.9986,-2.5500,-0.5200,-0.0030,-1.5265,0.5044,-3.9963,0.1727,19.59422180,-99.22807940,1.999,0.0445,0.9219,2.9697,-0.8900,-0.2600,0.0232,-2.9173,1.0040,19.59423460,-99.22807840,2.970,-2.3778,0.7728,2.9986,-2.4223,-0.1490,0.0290,2.4269,0.0290,1.3908,1.4271,0.9710,0.0223,-0.5039,-1.2112,-0.0745,0.0145,0.0000,0.0000,0.0000,-0.0000,-0.0000,-0.0000,-1.1888,-0.5784,0.0145,1.0000
1779902986.452384,6.2030,tail,-1.5345,0.7857,1.9981,-2.4900,-0.5100,-0.0035,-1.5112,0.3472,-3.9963,0.1727,19.59422040,-99.22807970,1.998,0.0445,0.9219,2.9697,-0.8900,-0.2600,0.0232,-2.9173,1.0040,19.59423460,-99.22807840,2.970,-2.5327,0.7261,2.9981,-2.5772,-0.1957,0.0284,2.5846,0.0284,1.4061,1.5848,0.9716,0.0207,-0.3465,-1.2886,-0.0979,0.0142,0.0000,0.0000,0.0000,-0.0000,-0.0000,-0.0000,-1.2679,-0.4444,0.0142,1.0000
1779902986.501044,6.2500,tail,-1.6790,0.7542,1.9972,-2.4400,-0.5100,-0.0037,-1.4999,0.1172,-3.9963,0.1727,19.59421910,-99.22808000,1.997,0.0445,0.9219,2.9697,-0.8900,-0.2600,0.0232,-2.9173,1.0040,19.59423460,-99.22807840,2.970,-2.6765,0.6834,2.9972,-2.7210,-0.2385,0.0276,2.7314,0.0276,1.4175,1.7317,0.9724,0.0083,-0.1169,-1.3605,-0.1192,0.0138,0.0000,0.0000,0.0000,-0.0000,-0.0000,-0.0000,-1.3522,-0.2361,0.0138,1.0000
1779902986.551407,6.2970,tail,-1.7791,0.7333,1.9968,-2.4000,-0.5000,-0.0036,-1.5012,-0.0840,-3.9963,0.1727,19.59421820,-99.22808020,1.997,-0.1890,0.8276,2.9697,-1.0300,-0.5300,0.0232,-2.6633,0.9984,19.59423250,-99.22807930,2.970,-2.7767,0.6638,2.9968,-2.5877,-0.1638,0.0272,2.5928,0.0272,1.1621,1.5929,0.9728,-0.0058,0.0838,-1.2938,-0.0819,0.0136,0.0000,0.0000,0.0000,-0.0000,0.0000,-0.0000,-1.2997,0.0019,0.0136,0.8214
1779902986.605007,6.3600,tail,-1.9237,0.7019,1.9964,-2.3400,-0.4900,-0.0035,-1.5080,-0.1942,-3.9963,0.1727,19.59421690,-99.22808050,1.996,-0.1890,0.8276,2.9747,-1.0300,-0.5300,0.0207,-2.6633,0.9984,19.59423250,-99.22807930,2.975,-2.9217,0.6391,2.9964,-2.7327,-0.1885,0.0218,2.7392,0.0218,1.1553,1.7392,0.9782,-0.0122,0.1938,-1.3663,-0.0942,0.0109,0.0000,0.0000,0.0000,-0.0000,0.0000,-0.0000,-1.3785,0.0996,0.0109,0.8050
1779902986.646008,6.3910,tail,-1.9682,0.6914,1.9958,-2.3200,-0.4900,-0.0033,-1.5128,-0.2410,-3.9963,0.1727,19.59421650,-99.22808060,1.996,-0.1890,0.8276,2.9747,-1.0300,-0.5300,0.0207,-2.6633,0.9984,19.59423250,-99.22807930,2.975,-2.9665,0.6334,2.9958,-2.7774,-0.1941,0.0212,2.7842,0.0212,1.1504,1.7843,0.9788,-0.0140,0.2406,-1.3887,-0.0971,0.0106,-0.0000,0.0000,0.0000,-0.0000,0.0000,-0.0000,-1.4027,0.1436,0.0106,0.7964
1779902986.712668,6.4690,tail,-2.1572,0.6600,1.9950,-2.2300,-0.4800,-0.0027,-1.5390,-0.3692,-3.9963,0.1727,19.59421480,-99.22808090,1.995,-0.1890,0.8276,2.9747,-1.0300,-0.5300,0.0207,-2.6633,0.9984,19.59423250,-99.22807930,2.975,-3.1567,0.6282,2.9950,-2.9676,-0.1994,0.0204,2.9743,0.0204,1.1242,1.9753,0.9796,-0.0117,0.3690,-1.4838,-0.0997,0.0102,-0.0000,0.0000,0.0000,-0.0000,0.0000,-0.0000,-1.4956,0.2693,0.0102,0.7626
1779902986.746283,6.5000,tail,-2.2461,0.6390,1.9947,-2.1800,-0.4700,-0.0021,-1.5546,-0.3973,-3.9963,0.1727,19.59421400,-99.22808110,1.995,-0.1890,0.8276,2.9747,-1.0300,-0.5300,0.0207,-2.6633,0.9984,19.59423250,-99.22807930,2.975,-3.2460,0.6228,2.9947,-3.0570,-0.2048,0.0200,3.0638,0.0200,1.1087,2.0657,0.9800,-0.0064,0.3972,-1.5285,-0.1024,0.0100,-0.0000,0.0000,0.0000,-0.0000,0.0000,-0.0000,-1.5349,0.2949,0.0100,0.7474
1779902986.797888,6.5470,tail,-2.3351,0.6181,1.9942,-2.1400,-0.4600,-0.0017,-1.5706,-0.4036,-3.9963,0.1727,19.59421320,-99.22808130,1.994,-0.1890,0.8276,2.9747,-1.0300,-0.5300,0.0207,-2.6633,0.9984,19.59423250,-99.22807930,2.975,-3.3351,0.6178,2.9942,-3.1461,-0.2097,0.0195,3.1530,0.0195,1.0927,2.1563,0.9805,-0.0001,0.4036,-1.5730,-0.1049,0.0098,-0.0000,0.0000,0.0000,-0.0000,0.0000,-0.0000,-1.5731,0.2988,0.0098,0.7339
1779902986.851600,6.5940,tail,-2.4685,0.5866,1.9937,-2.0600,-0.4500,-0.0010,-1.5936,-0.3778,-3.9963,0.1727,19.59421200,-99.22808160,1.994,-0.4559,0.7123,2.9780,-1.1600,-0.4800,0.0123,-2.4268,0.8663,19.59423010,-99.22808040,2.978,-3.4683,0.6095,2.9937,-3.0124,-0.1029,0.0157,3.0141,0.0157,0.8332,2.0166,0.9843,0.0086,0.3777,-1.5062,-0.0514,0.0079,-0.0000,0.0000,0.0000,-0.0000,0.0000,-0.0000,-1.4976,0.3263,0.0079,0.5421
1779902986.908360,6.6560,tail,-2.5908,0.5552,1.9932,-1.9900,-0.4400,-0.0000,-1.6137,-0.3193,-3.9963,0.1727,19.59421090,-99.22808190,1.993,-0.4559,0.7123,2.9780,-1.1600,-0.4800,0.0123,-2.4268,0.8663,19.59423010,-99.22808040,2.978,-3.5899,0.5981,2.9932,-3.1340,-0.1142,0.0152,3.1361,0.0152,0.8131,2.1407,0.9848,0.0137,0.3190,-1.5670,-0.0571,0.0076,-0.0000,0.0000,0.0000,-0.0000,0.0000,-0.0000,-1.5533,0.2619,0.0076,0.5319
1779902986.956994,6.7030,tail,-2.6353,0.5447,1.9930,-1.9600,-0.4300,0.0002,-1.6195,-0.2948,-3.9963,0.1727,19.59421050,-99.22808200,1.993,-0.4559,0.7123,2.9780,-1.1600,-0.4800,0.0123,-2.4268,0.8663,19.59423010,-99.22808040,2.978,-3.6341,0.5934,2.9930,-3.1782,-0.1189,0.0150,3.1805,0.0150,0.8073,2.1859,0.9850,0.0144,0.2945,-1.5891,-0.0595,0.0075,-0.0000,0.0000,0.0000,-0.0000,0.0000,-0.0000,-1.5748,0.2350,0.0075,0.5297
1779902987.004572,6.7500,tail,-2.7910,0.5133,1.9926,-1.8500,-0.4100,0.0010,-1.6371,-0.1834,-3.9963,0.1727,19.59420910,-99.22808230,1.993,-0.4559,0.7123,2.9780,-1.1600,-0.4800,0.0123,-2.4268,0.8663,19.59423010,-99.22808040,2.978,-3.7888,0.5795,2.9926,-3.3329,-0.1328,0.0146,3.3355,0.0146,0.7897,2.3436,0.9854,0.0121,0.1830,-1.6664,-0.0664,0.0073,-0.0000,0.0000,0.0000,-0.0000,0.0000,-0.0000,-1.6543,0.1166,0.0073,0.5268
1779902987.055102,6.7970,tail,-2.8688,0.4924,1.9923,-1.8000,-0.4000,0.0019,-1.6424,-0.1257,-3.9963,0.1727,19.59420840,-99.22808250,1.992,-0.4559,0.7123,2.9780,-1.1600,-0.4800,0.0123,-2.4268,0.8663,19.59423010,-99.22808040,2.978,-3.8663,0.5639,2.9923,-3.4104,-0.1484,0.0143,3.4136,0.0143,0.7844,2.4229,0.9857,0.0090,0.1253,-1.7052,-0.0742,0.0072,-0.0000,0.0000,0.0000,-0.0000,0.0000,-0.0000,-1.6962,0.0511,0.0072,0.5283
1779902987.108871,6.8600,tail,-2.9689,0.4714,1.9920,-1.7100,-0.3800,0.0027,-1.6463,-0.0439,-3.9963,0.1727,19.59420750,-99.22808270,1.992,-0.7784,0.6285,2.9791,-1.3200,-0.1700,0.0075,-2.2624,0.4965,19.59422720,-99.22808120,2.979,-3.9661,0.5468,2.9920,-3.1877,-0.0817,0.0129,3.1887,0.0129,0.6161,2.1962,0.9871,0.0033,0.0438,-1.5938,-0.0409,0.0064,-0.0000,0.0000,0.0000,-0.0000,-0.0000,-0.0000,-1.5905,0.0029,0.0064,0.4389
1779902987.149499,6.9060,tail,-3.0134,0.4609,1.9919,-1.6800,-0.3800,0.0030,-1.6464,0.0038,-3.9963,0.1727,19.59420710,-99.22808280,1.992,-0.7784,0.6285,2.9791,-1.3200,-0.1700,0.0075,-2.2624,0.4965,19.59422720,-99.22808120,2.979,-4.0105,0.5364,2.9919,-3.2322,-0.0921,0.0128,3.2335,0.0128,0.6160,2.2413,0.9872,-0.0003,-0.0038,-1.6161,-0.0461,0.0064,-0.0000,0.0000,0.0000,-0.0000,-0.0000,-0.0000,-1.6164,-0.0499,0.0064,0.4436
1779902987.194569,6.9380,tail,-3.1135,0.4400,1.9917,-1.6000,-0.3600,0.0039,-1.6435,0.0616,-3.9963,0.1727,19.59420620,-99.22808300,1.992,-0.7784,0.6285,2.9791,-1.3200,-0.1700,0.0075,-2.2624,0.4965,19.59422720,-99.22808120,2.979,-4.1108,0.5126,2.9917,-3.3325,-0.1159,0.0126,3.3345,0.0126,0.6189,2.3427,0.9874,-0.0045,-0.0615,-1.6662,-0.0580,0.0063,-0.0000,0.0000,0.0000,-0.0000,-0.0000,-0.0000,-1.6707,-0.1194,0.0063,0.4516
1779902987.260652,7.0160,tail,-3.2358,0.4085,1.9916,-1.4800,-0.3300,0.0047,-1.6380,0.1009,-3.9963,0.1727,19.59420510,-99.22808330,1.992,-0.7784,0.6285,2.9791,-1.3200,-0.1700,0.0075,-2.2624,0.4965,19.59422720,-99.22808120,2.979,-4.2335,0.4757,2.9916,-3.4552,-0.1529,0.0125,3.4585,0.0125,0.6244,2.4672,0.9875,-0.0068,-0.1007,-1.7276,-0.0764,0.0063,-0.0000,0.0000,0.0000,-0.0000,-0.0000,-0.0000,-1.7344,-0.1771,0.0063,0.4600
1779902987.295284,7.0470,tail,-3.2691,0.3981,1.9916,-1.4500,-0.3300,0.0050,-1.6357,0.1098,-3.9963,0.1727,19.59420480,-99.22808340,1.992,-0.7784,0.6285,2.9791,-1.3200,-0.1700,0.0075,-2.2624,0.4965,19.59422720,-99.22808120,2.979,-4.2670,0.4630,2.9916,-3.4887,-0.1656,0.0124,3.4926,0.0124,0.6267,2.5014,0.9876,-0.0071,-0.1096,-1.7443,-0.0828,0.0062,-0.0000,0.0000,0.0000,-0.0000,-0.0000,-0.0000,-1.7515,-0.1924,0.0062,0.4627
1779902987.348745,7.0940,tail,-3.3247,0.3876,1.9916,-1.3900,-0.3100,0.0057,-1.6309,0.1216,-3.9963,0.1727,19.59420430,-99.22808350,1.992,-1.1231,0.6076,2.9801,-1.4600,-0.0200,0.0087,-2.1659,0.2775,19.59422410,-99.22808140,2.980,-4.3229,0.4477,2.9916,-3.1999,-0.1599,0.0115,3.2038,0.0115,0.5350,2.2126,0.9885,-0.0073,-0.1214,-1.5999,-0.0799,0.0058,-0.0000,0.0000,0.0000,0.0000,-0.0000,-0.0000,-1.6072,-0.2013,0.0058,0.4124
1779902987.405306,7.1560,tail,-3.4137,0.3666,1.9916,-1.3000,-0.2900,0.0065,-1.6210,0.1231,-3.9963,0.1727,19.59420350,-99.22808370,1.992,-1.1231,0.6076,2.9801,-1.4600,-0.0200,0.0087,-2.1659,0.2775,19.59422410,-99.22808140,2.980,-4.4124,0.4168,2.9916,-3.2894,-0.1908,0.0115,3.2949,0.0115,0.5450,2.3033,0.9885,-0.0062,-0.1230,-1.6447,-0.0954,0.0058,-0.0000,0.0000,0.0000,0.0000,-0.0000,-0.0000,-1.6509,-0.2184,0.0058,0.4205
1779902987.453423,7.2030,tail,-3.4915,0.3457,1.9916,-1.2100,-0.2700,0.0069,-1.6163,0.1149,-3.9963,0.1727,19.59420280,-99.22808390,1.992,-1.1231,0.6076,2.9801,-1.4600,-0.0200,0.0087,-2.1659,0.2775,19.59422410,-99.22808140,2.980,-4.4905,0.3912,2.9916,-3.3674,-0.2164,0.0116,3.3744,0.0116,0.5496,2.3829,0.9884,-0.0052,-0.1148,-1.6837,-0.1082,0.0058,-0.0000,0.0000,0.0000,0.0000,-0.0000,-0.0000,-1.6889,-0.2230,0.0058,0.4234
1779902987.501322,7.2500,tail,-3.5471,0.3352,1.9917,-1.1500,-0.2600,0.0075,-1.6121,0.1023,-3.9963,0.1727,19.59420230,-99.22808400,1.992,-1.1231,0.6076,2.9801,-1.4600,-0.0200,0.0087,-2.1659,0.2775,19.59422410,-99.22808140,2.980,-4.5463,0.3765,2.9917,-3.4232,-0.2310,0.0116,3.4310,0.0116,0.5538,2.4393,0.9884,-0.0042,-0.1022,-1.7116,-0.1155,0.0058,-0.0000,0.0000,0.0000,0.0000,-0.0000,-0.0000,-1.7158,-0.2177,0.0058,0.4255
1779902987.552274,7.2970,tail,-3.6138,0.3247,1.9920,-1.0700,-0.2400,0.0081,-1.6070,0.0779,-3.9963,0.1727,19.59420170,-99.22808410,1.992,-1.1231,0.6076,2.9801,-1.4600,-0.0200,0.0087,-2.1659,0.2775,19.59422410,-99.22808140,2.980,-4.6132,0.3609,2.9920,-3.4901,-0.2467,0.0119,3.4988,0.0119,0.5590,2.5068,0.9881,-0.0028,-0.0778,-1.7451,-0.1233,0.0059,-0.0000,0.0000,0.0000,0.0000,-0.0000,-0.0000,-1.7479,-0.2012,0.0059,0.4272
1779902987.606095,7.3600,tail,-3.6583,0.3143,1.9920,-1.0100,-0.2300,0.0082,-1.6045,0.0597,-3.9963,0.1727,19.59420130,-99.22808420,1.992,-1.5011,0.5971,2.9808,-1.5500,-0.0700,0.0077,-2.0898,0.3385,19.59422070,-99.22808150,2.981,-4.6577,0.3480,2.9920,-3.1566,-0.2492,0.0112,3.1664,0.0112,0.4853,2.1756,0.9888,-0.0020,-0.0597,-1.5783,-0.1246,0.0056,-0.0000,0.0000,0.0000,0.0000,-0.0000,0.0000,-1.5803,-0.1842,0.0056,0.3604
1779902987.646660,7.3910,tail,-3.7139,0.2933,1.9921,-0.9300,-0.2100,0.0084,-1.6021,0.0324,-3.9963,0.1727,19.59420080,-99.22808440,1.992,-1.5011,0.5971,2.9808,-1.5500,-0.0700,0.0077,-2.0898,0.3385,19.59422070,-99.22808150,2.981,-4.7134,0.3247,2.9921,-3.2123,-0.2725,0.0113,3.2238,0.0113,0.4877,2.2335,0.9887,-0.0010,-0.0324,-1.6061,-0.1362,0.0057,-0.0000,0.0000,0.0000,0.0000,-0.0000,0.0000,-1.6072,-0.1686,0.0057,0.3595
1779902987.706649,7.4530,tail,-3.7584,0.2828,1.9923,-0.8800,-0.2000,0.0087,-1.6014,0.0153,-3.9963,0.1727,19.59420040,-99.22808450,1.992,-1.5011,0.5971,2.9808,-1.5500,-0.0700,0.0077,-2.0898,0.3385,19.59422070,-99.22808150,2.981,-4.7579,0.3135,2.9923,-3.2568,-0.2836,0.0115,3.2691,0.0115,0.4884,2.2790,0.9885,-0.0005,-0.0152,-1.6284,-0.1418,0.0058,-0.0000,0.0000,0.0000,0.0000,-0.0000,0.0000,-1.6289,-0.1571,0.0058,0.3584
1779902987.754426,7.5000,tail,-3.8140,0.2724,1.9927,-0.8000,-0.1800,0.0089,-1.6016,-0.0072,-3.9963,0.1727,19.59419990,-99.22808460,1.993,-1.5011,0.5971,2.9808,-1.5500,-0.0700,0.0077,-2.0898,0.3385,19.59422070,-99.22808150,2.981,-4.8135,0.3031,2.9927,-3.3124,-0.2940,0.0119,3.3254,0.0119,0.4882,2.3355,0.9881,0.0002,0.0072,-1.6562,-0.1470,0.0059,-0.0000,0.0000,0.0000,0.0000,-0.0000,0.0000,-1.6560,-0.1398,0.0059,0.3560
1779902987.805259,7.5470,tail,-3.8585,0.2619,1.9928,-0.7300,-0.1600,0.0090,-1.6028,-0.0242,-3.9963,0.1727,19.59419950,-99.22808470,1.993,-1.9014,0.5552,2.9808,-1.6100,-0.1200,0.0077,-1.9938,0.4039,19.59421710,-99.22808190,2.981,-4.8580,0.2939,2.9928,-2.9565,-0.2613,0.0120,2.9680,0.0120,0.3910,1.9789,0.9880,0.0008,0.0242,-1.4783,-0.1306,0.0060,-0.0000,0.0000,0.0000,0.0000,-0.0000,0.0000,-1.4775,-0.1064,0.0060,0.2700
1779902987.859325,7.6100,tail,-3.9029,0.2514,1.9932,-0.6600,-0.1500,0.0090,-1.6048,-0.0352,-3.9963,0.1727,19.59419910,-99.22808480,1.993,-1.9014,0.5552,2.9816,-1.6100,-0.1200,0.0085,-1.9938,0.4039,19.59421710,-99.22808190,2.982,-4.9024,0.2855,2.9932,-3.0009,-0.2697,0.0116,3.0130,0.0116,0.3890,2.0244,0.9884,0.0012,0.0352,-1.5005,-0.1349,0.0058,-0.0000,0.0000,0.0000,0.0000,-0.0000,0.0000,-1.4993,-0.0997,0.0058,0.2673
1779902987.900035,7.6560,tail,-3.9252,0.2409,1.9933,-0.6400,-0.1400,0.0089,-1.6056,-0.0375,-3.9963,0.1727,19.59419890,-99.22808490,1.993,-1.9014,0.5552,2.9816,-1.6100,-0.1200,0.0085,-1.9938,0.4039,19.59421710,-99.22808190,2.982,-4.9246,0.2758,2.9933,-3.0231,-0.2794,0.0117,3.0360,0.0117,0.3882,2.0480,0.9883,0.0013,0.0375,-1.5116,-0.1397,0.0058,-0.0000,0.0000,0.0000,0.0000,-0.0000,0.0000,-1.5103,-0.1022,0.0058,0.2664
1779902987.952904,7.7030,tail,-3.9474,0.2409,1.9935,-0.6000,-0.1300,0.0089,-1.6073,-0.0402,-3.9963,0.1727,19.59419870,-99.22808490,1.994,-1.9014,0.5552,2.9816,-1.6100,-0.1200,0.0085,-1.9938,0.4039,19.59421710,-99.22808190,2.982,-4.9468,0.2774,2.9935,-3.0453,-0.2778,0.0119,3.0580,0.0119,0.3865,2.0700,0.9881,0.0015,0.0402,-1.5227,-0.1389,0.0060,-0.0000,0.0000,0.0000,0.0000,-0.0000,0.0000,-1.5212,-0.0987,0.0060,0.2648
1779902988.003024,7.7500,tail,-3.9919,0.2305,1.9938,-0.5400,-0.1200,0.0086,-1.6098,-0.0401,-3.9963,0.1727,19.59419830,-99.22808500,1.994,-1.9014,0.5552,2.9816,-1.6100,-0.1200,0.0085,-1.9938,0.4039,19.59421710,-99.22808190,2.982,-4.9911,0.2695,2.9938,-3.0897,-0.2857,0.0122,3.1029,0.0122,0.3840,2.1155,0.9878,0.0016,0.0401,-1.5449,-0.1429,0.0061,-0.0000,0.0000,0.0000,0.0000,0.0000,0.0000,-1.5433,-0.1028,0.0061,0.2628
1779902988.053603,7.7970,tail,-4.0253,0.2200,1.9940,-0.4800,-0.1000,0.0085,-1.6122,-0.0356,-3.9963,0.1727,19.59419800,-99.22808510,1.994,-1.9014,0.5552,2.9816,-1.6100,-0.1200,0.0085,-1.9062,0.2867,19.59421710,-99.22808190,2.982,-5.0244,0.2613,2.9940,-3.1230,-0.2939,0.0124,3.1368,0.0124,0.2941,2.1501,0.9876,0.0015,0.0356,-1.5615,-0.1469,0.0062,-0.0000,0.0000,0.0000,0.0000,0.0000,0.0000,-1.5600,-0.1114,0.0062,0.2030
1779902988.107576,7.8600,tail,-4.0475,0.2200,1.9944,-0.4200,-0.0900,0.0081,-1.6141,-0.0285,-3.9963,0.1727,19.59419780,-99.22808510,1.994,-2.3017,0.5238,2.9827,-1.5900,-0.1200,0.0093,-1.9062,0.2867,19.59421350,-99.22808220,2.983,-5.0466,0.2633,2.9944,-2.7448,-0.2605,0.0117,2.7572,0.0117,0.2921,1.7720,0.9883,0.0012,0.0285,-1.3724,-0.1302,0.0058,-0.0000,0.0000,0.0000,0.0000,0.0000,-0.0000,-1.3712,-0.1017,0.0058,0.2022
1779902988.148199,7.8910,tail,-4.0586,0.2095,1.9945,-0.4100,-0.0900,0.0080,-1.6147,-0.0258,-3.9963,0.1727,19.59419770,-99.22808520,1.995,-2.3017,0.5238,2.9827,-1.5900,-0.1200,0.0093,-1.9062,0.2867,19.59421350,-99.22808220,2.983,-5.0577,0.2534,2.9945,-2.7559,-0.2704,0.0118,2.7692,0.0118,0.2916,1.7848,0.9882,0.0011,0.0258,-1.3780,-0.1352,0.0059,-0.0000,0.0000,0.0000,0.0000,0.0000,-0.0000,-1.3768,-0.1094,0.0059,0.2020
1779902988.207972,7.9530,tail,-4.0920,0.2095,1.9948,-0.3600,-0.0800,0.0079,-1.6159,-0.0169,-3.9963,0.1727,19.59419740,-99.22808520,1.995,-2.3017,0.5238,2.9827,-1.5900,-0.1200,0.0093,-1.9062,0.2867,19.59421350,-99.22808220,2.983,-5.0910,0.2546,2.9948,-2.7892,-0.2691,0.0121,2.8022,0.0121,0.2903,1.8176,0.9879,0.0008,0.0169,-1.3946,-0.1346,0.0061,-0.0000,0.0000,0.0000,0.0000,0.0000,-0.0000,-1.3938,-0.1176,0.0061,0.2019
1779902988.257753,8.0000,tail,-4.0920,0.2095,1.9948,-0.3600,-0.0800,0.0079,-1.6159,-0.0169,-3.9963,0.1727,19.59419740,-99.22808520,1.995,-2.3017,0.5238,2.9827,-1.5900,-0.1200,0.0093,-1.9062,0.2867,19.59421350,-99.22808220,2.983,-5.0910,0.2546,2.9948,-2.7892,-0.2691,0.0121,2.8022,0.0121,0.2903,1.8176,0.9879,0.0008,0.0169,-1.3946,-0.1346,0.0061,-0.0000,0.0000,0.0000,0.0000,0.0000,-0.0000,-1.3938,-0.1176,0.0061,0.2019
1779902988.308471,8.0630,tail,-4.0920,0.2095,1.9948,-0.3600,-0.0800,0.0079,-1.6159,-0.0169,-3.9963,0.1727,19.59419740,-99.22808520,1.995,-2.7020,0.4924,2.9827,-1.5400,-0.1000,0.0093,-1.8539,0.1527,19.59420990,-99.22808250,2.983,-5.0910,0.2546,2.9948,-2.3889,-0.2377,0.0121,2.4007,0.0121,0.2379,1.4184,0.9879,0.0008,0.0169,-1.1945,-0.1189,0.0061,-0.0000,0.0000,0.0000,0.0000,0.0000,-0.0000,-1.1937,-0.1019,0.0061,0.1734
1779902988.346214,8.0940,tail,-4.0920,0.2095,1.9948,-0.3600,-0.0800,0.0079,-1.6159,-0.0169,-3.9963,0.1727,19.59419740,-99.22808520,1.995,-2.7020,0.4924,2.9839,-1.5400,-0.1000,0.0098,-1.8539,0.1527,19.59420990,-99.22808250,2.984,-5.0910,0.2546,2.9948,-2.3889,-0.2377,0.0109,2.4007,0.0109,0.2379,1.4184,0.9891,0.0008,0.0169,-1.1945,-0.1189,0.0054,-0.0000,0.0000,0.0000,0.0000,0.0000,-0.0000,-1.1937,-0.1019,0.0054,0.1734
1779902988.403133,8.1560,tail,-4.1476,0.1886,1.9959,-0.2200,-0.0400,0.0066,-1.6167,0.0067,-3.9963,0.1727,19.59419690,-99.22808540,1.996,-2.7020,0.4924,2.9839,-1.5400,-0.1000,0.0098,-1.8539,0.1527,19.59420990,-99.22808250,2.984,-5.1465,0.2345,2.9959,-2.4445,-0.2579,0.0120,2.4580,0.0120,0.2372,1.4771,0.9880,-0.0003,-0.0067,-1.2222,-0.1289,0.0060,-0.0000,0.0000,0.0000,0.0000,0.0000,-0.0000,-1.2225,-0.1356,0.0060,0.1751
1779902988.447997,8.2030,tail,-4.1476,0.1886,1.9959,-0.2200,-0.0400,0.0066,-1.6167,0.0067,-3.9963,0.1727,19.59419690,-99.22808540,1.996,-2.7020,0.4924,2.9839,-1.5400,-0.1000,0.0098,-1.8539,0.1527,19.59420990,-99.22808250,2.984,-5.1465,0.2345,2.9959,-2.4445,-0.2579,0.0120,2.4580,0.0120,0.2372,1.4771,0.9880,-0.0003,-0.0067,-1.2222,-0.1289,0.0060,-0.0000,0.0000,0.0000,0.0000,0.0000,-0.0000,-1.2225,-0.1356,0.0060,0.1751
1779902988.497424,8.2500,tail,-4.1476,0.1886,1.9959,-0.2200,-0.0400,0.0066,-1.6167,0.0067,-3.9963,0.1727,19.59419690,-99.22808540,1.996,-2.7020,0.4924,2.9839,-1.5400,-0.1000,0.0098,-1.8539,0.1527,19.59420990,-99.22808250,2.984,-5.1465,0.2345,2.9959,-2.4445,-0.2579,0.0120,2.4580,0.0120,0.2372,1.4771,0.9880,-0.0003,-0.0067,-1.2222,-0.1289,0.0060,-0.0000,0.0000,0.0000,0.0000,0.0000,-0.0000,-1.2225,-0.1356,0.0060,0.1751
1779902988.547820,8.2970,tail,-4.1476,0.1886,1.9959,-0.2200,-0.0400,0.0066,-1.6167,0.0067,-3.9963,0.1727,19.59419690,-99.22808540,1.996,-2.7020,0.4924,2.9839,-1.5400,-0.1000,0.0098,-1.8539,0.1527,19.59420990,-99.22808250,2.984,-5.1465,0.2345,2.9959,-2.4445,-0.2579,0.0120,2.4580,0.0120,0.2372,1.4771,0.9880,-0.0003,-0.0067,-1.2222,-0.1289,0.0060,-0.0000,0.0000,0.0000,0.0000,0.0000,-0.0000,-1.2225,-0.1356,0.0060,0.1751
1779902988.601731,8.3440,tail,-4.1476,0.1886,1.9959,-0.2200,-0.0400,0.0066,-1.6167,0.0067,-3.9963,0.1727,19.59419690,-99.22808540,1.996,-3.0801,0.4609,2.9855,-1.4400,-0.1100,0.0103,-1.8229,0.1167,19.59420650,-99.22808280,2.985,-5.1465,0.2345,2.9959,-2.0664,-0.2265,0.0104,2.0788,0.0104,0.2062,1.1017,0.9896,-0.0003,-0.0067,-1.0332,-0.1132,0.0052,-0.0000,0.0000,0.0000,0.0000,0.0000,-0.0000,-1.0335,-0.1199,0.0052,0.1540
1779902988.658464,8.4060,tail,-4.1920,0.1781,1.9971,-0.0900,-0.0100,0.0046,-1.6141,0.0117,-3.9963,0.1727,19.59419650,-99.22808550,1.997,-3.0801,0.4609,2.9855,-1.4400,-0.1100,0.0103,-1.8229,0.1167,19.59420650,-99.22808280,2.985,-5.1911,0.2213,2.9971,-2.1110,-0.2396,0.0117,2.1246,0.0117,0.2088,1.1474,0.9883,-0.0005,-0.0117,-1.0555,-0.1198,0.0058,-0.0000,0.0000,0.0000,0.0000,0.0000,-0.0000,-1.0560,-0.1315,0.0058,0.1566
1779902988.703021,8.4530,tail,-4.1920,0.1781,1.9971,-0.0900,-0.0100,0.0046,-1.6141,0.0117,-3.9963,0.1727,19.59419650,-99.22808550,1.997,-3.0801,0.4609,2.9855,-1.4400,-0.1100,0.0103,-1.8229,0.1167,19.59420650,-99.22808280,2.985,-5.1911,0.2213,2.9971,-2.1110,-0.2396,0.0117,2.1246,0.0117,0.2088,1.1474,0.9883,-0.0005,-0.0117,-1.0555,-0.1198,0.0058,-0.0000,0.0000,0.0000,0.0000,0.0000,-0.0000,-1.0560,-0.1315,0.0058,0.1566
1779902988.759746,8.5160,tail,-4.1920,0.1781,1.9971,-0.0900,-0.0100,0.0046,-1.6141,0.0117,-3.9963,0.1727,19.59419650,-99.22808550,1.997,-3.0801,0.4609,2.9855,-1.4400,-0.1100,0.0103,-1.8229,0.1167,19.59420650,-99.22808280,2.985,-5.1911,0.2213,2.9971,-2.1110,-0.2396,0.0117,2.1246,0.0117,0.2088,1.1474,0.9883,-0.0005,-0.0117,-1.0555,-0.1198,0.0058,-0.0000,0.0000,0.0000,0.0000,0.0000,-0.0000,-1.0560,-0.1315,0.0058,0.1566
1779902988.795375,8.5470,tail,-4.1920,0.1781,1.9971,-0.0900,-0.0100,0.0046,-1.6141,0.0117,-3.9963,0.1727,19.59419650,-99.22808550,1.997,-3.0801,0.4609,2.9855,-1.4400,-0.1100,0.0103,-1.8229,0.1167,19.59420650,-99.22808280,2.985,-5.1911,0.2213,2.9971,-2.1110,-0.2396,0.0117,2.1246,0.0117,0.2088,1.1474,0.9883,-0.0005,-0.0117,-1.0555,-0.1198,0.0058,-0.0000,0.0000,0.0000,0.0000,0.0000,-0.0000,-1.0560,-0.1315,0.0058,0.1566
1779902988.849179,8.5940,tail,-4.1920,0.1781,1.9971,-0.0900,-0.0100,0.0046,-1.6141,0.0117,-3.9963,0.1727,19.59419650,-99.22808550,1.997,-3.4248,0.4295,2.9874,-1.3200,-0.1100,0.0104,-1.7898,0.1464,19.59420340,-99.22808310,2.987,-5.1911,0.2213,2.9971,-1.7663,-0.2082,0.0097,1.7785,0.0097,0.1757,0.8074,0.9903,-0.0005,-0.0117,-0.8832,-0.1041,0.0049,-0.0000,0.0000,0.0000,0.0000,0.0000,-0.0000,-0.8837,-0.1157,0.0049,0.1271
1779902988.906002,8.6560,tail,-4.2143,0.1781,1.9980,0.0000,0.0000,0.0030,-1.6128,0.0008,-3.9963,0.1727,19.59419630,-99.22808550,1.998,-3.4248,0.4295,2.9874,-1.3200,-0.1100,0.0104,-1.7898,0.1464,19.59420340,-99.22808310,2.987,-5.2134,0.2200,2.9980,-1.7886,-0.2095,0.0106,1.8008,0.0106,0.1770,0.8285,0.9894,-0.0000,-0.0008,-0.8943,-0.1047,0.0053,-0.0000,0.0000,0.0000,0.0000,0.0000,-0.0000,-0.8943,-0.1055,0.0053,0.1270
1779902988.951208,8.7030,tail,-4.2143,0.1781,1.9980,0.0000,0.0000,0.0030,-1.6128,0.0008,-3.9963,0.1727,19.59419630,-99.22808550,1.998,-3.4248,0.4295,2.9874,-1.3200,-0.1100,0.0104,-1.7898,0.1464,19.59420340,-99.22808310,2.987,-5.2134,0.2200,2.9980,-1.7886,-0.2095,0.0106,1.8008,0.0106,0.1770,0.8285,0.9894,-0.0000,-0.0008,-0.8943,-0.1047,0.0053,-0.0000,0.0000,0.0000,0.0000,0.0000,-0.0000,-0.8943,-0.1055,0.0053,0.1270
1779902988.998502,8.7500,tail,-4.2143,0.1781,1.9980,0.0000,0.0000,0.0030,-1.6128,0.0008,-3.9963,0.1727,19.59419630,-99.22808550,1.998,-3.4248,0.4295,2.9874,-1.3200,-0.1100,0.0104,-1.7898,0.1464,19.59420340,-99.22808310,2.987,-5.2134,0.2200,2.9980,-1.7886,-0.2095,0.0106,1.8008,0.0106,0.1770,0.8285,0.9894,-0.0000,-0.0008,-0.8943,-0.1047,0.0053,-0.0000,0.0000,0.0000,0.0000,0.0000,-0.0000,-0.8943,-0.1055,0.0053,0.1270
1779902989.049975,8.7970,tail,-4.2143,0.1781,1.9980,0.0000,0.0000,0.0030,-1.6128,0.0008,-3.9963,0.1727,19.59419630,-99.22808550,1.998,-3.4248,0.4295,2.9874,-1.3200,-0.1100,0.0104,-1.7898,0.1464,19.59420340,-99.22808310,2.987,-5.2134,0.2200,2.9980,-1.7886,-0.2095,0.0106,1.8008,0.0106,0.1770,0.8285,0.9894,-0.0000,-0.0008,-0.8943,-0.1047,0.0053,-0.0000,0.0000,0.0000,0.0000,0.0000,-0.0000,-0.8943,-0.1055,0.0053,0.1270
1779902989.103912,8.8600,tail,-4.2143,0.1781,1.9980,0.0000,0.0000,0.0030,-1.6128,0.0008,-3.9963,0.1727,19.59419630,-99.22808550,1.998,-3.7473,0.3981,2.9894,-1.1800,-0.1200,0.0099,-1.7514,0.1458,19.59420050,-99.22808340,2.989,-5.2134,0.2200,2.9980,-1.4661,-0.1780,0.0086,1.4769,0.0086,0.1387,0.5162,0.9914,-0.0000,-0.0008,-0.7331,-0.0890,0.0043,-0.0000,0.0000,0.0000,0.0000,0.0000,-0.0000,-0.7331,-0.0898,0.0043,0.0964
1779902989.144840,8.8910,tail,-4.2143,0.1781,1.9985,0.0400,0.0000,0.0019,-1.6136,-0.0045,-3.9963,0.1727,19.59419630,-99.22808550,1.998,-3.7473,0.3981,2.9894,-1.1800,-0.1200,0.0099,-1.7514,0.1458,19.59420050,-99.22808340,2.989,-5.2134,0.2208,2.9985,-1.4661,-0.1772,0.0091,1.4768,0.0091,0.1379,0.5162,0.9909,0.0002,0.0045,-0.7331,-0.0886,0.0046,-0.0000,0.0000,0.0000,0.0000,0.0000,-0.0000,-0.7329,-0.0841,0.0046,0.0953
1779902989.204738,8.9530,tail,-4.2143,0.1781,1.9985,0.0400,0.0000,0.0019,-1.6136,-0.0045,-3.9963,0.1727,19.59419630,-99.22808550,1.998,-3.7473,0.3981,2.9894,-1.1800,-0.1200,0.0099,-1.7514,0.1458,19.59420050,-99.22808340,2.989,-5.2134,0.2208,2.9985,-1.4661,-0.1772,0.0091,1.4768,0.0091,0.1379,0.5162,0.9909,0.0002,0.0045,-0.7331,-0.0886,0.0046,-0.0000,0.0000,0.0000,0.0000,0.0000,-0.0000,-0.7329,-0.0841,0.0046,0.0953
1779902989.255005,9.0000,tail,-4.2143,0.1781,1.9985,0.0400,0.0000,0.0019,-1.6136,-0.0045,-3.9963,0.1727,19.59419630,-99.22808550,1.998,-3.7473,0.3981,2.9894,-1.1800,-0.1200,0.0099,-1.7514,0.1458,19.59420050,-99.22808340,2.989,-5.2134,0.2208,2.9985,-1.4661,-0.1772,0.0091,1.4768,0.0091,0.1379,0.5162,0.9909,0.0002,0.0045,-0.7331,-0.0886,0.0046,-0.0000,0.0000,0.0000,0.0000,0.0000,-0.0000,-0.7329,-0.0841,0.0046,0.0953
1779902989.306238,9.0630,tail,-4.2143,0.1781,1.9985,0.0400,0.0000,0.0019,-1.6136,-0.0045,-3.9963,0.1727,19.59419630,-99.22808550,1.998,-4.0253,0.3666,2.9894,-1.0400,-0.1100,0.0099,-1.7209,0.0964,19.59419800,-99.22808370,2.989,-5.2134,0.2208,2.9985,-1.1881,-0.1458,0.0091,1.1970,0.0091,0.1073,0.2670,0.9909,0.0002,0.0045,-0.5941,-0.0729,0.0046,-0.0000,0.0000,0.0000,0.0000,0.0000,-0.0000,-0.5939,-0.0684,0.0046,0.0758
1779902989.343550,9.0940,tail,-4.2143,0.1781,1.9985,0.0400,0.0000,0.0019,-1.6136,-0.0045,-3.9963,0.1727,19.59419630,-99.22808550,1.998,-4.0253,0.3666,2.9911,-1.0400,-0.1100,0.0090,-1.7209,0.0964,19.59419800,-99.22808370,2.991,-5.2134,0.2208,2.9985,-1.1881,-0.1458,0.0074,1.1970,0.0074,0.1073,0.2670,0.9926,0.0002,0.0045,-0.5941,-0.0729,0.0037,-0.0000,0.0000,0.0000,0.0000,0.0000,-0.0000,-0.5939,-0.0684,0.0037,0.0758
1779902989.400132,9.1560,tail,-4.2032,0.1781,1.9987,0.0700,0.0100,0.0010,-1.6143,-0.0014,-3.9963,0.1727,19.59419640,-99.22808550,1.999,-4.0253,0.3666,2.9911,-1.0400,-0.1100,0.0090,-1.7209,0.0964,19.59419800,-99.22808370,2.991,-5.2022,0.2216,2.9987,-1.1770,-0.1450,0.0076,1.1859,0.0076,0.1065,0.2592,0.9924,0.0001,0.0014,-0.5885,-0.0725,0.0038,-0.0000,0.0000,0.0000,0.0000,0.0000,-0.0000,-0.5884,-0.0711,0.0038,0.0754
1779902989.444635,9.1880,tail,-4.2032,0.1781,1.9987,0.0700,0.0100,0.0010,-1.6143,-0.0014,-3.9963,0.1727,19.59419640,-99.22808550,1.999,-4.0253,0.3666,2.9911,-1.0400,-0.1100,0.0090,-1.7209,0.0964,19.59419800,-99.22808370,2.991,-5.2022,0.2216,2.9987,-1.1770,-0.1450,0.0076,1.1859,0.0076,0.1065,0.2592,0.9924,0.0001,0.0014,-0.5885,-0.0725,0.0038,-0.0000,0.0000,0.0000,0.0000,0.0000,-0.0000,-0.5884,-0.0711,0.0038,0.0754
1779902989.507552,9.2500,tail,-4.2032,0.1781,1.9987,0.0700,0.0100,0.0010,-1.6143,-0.0014,-3.9963,0.1727,19.59419640,-99.22808550,1.999,-4.0253,0.3666,2.9911,-1.0400,-0.1100,0.0090,-1.7209,0.0964,19.59419800,-99.22808370,2.991,-5.2022,0.2216,2.9987,-1.1770,-0.1450,0.0076,1.1859,0.0076,0.1065,0.2592,0.9924,0.0001,0.0014,-0.5885,-0.0725,0.0038,-0.0000,0.0000,0.0000,0.0000,0.0000,-0.0000,-0.5884,-0.0711,0.0038,0.0754
1779902989.558497,9.3130,tail,-4.2032,0.1781,1.9987,0.0700,0.0100,0.0010,-1.6143,-0.0014,-3.9963,0.1727,19.59419640,-99.22808550,1.999,-4.0253,0.3666,2.9911,-1.0400,-0.1100,0.0090,-1.7032,0.0540,19.59419800,-99.22808370,2.991,-5.2022,0.2216,2.9987,-1.1770,-0.1450,0.0076,1.1859,0.0076,0.0888,0.2592,0.9924,0.0001,0.0014,-0.5885,-0.0725,0.0038,-0.0000,0.0000,0.0000,0.0000,0.0000,-0.0000,-0.5884,-0.0711,0.0038,0.0655
1779902989.596224,9.3440,tail,-4.2032,0.1781,1.9987,0.0700,0.0100,0.0010,-1.6143,-0.0014,-3.9963,0.1727,19.59419640,-99.22808550,1.999,-4.2810,0.3352,2.9925,-0.8900,-0.0900,0.0079,-1.7032,0.0540,19.59419570,-99.22808400,2.993,-5.2022,0.2216,2.9987,-0.9212,-0.1136,0.0062,0.9282,0.0062,0.0888,0.1754,0.9938,0.0001,0.0014,-0.4606,-0.0568,0.0031,-0.0000,0.0000,0.0000,0.0000,0.0000,-0.0000,-0.4605,-0.0554,0.0031,0.0655
1779902989.653033,9.4060,tail,-4.1920,0.1781,1.9988,0.0800,0.0100,0.0007,-1.6143,0.0008,-3.9963,0.1727,19.59419650,-99.22808550,1.999,-4.2810,0.3352,2.9925,-0.8900,-0.0900,0.0079,-1.7032,0.0540,19.59419570,-99.22808400,2.993,-5.1911,0.2216,2.9988,-0.9101,-0.1136,0.0062,0.9172,0.0062,0.0888,0.1806,0.9938,-0.0000,-0.0008,-0.4550,-0.0568,0.0031,-0.0000,0.0000,0.0000,0.0000,0.0000,-0.0000,-0.4551,-0.0576,0.0031,0.0658
1779902989.698009,9.4530,tail,-4.1920,0.1781,1.9988,0.0800,0.0100,0.0007,-1.6143,0.0008,-3.9963,0.1727,19.59419650,-99.22808550,1.999,-4.2810,0.3352,2.9925,-0.8900,-0.0900,0.0079,-1.7032,0.0540,19.59419570,-99.22808400,2.993,-5.1911,0.2216,2.9988,-0.9101,-0.1136,0.0062,0.9172,0.0062,0.0888,0.1806,0.9938,-0.0000,-0.0008,-0.4550,-0.0568,0.0031,-0.0000,0.0000,0.0000,0.0000,0.0000,-0.0000,-0.4551,-0.0576,0.0031,0.0658
1779902989.745519,9.5000,tail,-4.1920,0.1781,1.9988,0.0800,0.0100,0.0007,-1.6143,0.0008,-3.9963,0.1727,19.59419650,-99.22808550,1.999,-4.2810,0.3352,2.9925,-0.8900,-0.0900,0.0079,-1.7032,0.0540,19.59419570,-99.22808400,2.993,-5.1911,0.2216,2.9988,-0.9101,-0.1136,0.0062,0.9172,0.0062,0.0888,0.1806,0.9938,-0.0000,-0.0008,-0.4550,-0.0568,0.0031,-0.0000,0.0000,0.0000,0.0000,0.0000,-0.0000,-0.4551,-0.0576,0.0031,0.0658
1779902989.799489,9.5470,tail,-4.1920,0.1781,1.9988,0.0800,0.0100,0.0007,-1.6143,0.0008,-3.9963,0.1727,19.59419650,-99.22808550,1.999,-4.2810,0.3352,2.9925,-0.8900,-0.0900,0.0079,-1.7032,0.0540,19.59419570,-99.22808400,2.993,-5.1911,0.2216,2.9988,-0.9101,-0.1136,0.0062,0.9172,0.0062,0.0888,0.1806,0.9938,-0.0000,-0.0008,-0.4550,-0.0568,0.0031,-0.0000,0.0000,0.0000,0.0000,0.0000,-0.0000,-0.4551,-0.0576,0.0031,0.0658
1779902989.853497,9.6100,tail,-4.1920,0.1781,1.9988,0.0800,0.0100,0.0007,-1.6143,0.0008,-3.9963,0.1727,19.59419650,-99.22808550,1.999,-4.4812,0.3143,2.9939,-0.7400,-0.0800,0.0070,-1.6909,0.0499,19.59419390,-99.22808420,2.994,-5.1911,0.2216,2.9988,-0.7099,-0.0927,0.0048,0.7160,0.0048,0.0766,0.3196,0.9952,-0.0000,-0.0008,-0.3550,-0.0463,0.0024,-0.0000,0.0000,0.0000,0.0000,0.0000,-0.0000,-0.3550,-0.0472,0.0024,0.0564
1779902989.893949,9.6410,tail,-4.1698,0.1781,1.9989,0.0800,0.0000,0.0012,-1.6141,0.0004,-3.9963,0.1727,19.59419670,-99.22808550,1.999,-4.4812,0.3143,2.9939,-0.7400,-0.0800,0.0070,-1.6909,0.0499,19.59419390,-99.22808420,2.994,-5.1689,0.2214,2.9989,-0.6877,-0.0929,0.0050,0.6940,0.0050,0.0768,0.3398,0.9950,-0.0000,-0.0004,-0.3439,-0.0464,0.0025,-0.0000,0.0000,0.0000,0.0000,0.0000,-0.0000,-0.3439,-0.0469,0.0025,0.0565
1779902989.953947,9.7030,tail,-4.1698,0.1781,1.9989,0.0800,0.0000,0.0012,-1.6141,0.0004,-3.9963,0.1727,19.59419670,-99.22808550,1.999,-4.4812,0.3143,2.9939,-0.7400,-0.0800,0.0070,-1.6909,0.0499,19.59419390,-99.22808420,2.994,-5.1689,0.2214,2.9989,-0.6877,-0.0929,0.0050,0.6940,0.0050,0.0768,0.3398,0.9950,-0.0000,-0.0004,-0.3439,-0.0464,0.0025,-0.0000,0.0000,0.0000,0.0000,0.0000,-0.0000,-0.3439,-0.0469,0.0025,0.0565
1779902990.005603,9.7500,tail,-4.1698,0.1781,1.9989,0.0800,0.0000,0.0012,-1.6141,0.0004,-3.9963,0.1727,19.59419670,-99.22808550,1.999,-4.4812,0.3143,2.9939,-0.7400,-0.0800,0.0070,-1.6909,0.0499,19.59419390,-99.22808420,2.994,-5.1689,0.2214,2.9989,-0.6877,-0.0929,0.0050,0.6940,0.0050,0.0768,0.3398,0.9950,-0.0000,-0.0004,-0.3439,-0.0464,0.0025,-0.0000,0.0000,0.0000,0.0000,0.0000,-0.0000,-0.3439,-0.0469,0.0025,0.0565
1779902990.058460,9.8130,tail,-4.1698,0.1781,1.9989,0.0800,0.0000,0.0012,-1.6141,0.0004,-3.9963,0.1727,19.59419670,-99.22808550,1.999,-4.6591,0.2828,2.9939,-0.6100,-0.0600,0.0070,-1.6774,0.0576,19.59419230,-99.22808450,2.994,-5.1689,0.2214,2.9989,-0.5098,-0.0614,0.0050,0.5135,0.0050,0.0632,0.5003,0.9950,-0.0000,-0.0004,-0.2549,-0.0307,0.0025,-0.0000,0.0000,0.0000,0.0000,0.0000,-0.0000,-0.2549,-0.0312,0.0025,0.0449
1779902990.096190,9.8440,tail,-4.1698,0.1781,1.9989,0.0800,0.0000,0.0012,-1.6141,0.0004,-3.9963,0.1727,19.59419670,-99.22808550,1.999,-4.6591,0.2828,2.9952,-0.6100,-0.0600,0.0060,-1.6774,0.0576,19.59419230,-99.22808450,2.995,-5.1689,0.2214,2.9989,-0.5098,-0.0614,0.0037,0.5135,0.0037,0.0632,0.5003,0.9963,-0.0000,-0.0004,-0.2549,-0.0307,0.0018,-0.0000,0.0000,0.0000,0.0000,0.0000,-0.0000,-0.2549,-0.0312,0.0018,0.0449
1779902990.153014,9.9060,tail,-4.1476,0.1781,1.9990,0.0700,0.0000,0.0011,-1.6141,0.0001,-3.9963,0.1727,19.59419690,-99.22808550,1.999,-4.6591,0.2828,2.9952,-0.6100,-0.0600,0.0060,-1.6774,0.0576,19.59419230,-99.22808450,2.995,-5.1466,0.2214,2.9990,-0.4876,-0.0614,0.0038,0.4914,0.0038,0.0632,0.5221,0.9962,-0.0000,-0.0001,-0.2438,-0.0307,0.0019,-0.0000,0.0000,0.0000,0.0000,0.0000,-0.0000,-0.2438,-0.0308,0.0019,0.0448
1779902990.198098,9.9530,tail,-4.1476,0.1781,1.9990,0.0700,0.0000,0.0011,-1.6141,0.0001,-3.9963,0.1727,19.59419690,-99.22808550,1.999,-4.6591,0.2828,2.9952,-0.6100,-0.0600,0.0060,-1.6774,0.0576,19.59419230,-99.22808450,2.995,-5.1466,0.2214,2.9990,-0.4876,-0.0614,0.0038,0.4914,0.0038,0.0632,0.5221,0.9962,-0.0000,-0.0001,-0.2438,-0.0307,0.0019,-0.0000,0.0000,0.0000,0.0000,0.0000,-0.0000,-0.2438,-0.0308,0.0019,0.0448
1779902990.245614,10.0000,tail,-4.1476,0.1781,1.9990,0.0700,0.0000,0.0011,-1.6141,0.0001,-3.9963,0.1727,19.59419690,-99.22808550,1.999,-4.6591,0.2828,2.9952,-0.6100,-0.0600,0.0060,-1.6774,0.0576,19.59419230,-99.22808450,2.995,-5.1466,0.2214,2.9990,-0.4876,-0.0614,0.0038,0.4914,0.0038,0.0632,0.5221,0.9962,-0.0000,-0.0001,-0.2438,-0.0307,0.0019,-0.0000,0.0000,0.0000,0.0000,0.0000,-0.0000,-0.2438,-0.0308,0.0019,0.0448
1779902990.307632,10.0630,tail,-4.1476,0.1781,1.9990,0.0700,0.0000,0.0011,-1.6141,0.0001,-3.9963,0.1727,19.59419690,-99.22808550,1.999,-4.8036,0.2724,2.9952,-0.4900,-0.0500,0.0060,-1.6639,0.0485,19.59419100,-99.22808460,2.995,-5.1466,0.2214,2.9990,-0.3430,-0.0509,0.0038,0.3468,0.0038,0.0497,0.6628,0.9962,-0.0000,-0.0001,-0.1715,-0.0255,0.0019,-0.0000,0.0000,0.0000,0.0000,0.0000,-0.0000,-0.1715,-0.0256,0.0019,0.0349
1779902990.345017,10.0940,tail,-4.1476,0.1781,1.9990,0.0700,0.0000,0.0011,-1.6141,0.0001,-3.9963,0.1727,19.59419690,-99.22808550,1.999,-4.8036,0.2724,2.9963,-0.4900,-0.0500,0.0047,-1.6639,0.0485,19.59419100,-99.22808460,2.996,-5.1466,0.2214,2.9990,-0.3430,-0.0509,0.0027,0.3468,0.0027,0.0497,0.6628,0.9973,-0.0000,-0.0001,-0.1715,-0.0255,0.0014,-0.0000,0.0000,0.0000,0.0000,0.0000,-0.0000,-0.1715,-0.0256,0.0014,0.0349
1779902990.402120,10.1560,tail,-4.1253,0.1781,1.9991,0.0600,0.0000,0.0009,-1.6140,0.0001,-3.9963,0.1727,19.59419710,-99.22808550,1.999,-4.8036,0.2724,2.9963,-0.4900,-0.0500,0.0047,-1.6639,0.0485,19.59419100,-99.22808460,2.996,-5.1244,0.2213,2.9991,-0.3208,-0.0511,0.0028,0.3248,0.0028,0.0498,0.6848,0.9972,-0.0000,-0.0001,-0.1604,-0.0255,0.0014,-0.0000,0.0000,0.0000,0.0000,0.0000,-0.0000,-0.1604,-0.0256,0.0014,0.0350
1779902990.446846,10.2030,tail,-4.1253,0.1781,1.9991,0.0600,0.0000,0.0009,-1.6140,0.0001,-3.9963,0.1727,19.59419710,-99.22808550,1.999,-4.8036,0.2724,2.9963,-0.4900,-0.0500,0.0047,-1.6639,0.0485,19.59419100,-99.22808460,2.996,-5.1244,0.2213,2.9991,-0.3208,-0.0511,0.0028,0.3248,0.0028,0.0498,0.6848,0.9972,-0.0000,-0.0001,-0.1604,-0.0255,0.0014,-0.0000,0.0000,0.0000,0.0000,0.0000,-0.0000,-0.1604,-0.0256,0.0014,0.0350
1779902990.494462,10.2500,tail,-4.1253,0.1781,1.9991,0.0600,0.0000,0.0009,-1.6140,0.0001,-3.9963,0.1727,19.59419710,-99.22808550,1.999,-4.8036,0.2724,2.9963,-0.4900,-0.0500,0.0047,-1.6639,0.0485,19.59419100,-99.22808460,2.996,-5.1244,0.2213,2.9991,-0.3208,-0.0511,0.0028,0.3248,0.0028,0.0498,0.6848,0.9972,-0.0000,-0.0001,-0.1604,-0.0255,0.0014,-0.0000,0.0000,0.0000,0.0000,0.0000,-0.0000,-0.1604,-0.0256,0.0014,0.0350
1779902990.545197,10.2970,tail,-4.1253,0.1781,1.9991,0.0600,0.0000,0.0009,-1.6140,0.0001,-3.9963,0.1727,19.59419710,-99.22808550,1.999,-4.8036,0.2724,2.9963,-0.4900,-0.0500,0.0047,-1.6639,0.0485,19.59419100,-99.22808460,2.996,-5.1244,0.2213,2.9991,-0.3208,-0.0511,0.0028,0.3248,0.0028,0.0498,0.6848,0.9972,-0.0000,-0.0001,-0.1604,-0.0255,0.0014,-0.0000,0.0000,0.0000,0.0000,0.0000,-0.0000,-0.1604,-0.0256,0.0014,0.0350
1779902990.601791,10.3440,tail,-4.1253,0.1781,1.9991,0.0600,0.0000,0.0009,-1.6140,0.0001,-3.9963,0.1727,19.59419710,-99.22808550,1.999,-4.9148,0.2514,2.9971,-0.3700,-0.0400,0.0037,-1.6542,0.0315,19.59419000,-99.22808480,2.997,-5.1244,0.2213,2.9991,-0.2096,-0.0301,0.0021,0.2117,0.0021,0.0402,0.7929,0.9979,-0.0000,-0.0001,-0.1048,-0.0151,0.0010,-0.0000,0.0000,0.0000,0.0000,0.0000,-0.0000,-0.1048,-0.0151,0.0010,0.0290
1779902990.658184,10.4060,tail,-4.1142,0.1886,1.9991,0.0500,0.0000,0.0009,-1.6141,-0.0005,-3.9963,0.1727,19.59419720,-99.22808540,1.999,-4.9148,0.2514,2.9971,-0.3700,-0.0400,0.0037,-1.6542,0.0315,19.59419000,-99.22808480,2.997,-5.1133,0.2319,2.9991,-0.1985,-0.0195,0.0021,0.1994,0.0021,0.0400,0.8031,0.9979,0.0000,0.0005,-0.0992,-0.0098,0.0010,-0.0000,0.0000,0.0000,0.0000,0.0000,-0.0000,-0.0992,-0.0093,0.0010,0.0288
1779902990.703022,10.4530,tail,-4.1142,0.1886,1.9992,0.0500,0.0000,0.0007,-1.6141,-0.0005,-3.9963,0.1727,19.59419720,-99.22808540,1.999,-4.9148,0.2514,2.9971,-0.3700,-0.0400,0.0037,-1.6542,0.0315,19.59419000,-99.22808480,2.997,-5.1133,0.2319,2.9992,-0.1985,-0.0195,0.0021,0.1994,0.0021,0.0400,0.8031,0.9979,0.0000,0.0005,-0.0992,-0.0098,0.0011,-0.0000,0.0000,0.0000,0.0000,0.0000,-0.0000,-0.0992,-0.0093,0.0011,0.0288
1779902990.750750,10.5000,tail,-4.1142,0.1886,1.9992,0.0500,0.0000,0.0007,-1.6141,-0.0005,-3.9963,0.1727,19.59419720,-99.22808540,1.999,-4.9148,0.2514,2.9971,-0.3700,-0.0400,0.0037,-1.6542,0.0315,19.59419000,-99.22808480,2.997,-5.1133,0.2319,2.9992,-0.1985,-0.0195,0.0021,0.1994,0.0021,0.0400,0.8031,0.9979,0.0000,0.0005,-0.0992,-0.0098,0.0011,-0.0000,0.0000,0.0000,0.0000,0.0000,-0.0000,-0.0992,-0.0093,0.0011,0.0288
1779902990.804143,10.5470,tail,-4.1142,0.1886,1.9992,0.0500,0.0000,0.0007,-1.6141,-0.0005,-3.9963,0.1727,19.59419720,-99.22808540,1.999,-4.9148,0.2514,2.9971,-0.3700,-0.0400,0.0037,-1.6542,0.0315,19.59419000,-99.22808480,2.997,-5.1133,0.2319,2.9992,-0.1985,-0.0195,0.0021,0.1994,0.0021,0.0400,0.8031,0.9979,0.0000,0.0005,-0.0992,-0.0098,0.0011,-0.0000,0.0000,0.0000,0.0000,0.0000,-0.0000,-0.0992,-0.0093,0.0011,0.0288
1779902990.858527,10.6100,tail,-4.1142,0.1886,1.9992,0.0500,0.0000,0.0007,-1.6141,-0.0005,-3.9963,0.1727,19.59419720,-99.22808540,1.999,-4.9927,0.2409,2.9976,-0.2800,-0.0300,0.0028,-1.6478,0.0229,19.59418930,-99.22808490,2.998,-5.1133,0.2319,2.9992,-0.1206,-0.0090,0.0016,0.1210,0.0016,0.0337,0.8800,0.9984,0.0000,0.0005,-0.0603,-0.0045,0.0008,-0.0000,0.0000,0.0000,0.0000,0.0000,-0.0000,-0.0603,-0.0041,0.0008,0.0246
1779902990.899278,10.6410,tail,-4.0920,0.1886,1.9992,0.0500,0.0000,0.0007,-1.6141,0.0010,-3.9963,0.1727,19.59419740,-99.22808540,1.999,-4.9927,0.2409,2.9976,-0.2800,-0.0300,0.0028,-1.6478,0.0229,19.59418930,-99.22808490,2.998,-5.0910,0.2318,2.9992,-0.0984,-0.0091,0.0016,0.0988,0.0016,0.0338,0.9022,0.9984,-0.0000,-0.0010,-0.0492,-0.0046,0.0008,-0.0000,0.0000,0.0000,0.0000,0.0000,-0.0000,-0.0492,-0.0056,0.0008,0.0248
1779902990.958770,10.7030,tail,-4.0920,0.1886,1.9992,0.0500,0.0000,0.0009,-1.6141,0.0010,-3.9963,0.1727,19.59419740,-99.22808540,1.999,-4.9927,0.2409,2.9976,-0.2800,-0.0300,0.0028,-1.6478,0.0229,19.59418930,-99.22808490,2.998,-5.0910,0.2318,2.9992,-0.0984,-0.0091,0.0017,0.0988,0.0017,0.0338,0.9022,0.9983,-0.0000,-0.0010,-0.0492,-0.0046,0.0008,-0.0000,0.0000,0.0000,0.0000,0.0000,-0.0000,-0.0492,-0.0056,0.0008,0.0248
1779902991.009502,10.7660,tail,-4.0920,0.1886,1.9992,0.0500,0.0000,0.0009,-1.6141,0.0010,-3.9963,0.1727,19.59419740,-99.22808540,1.999,-4.9927,0.2409,2.9976,-0.2800,-0.0300,0.0028,-1.6478,0.0229,19.59418930,-99.22808490,2.998,-5.0910,0.2318,2.9992,-0.0984,-0.0091,0.0017,0.0988,0.0017,0.0338,0.9022,0.9983,-0.0000,-0.0010,-0.0492,-0.0046,0.0008,-0.0000,0.0000,0.0000,0.0000,0.0000,-0.0000,-0.0492,-0.0056,0.0008,0.0248
1779902991.044787,10.7970,tail,-4.0920,0.1886,1.9992,0.0500,0.0000,0.0009,-1.6141,0.0010,-3.9963,0.1727,19.59419740,-99.22808540,1.999,-4.9927,0.2409,2.9976,-0.2800,-0.0300,0.0028,-1.6478,0.0229,19.59418930,-99.22808490,2.998,-5.0910,0.2318,2.9992,-0.0984,-0.0091,0.0017,0.0988,0.0017,0.0338,0.9022,0.9983,-0.0000,-0.0010,-0.0492,-0.0046,0.0008,-0.0000,0.0000,0.0000,0.0000,0.0000,-0.0000,-0.0492,-0.0056,0.0008,0.0248
1779902991.099266,10.8440,tail,-4.0920,0.1886,1.9992,0.0500,0.0000,0.0009,-1.6141,0.0010,-3.9963,0.1727,19.59419740,-99.22808540,1.999,-5.0594,0.2409,2.9979,-0.2000,-0.0200,0.0024,-1.6423,0.0225,19.59418870,-99.22808490,2.998,-5.0910,0.2318,2.9992,-0.0317,-0.0091,0.0014,0.0330,0.0014,0.0283,0.9688,0.9986,-0.0000,-0.0010,-0.0158,-0.0046,0.0007,-0.0000,0.0000,0.0000,0.0000,0.0000,-0.0000,-0.0159,-0.0056,0.0007,0.0205
1779902991.155792,10.9060,tail,-4.0809,0.1886,1.9993,0.0400,0.0000,0.0007,-1.6140,-0.0007,-3.9963,0.1727,19.59419750,-99.22808540,1.999,-5.0594,0.2409,2.9979,-0.2000,-0.0200,0.0024,-1.6423,0.0225,19.59418870,-99.22808490,2.998,-5.0799,0.2318,2.9993,-0.0205,-0.0091,0.0014,0.0225,0.0014,0.0283,0.9799,0.9986,0.0000,0.0007,-0.0103,-0.0046,0.0007,-0.0000,0.0000,0.0000,0.0000,0.0000,-0.0000,-0.0102,-0.0039,0.0007,0.0203
1779902991.200706,10.9530,tail,-4.0809,0.1886,1.9993,0.0400,0.0000,0.0007,-1.6140,-0.0007,-3.9963,0.1727,19.59419750,-99.22808540,1.999,-5.0594,0.2409,2.9979,-0.2000,-0.0200,0.0024,-1.6423,0.0225,19.59418870,-99.22808490,2.998,-5.0799,0.2318,2.9993,-0.0205,-0.0091,0.0014,0.0225,0.0014,0.0283,0.9799,0.9986,0.0000,0.0007,-0.0103,-0.0046,0.0007,-0.0000,0.0000,0.0000,0.0000,0.0000,-0.0000,-0.0102,-0.0039,0.0007,0.0203
1779902991.248260,11.0000,tail,-4.0809,0.1886,1.9993,0.0400,0.0000,0.0007,-1.6140,-0.0007,-3.9963,0.1727,19.59419750,-99.22808540,1.999,-5.0594,0.2409,2.9979,-0.2000,-0.0200,0.0024,-1.6423,0.0225,19.59418870,-99.22808490,2.998,-5.0799,0.2318,2.9993,-0.0205,-0.0091,0.0014,0.0225,0.0014,0.0283,0.9799,0.9986,0.0000,0.0007,-0.0103,-0.0046,0.0007,-0.0000,0.0000,0.0000,0.0000,0.0000,-0.0000,-0.0102,-0.0039,0.0007,0.0203
1779902991.303494,11.0470,tail,-4.0809,0.1886,1.9993,0.0400,0.0000,0.0007,-1.6140,-0.0007,-3.9963,0.1727,19.59419750,-99.22808540,1.999,-5.0594,0.2409,2.9979,-0.2000,-0.0200,0.0024,-1.6423,0.0225,19.59418870,-99.22808490,2.998,-5.0799,0.2318,2.9993,-0.0205,-0.0091,0.0014,0.0225,0.0014,0.0283,0.9799,0.9986,0.0000,0.0007,-0.0103,-0.0046,0.0007,-0.0000,0.0000,0.0000,0.0000,0.0000,-0.0000,-0.0102,-0.0039,0.0007,0.0203
1779902991.357167,11.1100,tail,-4.0809,0.1886,1.9993,0.0400,0.0000,0.0007,-1.6140,-0.0007,-3.9963,0.1727,19.59419750,-99.22808540,1.999,-5.1038,0.2305,2.9981,-0.1300,-0.0100,0.0019,-1.6369,0.0216,19.59418830,-99.22808500,2.998,-5.0799,0.2318,2.9993,0.0239,0.0013,0.0012,0.0240,0.0012,0.0229,1.0239,0.9988,0.0000,0.0007,0.0120,0.0007,0.0006,-0.0000,0.0000,0.0000,0.0000,0.0000,-0.0000,0.0120,0.0014,0.0006,0.0161
1779902991.397650,11.1410,tail,-4.0697,0.1886,1.9993,0.0300,0.0000,0.0007,-1.6141,0.0007,-3.9963,0.1727,19.59419760,-99.22808540,1.999,-5.1038,0.2305,2.9981,-0.1300,-0.0100,0.0019,-1.6369,0.0216,19.59418830,-99.22808500,2.998,-5.0688,0.2318,2.9993,0.0350,0.0014,0.0013,0.0351,0.0013,0.0228,1.0350,0.9987,-0.0000,-0.0007,0.0175,0.0007,0.0006,-0.0000,0.0000,0.0000,0.0000,0.0000,-0.0000,0.0175,0.0000,0.0006,0.0162
