time,lx,ly,lz,lvx,lvy,lvz,l_yaw,l_yawrate,sx,sy,sz,svx,svy,svz,s_yaw,s_yawrate,xd,yd,zd,ex,ey,ez,e_yaw,ff_x,ff_y,ff_z,vx_p,vy_p,vz_p,vx_i,vy_i,vz_i,vx_d,vy_d,vz_d,vx_cmd,vy_cmd,vz_cmd,yaw_rate_cmd
0.0000,-1.5299426317214966,0.9515611529350281,-1.9334205389022827,-0.0115275289863348,0.008457059971988201,-0.012775585986673832,-1.5097678899765015,-0.0002669546229299158,-1.2297005653381348,0.7161754965782166,-1.5013924837112427,0.0069437711499631405,0.009655330330133438,-0.00105382374022156,-1.467326045036316,0.00042696355376392603,-1.5909331924959542,1.9496994957995917,-0.9334205389022827,-0.36123262715781945,1.2335239992213751,0.56797194480896,-0.04244184494018555,0.0002664576449513006,1.6281712153829477e-05,0.0,-0.18061631357890973,0.6167619996106876,0.28398597240448,-0.0,0.0,0.0,-0.0,-0.0,-0.0,-0.18034985593395841,0.6167782813228414,0.28398597240448,-0.034022867769817826
0.6710,-1.533493161201477,0.9693366289138794,-1.9311431646347046,-0.009760447777807713,0.013337920419871807,-0.012588025070726871,-1.5097862482070923,0.0004224198346491903,-1.232661485671997,0.7406626343727112,-1.5111966133117676,0.008185512386262417,0.012124160304665565,-0.0026457784697413445,-1.4671130180358887,-0.0005982535076327622,-1.5944653979117982,1.967476091289023,-0.9311431646347046,-0.36180391223980113,1.2268134569163118,0.580053448677063,-0.04267323017120361,-0.00042163390665333984,-2.5755882149365196e-05,0.0,-0.18090195611990056,0.6134067284581559,0.2900267243385315,-0.0,0.0,0.0,-0.0,0.0,-0.0,-0.1813235900265539,0.6133809725760065,0.2900267243385315,-0.034036516802734694
0.6870,-1.533493161201477,0.9693366289138794,-1.9311431646347046,-0.009760447777807713,0.013337920419871807,-0.012588025070726871,-1.5097862482070923,0.0004224198346491903,-1.232661485671997,0.7406626343727112,-1.5111966133117676,0.008185512386262417,0.012124160304665565,-0.0026457784697413445,-1.4671130180358887,-0.0005982535076327622,-1.5944653979117982,1.967476091289023,-0.9311431646347046,-0.36180391223980113,1.2268134569163118,0.580053448677063,-0.04267323017120361,-0.00042163390665333984,-2.5755882149365196e-05,0.0,-0.18090195611990056,0.6134067284581559,0.2900267243385315,-0.0,0.0,0.0,-0.0,0.0,-0.0,-0.1813235900265539,0.6133809725760065,0.2900267243385315,-0.034036516802734694
0.9060,-1.5380889177322388,0.9734362959861755,-1.9260832071304321,-0.00874419417232275,0.007092166226357222,-0.009311904199421406,-1.509810447692871,-0.001294698566198349,-1.232661485671997,0.7406626343727112,-1.5111966133117676,0.008185512386262417,0.012124160304665565,-0.0026457784697413445,-1.4671130180358887,-0.0005982535076327622,-1.5990369999629843,1.9715772335658315,-0.9260832071304321,-0.36637551429098725,1.2309145991931203,0.5851134061813354,-0.04269742965698242,0.0012922916407482562,7.890939467668523e-05,0.0,-0.18318775714549362,0.6154572995965601,0.2925567030906677,-0.0,0.0,0.0,-0.0,-0.0,-0.0,-0.18189546550474536,0.6155362089912368,0.2925567030906677,-0.0342275882314425
0.9060,-1.5380889177322388,0.9734362959861755,-1.9260832071304321,-0.00874419417232275,0.007092166226357222,-0.009311904199421406,-1.509810447692871,-0.001294698566198349,-1.232661485671997,0.7406626343727112,-1.5111966133117676,0.008185512386262417,0.012124160304665565,-0.0026457784697413445,-1.4671130180358887,-0.0005982535076327622,-1.5990369999629843,1.9715772335658315,-0.9260832071304321,-0.36637551429098725,1.2309145991931203,0.5851134061813354,-0.04269742965698242,0.0012922916407482562,7.890939467668523e-05,0.0,-0.18318775714549362,0.6154572995965601,0.2925567030906677,-0.0,0.0,0.0,-0.0,-0.0,-0.0,-0.18189546550474536,0.6155362089912368,0.2925567030906677,-0.0342275882314425
0.9370,-1.5380889177322388,0.9734362959861755,-1.9260832071304321,-0.00874419417232275,0.007092166226357222,-0.009311904199421406,-1.509810447692871,-0.001294698566198349,-1.232661485671997,0.7406626343727112,-1.5111966133117676,0.008185512386262417,0.012124160304665565,-0.0026457784697413445,-1.4671130180358887,-0.0005982535076327622,-1.5990369999629843,1.9715772335658315,-0.9260832071304321,-0.36637551429098725,1.2309145991931203,0.5851134061813354,-0.04269742965698242,0.0012922916407482562,7.890939467668523e-05,0.0,-0.18318775714549362,0.6154572995965601,0.2925567030906677,-0.0,0.0,0.0,-0.0,-0.0,-0.0,-0.18189546550474536,0.6155362089912368,0.2925567030906677,-0.0342275882314425
0.9370,-1.5380889177322388,0.9734362959861755,-1.9260832071304321,-0.00874419417232275,0.007092166226357222,-0.009311904199421406,-1.509810447692871,-0.001294698566198349,-1.232661485671997,0.7406626343727112,-1.5111966133117676,0.008185512386262417,0.012124160304665565,-0.0026457784697413445,-1.4671130180358887,-0.0005982535076327622,-1.5990369999629843,1.9715772335658315,-0.9260832071304321,-0.36637551429098725,1.2309145991931203,0.5851134061813354,-0.04269742965698242,0.0012922916407482562,7.890939467668523e-05,0.0,-0.18318775714549362,0.6154572995965601,0.2925567030906677,-0.0,0.0,0.0,-0.0,-0.0,-0.0,-0.18189546550474536,0.6155362089912368,0.2925567030906677,-0.0342275882314425
0.9530,-1.5380889177322388,0.9734362959861755,-1.9260832071304321,-0.00874419417232275,0.007092166226357222,-0.009311904199421406,-1.509810447692871,-0.001294698566198349,-1.232661485671997,0.7406626343727112,-1.5111966133117676,0.008185512386262417,0.012124160304665565,-0.0026457784697413445,-1.4671130180358887,-0.0005982535076327622,-1.5990369999629843,1.9715772335658315,-0.9260832071304321,-0.36637551429098725,1.2309145991931203,0.5851134061813354,-0.04269742965698242,0.0012922916407482562,7.890939467668523e-05,0.0,-0.18318775714549362,0.6154572995965601,0.2925567030906677,-0.0,0.0,0.0,-0.0,-0.0,-0.0,-0.18189546550474536,0.6155362089912368,0.2925567030906677,-0.0342275882314425
1.1560,-1.5380889177322388,0.9734362959861755,-1.9260832071304321,-0.00874419417232275,0.007092166226357222,-0.009311904199421406,-1.5098350048065186,-4.0374845411861315e-05,-1.2336807250976562,0.7494909167289734,-1.513961672782898,0.0070981839671730995,0.008368577808141708,-0.003198504913598299,-1.4670559167861938,-0.0002391059824731201,-1.599012488484169,1.9715787299738476,-0.9260832071304321,-0.36533176338651274,1.2220878132448743,0.5878784656524658,-0.042779088020324714,4.029984647127125e-05,2.4597797510477765e-06,0.0,-0.18266588169325637,0.6110439066224371,0.2939392328262329,-0.0,0.0,0.0,-0.0,-0.0,-0.0,-0.1826255818467851,0.6110463664021881,0.2939392328262329,-0.034203397302553645
1.1560,-1.5380889177322388,0.9734362959861755,-1.9260832071304321,-0.00874419417232275,0.007092166226357222,-0.009311904199421406,-1.5098350048065186,-4.0374845411861315e-05,-1.2336807250976562,0.7494909167289734,-1.513961672782898,0.0070981839671730995,0.008368577808141708,-0.003198504913598299,-1.4670559167861938,-0.0002391059824731201,-1.599012488484169,1.9715787299738476,-0.9260832071304321,-0.36533176338651274,1.2220878132448743,0.5878784656524658,-0.042779088020324714,4.029984647127125e-05,2.4597797510477765e-06,0.0,-0.18266588169325637,0.6110439066224371,0.2939392328262329,-0.0,0.0,0.0,-0.0,-0.0,-0.0,-0.1826255818467851,0.6110463664021881,0.2939392328262329,-0.034203397302553645
1.3590,-1.5380889177322388,0.9734362959861755,-1.9260832071304321,-0.00874419417232275,0.007092166226357222,-0.009311904199421406,-1.5098263025283813,0.00010016110172728077,-1.2336807250976562,0.7494909167289734,-1.513961672782898,0.0070981839671730995,0.008368577808141708,-0.003198504913598299,-1.4670559167861938,-0.0002391059824731201,-1.599021174594943,1.9715781997621955,-0.9260832071304321,-0.3653404494972867,1.2220872830332221,0.5878784656524658,-0.0427703857421875,-9.997499276237162e-05,-6.103041978098128e-06,0.0,-0.18267022474864336,0.6110436415166111,0.2939392328262329,-0.0,0.0,0.0,-0.0,-0.0,-0.0,-0.18277019974140574,0.6110375384746329,0.2939392328262329,-0.03418238188532996
1.5620,-1.535516381263733,0.9833813905715942,-1.9258252382278442,-0.004588857293128967,0.007250014692544937,-0.008375033736228943,-1.5098263025283813,0.00010016110172728077,-1.2336807250976562,0.7494909167289734,-1.513961672782898,0.0070981839671730995,0.008368577808141708,-0.003198504913598299,-1.4670559167861938,-0.0002391059824731201,-1.5964486381264371,1.9815232943476142,-0.9258252382278442,-0.36276791302878086,1.2320323776186408,0.5881364345550537,-0.0427703857421875,-9.997499276237162e-05,-6.103041978098128e-06,0.0,-0.18138395651439043,0.6160161888093204,0.29406821727752686,-0.0,0.0,0.0,-0.0,-0.0,-0.0,-0.1814839315071528,0.6160100857673423,0.29406821727752686,-0.03418238188532996
1.5930,-1.535516381263733,0.9833813905715942,-1.9258252382278442,-0.004588857293128967,0.007250014692544937,-0.008375033736228943,-1.5098263025283813,0.00010016110172728077,-1.2336807250976562,0.7494909167289734,-1.513961672782898,0.0070981839671730995,0.008368577808141708,-0.003198504913598299,-1.4670559167861938,-0.0002391059824731201,-1.5964486381264371,1.9815232943476142,-0.9258252382278442,-0.36276791302878086,1.2320323776186408,0.5881364345550537,-0.0427703857421875,-9.997499276237162e-05,-6.103041978098128e-06,0.0,-0.18138395651439043,0.6160161888093204,0.29406821727752686,-0.0,0.0,0.0,-0.0,-0.0,-0.0,-0.1814839315071528,0.6160100857673423,0.29406821727752686,-0.03418238188532996
1.6090,-1.535516381263733,0.9833813905715942,-1.9258252382278442,-0.004588857293128967,0.007250014692544937,-0.008375033736228943,-1.5098263025283813,0.00010016110172728077,-1.2336807250976562,0.7494909167289734,-1.513961672782898,0.0070981839671730995,0.008368577808141708,-0.003198504913598299,-1.4670559167861938,-0.0002391059824731201,-1.5964486381264371,1.9815232943476142,-0.9258252382278442,-0.36276791302878086,1.2320323776186408,0.5881364345550537,-0.0427703857421875,-9.997499276237162e-05,-6.103041978098128e-06,0.0,-0.18138395651439043,0.6160161888093204,0.29406821727752686,-0.0,0.0,0.0,-0.0,-0.0,-0.0,-0.1814839315071528,0.6160100857673423,0.29406821727752686,-0.03418238188532996
1.6250,-1.535516381263733,0.9833813905715942,-1.9258252382278442,-0.004588857293128967,0.007250014692544937,-0.008375033736228943,-1.5098263025283813,0.00010016110172728077,-1.2336807250976562,0.7494909167289734,-1.513961672782898,0.0070981839671730995,0.008368577808141708,-0.003198504913598299,-1.4670559167861938,-0.0002391059824731201,-1.5964486381264371,1.9815232943476142,-0.9258252382278442,-0.36276791302878086,1.2320323776186408,0.5881364345550537,-0.0427703857421875,-9.997499276237162e-05,-6.103041978098128e-06,0.0,-0.18138395651439043,0.6160161888093204,0.29406821727752686,-0.0,0.0,0.0,-0.0,-0.0,-0.0,-0.1814839315071528,0.6160100857673423,0.29406821727752686,-0.03418238188532996
1.6400,-1.535516381263733,0.9833813905715942,-1.9258252382278442,-0.004588857293128967,0.007250014692544937,-0.008375033736228943,-1.5098263025283813,0.00010016110172728077,-1.2336807250976562,0.7494909167289734,-1.513961672782898,0.0070981839671730995,0.008368577808141708,-0.003198504913598299,-1.4670559167861938,-0.0002391059824731201,-1.5964486381264371,1.9815232943476142,-0.9258252382278442,-0.36276791302878086,1.2320323776186408,0.5881364345550537,-0.0427703857421875,-9.997499276237162e-05,-6.103041978098128e-06,0.0,-0.18138395651439043,0.6160161888093204,0.29406821727752686,-0.0,0.0,0.0,-0.0,-0.0,-0.0,-0.1814839315071528,0.6160100857673423,0.29406821727752686,-0.03418238188532996
1.6560,-1.535516381263733,0.9833813905715942,-1.9258252382278442,-0.004588857293128967,0.007250014692544937,-0.008375033736228943,-1.5098263025283813,0.00010016110172728077,-1.2336807250976562,0.7494909167289734,-1.513961672782898,0.0070981839671730995,0.008368577808141708,-0.003198504913598299,-1.4670559167861938,-0.0002391059824731201,-1.5964486381264371,1.9815232943476142,-0.9258252382278442,-0.36276791302878086,1.2320323776186408,0.5881364345550537,-0.0427703857421875,-9.997499276237162e-05,-6.103041978098128e-06,0.0,-0.18138395651439043,0.6160161888093204,0.29406821727752686,-0.0,0.0,0.0,-0.0,-0.0,-0.0,-0.1814839315071528,0.6160100857673423,0.29406821727752686,-0.03418238188532996
1.6560,-1.535516381263733,0.9833813905715942,-1.9258252382278442,-0.004588857293128967,0.007250014692544937,-0.008375033736228943,-1.5098263025283813,0.00010016110172728077,-1.2336807250976562,0.7494909167289734,-1.513961672782898,0.0070981839671730995,0.008368577808141708,-0.003198504913598299,-1.4670559167861938,-0.0002391059824731201,-1.5964486381264371,1.9815232943476142,-0.9258252382278442,-0.36276791302878086,1.2320323776186408,0.5881364345550537,-0.0427703857421875,-9.997499276237162e-05,-6.103041978098128e-06,0.0,-0.18138395651439043,0.6160161888093204,0.29406821727752686,-0.0,0.0,0.0,-0.0,-0.0,-0.0,-0.1814839315071528,0.6160100857673423,0.29406821727752686,-0.03418238188532996
1.6710,-1.535516381263733,0.9833813905715942,-1.9258252382278442,-0.004588857293128967,0.007250014692544937,-0.008375033736228943,-1.5098263025283813,0.00010016110172728077,-1.2336807250976562,0.7494909167289734,-1.513961672782898,0.0070981839671730995,0.008368577808141708,-0.003198504913598299,-1.4670559167861938,-0.0002391059824731201,-1.5964486381264371,1.9815232943476142,-0.9258252382278442,-0.36276791302878086,1.2320323776186408,0.5881364345550537,-0.0427703857421875,-9.997499276237162e-05,-6.103041978098128e-06,0.0,-0.18138395651439043,0.6160161888093204,0.29406821727752686,-0.0,0.0,0.0,-0.0,-0.0,-0.0,-0.1814839315071528,0.6160100857673423,0.29406821727752686,-0.03418238188532996
1.8900,-1.5313913822174072,0.9864360690116882,-1.9216302633285522,-0.0008836641209200025,0.004846897441893816,-0.0063152313232421875,-1.509803056716919,-0.00038017891347408295,-1.5298058986663818,0.9895837306976318,-1.9167879819869995,0.0001826740481192246,0.0038856163155287504,-0.004837642423808575,-1.4668048620224,0.00011558944243006408,-1.5923468416821545,1.9845765560982715,-0.9216302633285522,-0.06254094301577262,0.9949928254006397,0.9951577186584473,-0.04299819469451904,0.00037947196587506915,2.3173980349621103e-05,0.0,-0.03127047150788631,0.49749641270031986,0.49757885932922363,-0.0,0.0,0.0,-0.0,0.0,-0.0,-0.03089099954201124,0.4975195866806695,0.49757885932922363,-0.034448132591205646
2.0780,-1.531789779663086,0.9970866441726685,-1.9016869068145752,-0.0012570659164339304,0.00639158021658659,-0.0005618719733320177,-1.5098237991333008,-0.00017501518595963717,-1.5298058986663818,0.9895837306976318,-1.9167879819869995,0.0001826740481192246,0.0038856163155287504,-0.004837642423808575,-1.4668048620224,0.00011558944243006408,-1.592724535269131,1.9952283954080485,-0.9016869068145752,-0.06291863660274921,1.0056446647104167,1.0151010751724243,-0.04301893711090088,0.00017468996420653797,1.066450758379701e-05,0.0,-0.031459318301374606,0.5028223323552083,0.5075505375862122,-0.0,0.0,0.0,-0.0,0.0,0.0,-0.031284628337168066,0.5028329968627921,0.5075505375862122,-0.03444421015155968
2.2650,-1.531789779663086,0.9970866441726685,-1.9016869068145752,-0.0012570659164339304,0.00639158021658659,-0.0005618719733320177,-1.5098248720169067,0.0007164368871599436,-1.5298058986663818,0.9895837306976318,-1.9167879819869995,0.0001826740481192246,0.0038856163155287504,-0.004837642423808575,-1.4668048620224,0.00011558944243006408,-1.5927234643791746,1.9952284607833746,-0.9016869068145752,-0.06291756571279272,1.0056447300857427,1.0151010751724243,-0.043020009994506836,-0.0007151056160367454,-4.365513940117996e-05,0.0,-0.03145878285639636,0.5028223650428714,0.5075505375862122,-0.0,0.0,0.0,-0.0,0.0,0.0,-0.032173888472433104,0.5027787099034702,0.5075505375862122,-0.034355923251132486
2.4680,-1.531789779663086,0.9970866441726685,-1.9016869068145752,-0.0012570659164339304,0.00639158021658659,-0.0005618719733320177,-1.5098415613174438,0.0006684951949864626,-1.5298058986663818,0.9895837306976318,-1.9167879819869995,0.0001826740481192246,0.0038856163155287504,-0.004837642423808575,-1.4668048620224,0.00011558944243006408,-1.5927068060819332,1.995229477584944,-0.9016869068145752,-0.06290090741555132,1.0056457468873121,1.0151010751724243,-0.043036699295043945,-0.0006672536880462794,-4.072273945386282e-05,0.0,-0.03145045370777566,0.5028228734436561,0.5075505375862122,-0.0,0.0,0.0,-0.0,0.0,0.0,-0.03211770739582194,0.5027821507042022,0.5075505375862122,-0.03437406886077952
2.6710,-1.5248793363571167,1.01178777217865,-1.8848462104797363,0.0030791915487498045,0.009143349714577198,0.004213140346109867,-1.5098415613174438,0.0006684951949864626,-1.5298058986663818,0.9895837306976318,-1.9167879819869995,0.0001826740481192246,0.0038856163155287504,-0.004837642423808575,-1.4668048620224,0.00011558944243006408,-1.585796362775964,2.0099306055909256,-0.8848462104797363,-0.05599046410958208,1.0203468748932938,1.0319417715072632,-0.043036699295043945,-0.0006672536880462794,-4.072273945386282e-05,0.0,-0.02799523205479104,0.5101734374466469,0.5159708857536316,-0.0,0.0,0.0,0.0,0.0,0.0,-0.02866248574283732,0.510132714707193,0.5159708857536316,-0.03437406886077952
2.8900,-1.5248793363571167,1.01178777217865,-1.8848462104797363,0.0030791915487498045,0.009143349714577198,0.004213140346109867,-1.5098274946212769,-0.00027485788450576365,-1.5298058986663818,0.9895837306976318,-1.9167879819869995,0.0001826740481192246,0.0038856163155287504,-0.004837642423808575,-1.4668048620224,0.00011558944243006408,-1.5858104033419056,2.009929748590871,-0.8848462104797363,-0.05600450467552376,1.0203460178932393,1.0319417715072632,-0.04302263259887695,0.00027434719207306495,1.6747384172118035e-05,0.0,-0.02800225233776188,0.5101730089466197,0.5159708857536316,-0.0,0.0,0.0,0.0,0.0,0.0,-0.027727905145688816,0.5101897563307918,0.5159708857536316,-0.034457150811795144
3.0780,-1.5186758041381836,1.0279821157455444,-1.8736525774002075,0.004511459730565548,0.012790737673640251,0.005466352682560682,-1.5098347663879395,-0.0005573465605266392,-1.5298058986663818,0.9895837306976318,-1.9167879819869995,0.0001826740481192246,0.0038856163155287504,-0.004837642423808575,-1.4668048620224,0.00011558944243006408,-1.579599612865813,2.026124535207877,-0.8736525774002075,-0.04979371419943113,1.036540804510245,1.043135404586792,-0.04302990436553955,0.000556311244403069,3.395567524852703e-05,0.0,-0.024896857099715564,0.5182704022551226,0.521567702293396,-0.0,0.0,0.0,0.0,0.0,0.0,-0.024340545855312496,0.5183043579303711,0.521567702293396,-0.03449121709272731
3.2960,-1.5186758041381836,1.0279821157455444,-1.8736525774002075,0.004511459730565548,0.012790737673640251,0.005466352682560682,-1.5098230838775635,-0.00023767974926158786,-1.5298058986663818,0.9895837306976318,-1.9167879819869995,0.0001826740481192246,0.0038856163155287504,-0.004837642423808575,-1.4668048620224,0.00011558944243006408,-1.5796112736708272,2.026123823396736,-0.8736525774002075,-0.049805375004445374,1.036540092699104,1.043135404586792,-0.043018221855163574,0.00023723807080206828,1.4483127119655864e-05,0.0,-0.024902687502222687,0.518270046349552,0.521567702293396,-0.0,0.0,0.0,0.0,0.0,0.0,-0.024665449431420617,0.5182845294766716,0.521567702293396,-0.03444990440330003
3.4370,-1.5174256563186646,1.0402966737747192,-1.873956561088562,0.004331265576183796,0.017777932807803154,0.004130539949983358,-1.5098329782485962,-0.00045461507397703826,-1.5298058986663818,0.9895837306976318,-1.9167879819869995,0.0001826740481192246,0.0038856163155287504,-0.004837642423808575,-1.4668048620224,0.00011558944243006408,-1.578351249863927,2.0384389842951967,-0.873956561088562,-0.048545351197545106,1.0488552535975648,1.0428314208984375,-0.04302811622619629,0.0004537705403368788,2.769769321667439e-05,0.0,-0.024272675598772553,0.5244276267987824,0.5214157104492188,-0.0,0.0,0.0,0.0,0.0,0.0,-0.023818905058435674,0.524455324491999,0.5214157104492188,-0.03447951343259774
3.4370,-1.5174256563186646,1.0402966737747192,-1.873956561088562,0.004331265576183796,0.017777932807803154,0.004130539949983358,-1.5098329782485962,-0.00045461507397703826,-1.5298058986663818,0.9895837306976318,-1.9167879819869995,0.0001826740481192246,0.0038856163155287504,-0.004837642423808575,-1.4668048620224,0.00011558944243006408,-1.578351249863927,2.0384389842951967,-0.873956561088562,-0.048545351197545106,1.0488552535975648,1.0428314208984375,-0.04302811622619629,0.0004537705403368788,2.769769321667439e-05,0.0,-0.024272675598772553,0.5244276267987824,0.5214157104492188,-0.0,0.0,0.0,0.0,0.0,0.0,-0.023818905058435674,0.524455324491999,0.5214157104492188,-0.03447951343259774
3.4530,-1.5174256563186646,1.0402966737747192,-1.873956561088562,0.004331265576183796,0.017777932807803154,0.004130539949983358,-1.5098329782485962,-0.00045461507397703826,-1.5298058986663818,0.9895837306976318,-1.9167879819869995,0.0001826740481192246,0.0038856163155287504,-0.004837642423808575,-1.4668048620224,0.00011558944243006408,-1.578351249863927,2.0384389842951967,-0.873956561088562,-0.048545351197545106,1.0488552535975648,1.0428314208984375,-0.04302811622619629,0.0004537705403368788,2.769769321667439e-05,0.0,-0.024272675598772553,0.5244276267987824,0.5214157104492188,-0.0,0.0,0.0,0.0,0.0,0.0,-0.023818905058435674,0.524455324491999,0.5214157104492188,-0.03447951343259774
3.4530,-1.5174256563186646,1.0402966737747192,-1.873956561088562,0.004331265576183796,0.017777932807803154,0.004130539949983358,-1.5098329782485962,-0.00045461507397703826,-1.5298058986663818,0.9895837306976318,-1.9167879819869995,0.0001826740481192246,0.0038856163155287504,-0.004837642423808575,-1.4668048620224,0.00011558944243006408,-1.578351249863927,2.0384389842951967,-0.873956561088562,-0.048545351197545106,1.0488552535975648,1.0428314208984375,-0.04302811622619629,0.0004537705403368788,2.769769321667439e-05,0.0,-0.024272675598772553,0.5244276267987824,0.5214157104492188,-0.0,0.0,0.0,0.0,0.0,0.0,-0.023818905058435674,0.524455324491999,0.5214157104492188,-0.03447951343259774
3.4680,-1.5174256563186646,1.0402966737747192,-1.873956561088562,0.004331265576183796,0.017777932807803154,0.004130539949983358,-1.5098329782485962,-0.00045461507397703826,-1.5298058986663818,0.9895837306976318,-1.9167879819869995,0.0001826740481192246,0.0038856163155287504,-0.004837642423808575,-1.4668048620224,0.00011558944243006408,-1.578351249863927,2.0384389842951967,-0.873956561088562,-0.048545351197545106,1.0488552535975648,1.0428314208984375,-0.04302811622619629,0.0004537705403368788,2.769769321667439e-05,0.0,-0.024272675598772553,0.5244276267987824,0.5214157104492188,-0.0,0.0,0.0,0.0,0.0,0.0,-0.023818905058435674,0.524455324491999,0.5214157104492188,-0.03447951343259774
3.4840,-1.5174256563186646,1.0402966737747192,-1.873956561088562,0.004331265576183796,0.017777932807803154,0.004130539949983358,-1.5098329782485962,-0.00045461507397703826,-1.5298058986663818,0.9895837306976318,-1.9167879819869995,0.0001826740481192246,0.0038856163155287504,-0.004837642423808575,-1.4668048620224,0.00011558944243006408,-1.578351249863927,2.0384389842951967,-0.873956561088562,-0.048545351197545106,1.0488552535975648,1.0428314208984375,-0.04302811622619629,0.0004537705403368788,2.769769321667439e-05,0.0,-0.024272675598772553,0.5244276267987824,0.5214157104492188,-0.0,0.0,0.0,0.0,0.0,0.0,-0.023818905058435674,0.524455324491999,0.5214157104492188,-0.03447951343259774
3.4840,-1.5174256563186646,1.0402966737747192,-1.873956561088562,0.004331265576183796,0.017777932807803154,0.004130539949983358,-1.5098329782485962,-0.00045461507397703826,-1.5298058986663818,0.9895837306976318,-1.9167879819869995,0.0001826740481192246,0.0038856163155287504,-0.004837642423808575,-1.4668048620224,0.00011558944243006408,-1.578351249863927,2.0384389842951967,-0.873956561088562,-0.048545351197545106,1.0488552535975648,1.0428314208984375,-0.04302811622619629,0.0004537705403368788,2.769769321667439e-05,0.0,-0.024272675598772553,0.5244276267987824,0.5214157104492188,-0.0,0.0,0.0,0.0,0.0,0.0,-0.023818905058435674,0.524455324491999,0.5214157104492188,-0.03447951343259774
3.5000,-1.5174256563186646,1.0402966737747192,-1.873956561088562,0.004331265576183796,0.017777932807803154,0.004130539949983358,-1.5098329782485962,-0.00045461507397703826,-1.5298058986663818,0.9895837306976318,-1.9167879819869995,0.0001826740481192246,0.0038856163155287504,-0.004837642423808575,-1.4668048620224,0.00011558944243006408,-1.578351249863927,2.0384389842951967,-0.873956561088562,-0.048545351197545106,1.0488552535975648,1.0428314208984375,-0.04302811622619629,0.0004537705403368788,2.769769321667439e-05,0.0,-0.024272675598772553,0.5244276267987824,0.5214157104492188,-0.0,0.0,0.0,0.0,0.0,0.0,-0.023818905058435674,0.524455324491999,0.5214157104492188,-0.03447951343259774
3.5000,-1.5174256563186646,1.0402966737747192,-1.873956561088562,0.004331265576183796,0.017777932807803154,0.004130539949983358,-1.5098329782485962,-0.00045461507397703826,-1.5298058986663818,0.9895837306976318,-1.9167879819869995,0.0001826740481192246,0.0038856163155287504,-0.004837642423808575,-1.4668048620224,0.00011558944243006408,-1.578351249863927,2.0384389842951967,-0.873956561088562,-0.048545351197545106,1.0488552535975648,1.0428314208984375,-0.04302811622619629,0.0004537705403368788,2.769769321667439e-05,0.0,-0.024272675598772553,0.5244276267987824,0.5214157104492188,-0.0,0.0,0.0,0.0,0.0,0.0,-0.023818905058435674,0.524455324491999,0.5214157104492188,-0.03447951343259774
3.5000,-1.5174256563186646,1.0402966737747192,-1.873956561088562,0.004331265576183796,0.017777932807803154,0.004130539949983358,-1.5098329782485962,-0.00045461507397703826,-1.5298058986663818,0.9895837306976318,-1.9167879819869995,0.0001826740481192246,0.0038856163155287504,-0.004837642423808575,-1.4668048620224,0.00011558944243006408,-1.578351249863927,2.0384389842951967,-0.873956561088562,-0.048545351197545106,1.0488552535975648,1.0428314208984375,-0.04302811622619629,0.0004537705403368788,2.769769321667439e-05,0.0,-0.024272675598772553,0.5244276267987824,0.5214157104492188,-0.0,0.0,0.0,0.0,0.0,0.0,-0.023818905058435674,0.524455324491999,0.5214157104492188,-0.03447951343259774
3.5150,-1.5174256563186646,1.0402966737747192,-1.873956561088562,0.004331265576183796,0.017777932807803154,0.004130539949983358,-1.5098329782485962,-0.00045461507397703826,-1.5298058986663818,0.9895837306976318,-1.9167879819869995,0.0001826740481192246,0.0038856163155287504,-0.004837642423808575,-1.4668048620224,0.00011558944243006408,-1.578351249863927,2.0384389842951967,-0.873956561088562,-0.048545351197545106,1.0488552535975648,1.0428314208984375,-0.04302811622619629,0.0004537705403368788,2.769769321667439e-05,0.0,-0.024272675598772553,0.5244276267987824,0.5214157104492188,-0.0,0.0,0.0,0.0,0.0,0.0,-0.023818905058435674,0.524455324491999,0.5214157104492188,-0.03447951343259774
3.5150,-1.5174256563186646,1.0402966737747192,-1.873956561088562,0.004331265576183796,0.017777932807803154,0.004130539949983358,-1.5098329782485962,-0.00045461507397703826,-1.1572246551513672,0.7616588473320007,-1.5514909029006958,0.029789062216877937,-0.0028200189117342234,-0.010148282162845135,-1.4668048620224,0.00011558944243006408,-1.578351249863927,2.0384389842951967,-0.873956561088562,-0.42112659471255975,1.276780136963196,0.6775343418121338,-0.04302811622619629,0.0004537705403368788,2.769769321667439e-05,0.0,-0.21056329735627988,0.638390068481598,0.3387671709060669,-0.0,0.0,0.0,-0.0,0.0,0.0,-0.210109526815943,0.6384177661748146,0.3387671709060669,-0.03447951343259774
3.5310,-1.5174256563186646,1.0402966737747192,-1.873956561088562,0.004331265576183796,0.017777932807803154,0.004130539949983358,-1.5098329782485962,-0.00045461507397703826,-1.1572246551513672,0.7616588473320007,-1.5514909029006958,0.029789062216877937,-0.0028200189117342234,-0.010148282162845135,-1.4666661024093628,-0.0003507604415062815,-1.578351249863927,2.0384389842951967,-0.873956561088562,-0.42112659471255975,1.276780136963196,0.6775343418121338,-0.0431668758392334,0.0004537705403368788,2.769769321667439e-05,0.0,-0.21056329735627988,0.638390068481598,0.3387671709060669,-0.0,0.0,0.0,-0.0,0.0,0.0,-0.210109526815943,0.6384177661748146,0.3387671709060669,-0.03454388613463379
3.5310,-1.5174256563186646,1.0402966737747192,-1.873956561088562,0.004331265576183796,0.017777932807803154,0.004130539949983358,-1.5098329782485962,-0.00045461507397703826,-1.1572246551513672,0.7616588473320007,-1.5514909029006958,0.029789062216877937,-0.0028200189117342234,-0.010148282162845135,-1.4666661024093628,-0.0003507604415062815,-1.578351249863927,2.0384389842951967,-0.873956561088562,-0.42112659471255975,1.276780136963196,0.6775343418121338,-0.0431668758392334,0.0004537705403368788,2.769769321667439e-05,0.0,-0.21056329735627988,0.638390068481598,0.3387671709060669,-0.0,0.0,0.0,-0.0,0.0,0.0,-0.210109526815943,0.6384177661748146,0.3387671709060669,-0.03454388613463379
3.5460,-1.5174256563186646,1.0402966737747192,-1.873956561088562,0.004331265576183796,0.017777932807803154,0.004130539949983358,-1.5098329782485962,-0.00045461507397703826,-1.1572246551513672,0.7616588473320007,-1.5514909029006958,0.029789062216877937,-0.0028200189117342234,-0.010148282162845135,-1.4666661024093628,-0.0003507604415062815,-1.578351249863927,2.0384389842951967,-0.873956561088562,-0.42112659471255975,1.276780136963196,0.6775343418121338,-0.0431668758392334,0.0004537705403368788,2.769769321667439e-05,0.0,-0.21056329735627988,0.638390068481598,0.3387671709060669,-0.0,0.0,0.0,-0.0,0.0,0.0,-0.210109526815943,0.6384177661748146,0.3387671709060669,-0.03454388613463379
3.5460,-1.5174256563186646,1.0402966737747192,-1.873956561088562,0.004331265576183796,0.017777932807803154,0.004130539949983358,-1.5098329782485962,-0.00045461507397703826,-1.1572246551513672,0.7616588473320007,-1.5514909029006958,0.029789062216877937,-0.0028200189117342234,-0.010148282162845135,-1.4666661024093628,-0.0003507604415062815,-1.578351249863927,2.0384389842951967,-0.873956561088562,-0.42112659471255975,1.276780136963196,0.6775343418121338,-0.0431668758392334,0.0004537705403368788,2.769769321667439e-05,0.0,-0.21056329735627988,0.638390068481598,0.3387671709060669,-0.0,0.0,0.0,-0.0,0.0,0.0,-0.210109526815943,0.6384177661748146,0.3387671709060669,-0.03454388613463379
3.5620,-1.5174256563186646,1.0402966737747192,-1.873956561088562,0.004331265576183796,0.017777932807803154,0.004130539949983358,-1.5098329782485962,-0.00045461507397703826,-1.1557865142822266,0.7623676657676697,-1.5577058792114258,0.023707494139671326,-0.00328125455416739,-0.010485983453691006,-1.4666661024093628,-0.0003507604415062815,-1.578351249863927,2.0384389842951967,-0.873956561088562,-0.4225647355817004,1.276071318527527,0.6837493181228638,-0.0431668758392334,0.0004537705403368788,2.769769321667439e-05,0.0,-0.2112823677908502,0.6380356592637635,0.3418746590614319,-0.0,0.0,0.0,-0.0,0.0,0.0,-0.2108285972505133,0.6380633569569801,0.3418746590614319,-0.03454388613463379
3.5620,-1.5174256563186646,1.0402966737747192,-1.873956561088562,0.004331265576183796,0.017777932807803154,0.004130539949983358,-1.5098329782485962,-0.00045461507397703826,-1.1557865142822266,0.7623676657676697,-1.5577058792114258,0.023707494139671326,-0.00328125455416739,-0.010485983453691006,-1.4666661024093628,-0.0003507604415062815,-1.578351249863927,2.0384389842951967,-0.873956561088562,-0.4225647355817004,1.276071318527527,0.6837493181228638,-0.0431668758392334,0.0004537705403368788,2.769769321667439e-05,0.0,-0.2112823677908502,0.6380356592637635,0.3418746590614319,-0.0,0.0,0.0,-0.0,0.0,0.0,-0.2108285972505133,0.6380633569569801,0.3418746590614319,-0.03454388613463379
3.5620,-1.5174256563186646,1.0402966737747192,-1.873956561088562,0.004331265576183796,0.017777932807803154,0.004130539949983358,-1.5098329782485962,-0.00045461507397703826,-1.1557865142822266,0.7623676657676697,-1.5577058792114258,0.023707494139671326,-0.00328125455416739,-0.010485983453691006,-1.4666661024093628,-0.0003507604415062815,-1.578351249863927,2.0384389842951967,-0.873956561088562,-0.4225647355817004,1.276071318527527,0.6837493181228638,-0.0431668758392334,0.0004537705403368788,2.769769321667439e-05,0.0,-0.2112823677908502,0.6380356592637635,0.3418746590614319,-0.0,0.0,0.0,-0.0,0.0,0.0,-0.2108285972505133,0.6380633569569801,0.3418746590614319,-0.03454388613463379
3.5780,-1.5174256563186646,1.0402966737747192,-1.873956561088562,0.004331265576183796,0.017777932807803154,0.004130539949983358,-1.5098329782485962,-0.00045461507397703826,-1.1557865142822266,0.7623676657676697,-1.5577058792114258,0.023707494139671326,-0.00328125455416739,-0.010485983453691006,-1.4666661024093628,-0.0003507604415062815,-1.578351249863927,2.0384389842951967,-0.873956561088562,-0.4225647355817004,1.276071318527527,0.6837493181228638,-0.0431668758392334,0.0004537705403368788,2.769769321667439e-05,0.0,-0.2112823677908502,0.6380356592637635,0.3418746590614319,-0.0,0.0,0.0,-0.0,0.0,0.0,-0.2108285972505133,0.6380633569569801,0.3418746590614319,-0.03454388613463379
3.5780,-1.5174256563186646,1.0402966737747192,-1.873956561088562,0.004331265576183796,0.017777932807803154,0.004130539949983358,-1.5098329782485962,-0.00045461507397703826,-1.1557865142822266,0.7623676657676697,-1.5577058792114258,0.023707494139671326,-0.00328125455416739,-0.010485983453691006,-1.4666661024093628,-0.0003507604415062815,-1.578351249863927,2.0384389842951967,-0.873956561088562,-0.4225647355817004,1.276071318527527,0.6837493181228638,-0.0431668758392334,0.0004537705403368788,2.769769321667439e-05,0.0,-0.2112823677908502,0.6380356592637635,0.3418746590614319,-0.0,0.0,0.0,-0.0,0.0,0.0,-0.2108285972505133,0.6380633569569801,0.3418746590614319,-0.03454388613463379
3.5930,-1.5174256563186646,1.0402966737747192,-1.873956561088562,0.004331265576183796,0.017777932807803154,0.004130539949983358,-1.5098329782485962,-0.00045461507397703826,-1.1557865142822266,0.7623676657676697,-1.5577058792114258,0.023707494139671326,-0.00328125455416739,-0.010485983453691006,-1.4666661024093628,-0.0003507604415062815,-1.578351249863927,2.0384389842951967,-0.873956561088562,-0.4225647355817004,1.276071318527527,0.6837493181228638,-0.0431668758392334,0.0004537705403368788,2.769769321667439e-05,0.0,-0.2112823677908502,0.6380356592637635,0.3418746590614319,-0.0,0.0,0.0,-0.0,0.0,0.0,-0.2108285972505133,0.6380633569569801,0.3418746590614319,-0.03454388613463379
3.5930,-1.5174256563186646,1.0402966737747192,-1.873956561088562,0.004331265576183796,0.017777932807803154,0.004130539949983358,-1.5098329782485962,-0.00045461507397703826,-1.1557865142822266,0.7623676657676697,-1.5577058792114258,0.023707494139671326,-0.00328125455416739,-0.010485983453691006,-1.4666661024093628,-0.0003507604415062815,-1.578351249863927,2.0384389842951967,-0.873956561088562,-0.4225647355817004,1.276071318527527,0.6837493181228638,-0.0431668758392334,0.0004537705403368788,2.769769321667439e-05,0.0,-0.2112823677908502,0.6380356592637635,0.3418746590614319,-0.0,0.0,0.0,-0.0,0.0,0.0,-0.2108285972505133,0.6380633569569801,0.3418746590614319,-0.03454388613463379
3.6090,-1.5174256563186646,1.0402966737747192,-1.873956561088562,0.004331265576183796,0.017777932807803154,0.004130539949983358,-1.5098329782485962,-0.00045461507397703826,-1.1557865142822266,0.7623676657676697,-1.5577058792114258,0.023707494139671326,-0.00328125455416739,-0.010485983453691006,-1.4666661024093628,-0.0003507604415062815,-1.578351249863927,2.0384389842951967,-0.873956561088562,-0.4225647355817004,1.276071318527527,0.6837493181228638,-0.0431668758392334,0.0004537705403368788,2.769769321667439e-05,0.0,-0.2112823677908502,0.6380356592637635,0.3418746590614319,-0.0,0.0,0.0,-0.0,0.0,0.0,-0.2108285972505133,0.6380633569569801,0.3418746590614319,-0.03454388613463379
3.6090,-1.5174256563186646,1.0402966737747192,-1.873956561088562,0.004331265576183796,0.017777932807803154,0.004130539949983358,-1.5098329782485962,-0.00045461507397703826,-1.1557865142822266,0.7623676657676697,-1.5577058792114258,0.023707494139671326,-0.00328125455416739,-0.010485983453691006,-1.4666661024093628,-0.0003507604415062815,-1.578351249863927,2.0384389842951967,-0.873956561088562,-0.4225647355817004,1.276071318527527,0.6837493181228638,-0.0431668758392334,0.0004537705403368788,2.769769321667439e-05,0.0,-0.2112823677908502,0.6380356592637635,0.3418746590614319,-0.0,0.0,0.0,-0.0,0.0,0.0,-0.2108285972505133,0.6380633569569801,0.3418746590614319,-0.03454388613463379
3.6250,-1.5174256563186646,1.0402966737747192,-1.873956561088562,0.004331265576183796,0.017777932807803154,0.004130539949983358,-1.5098329782485962,-0.00045461507397703826,-1.1557865142822266,0.7623676657676697,-1.5577058792114258,0.023707494139671326,-0.00328125455416739,-0.010485983453691006,-1.4667599201202393,0.0002564669703133404,-1.578351249863927,2.0384389842951967,-0.873956561088562,-0.4225647355817004,1.276071318527527,0.6837493181228638,-0.043073058128356934,0.0004537705403368788,2.769769321667439e-05,0.0,-0.2112823677908502,0.6380356592637635,0.3418746590614319,-0.0,0.0,0.0,-0.0,0.0,0.0,-0.2108285972505133,0.6380633569569801,0.3418746590614319,-0.034529554707114586
3.6250,-1.5174256563186646,1.0402966737747192,-1.873956561088562,0.004331265576183796,0.017777932807803154,0.004130539949983358,-1.5098329782485962,-0.00045461507397703826,-1.1557865142822266,0.7623676657676697,-1.5577058792114258,0.023707494139671326,-0.00328125455416739,-0.010485983453691006,-1.4667599201202393,0.0002564669703133404,-1.578351249863927,2.0384389842951967,-0.873956561088562,-0.4225647355817004,1.276071318527527,0.6837493181228638,-0.043073058128356934,0.0004537705403368788,2.769769321667439e-05,0.0,-0.2112823677908502,0.6380356592637635,0.3418746590614319,-0.0,0.0,0.0,-0.0,0.0,0.0,-0.2108285972505133,0.6380633569569801,0.3418746590614319,-0.034529554707114586
3.6400,-1.5174256563186646,1.0402966737747192,-1.873956561088562,0.004331265576183796,0.017777932807803154,0.004130539949983358,-1.5098329782485962,-0.00045461507397703826,-1.1557865142822266,0.7623676657676697,-1.5577058792114258,0.023707494139671326,-0.00328125455416739,-0.010485983453691006,-1.4667599201202393,0.0002564669703133404,-1.578351249863927,2.0384389842951967,-0.873956561088562,-0.4225647355817004,1.276071318527527,0.6837493181228638,-0.043073058128356934,0.0004537705403368788,2.769769321667439e-05,0.0,-0.2112823677908502,0.6380356592637635,0.3418746590614319,-0.0,0.0,0.0,-0.0,0.0,0.0,-0.2108285972505133,0.6380633569569801,0.3418746590614319,-0.034529554707114586
3.6400,-1.5174256563186646,1.0402966737747192,-1.873956561088562,0.004331265576183796,0.017777932807803154,0.004130539949983358,-1.5098329782485962,-0.00045461507397703826,-1.1557865142822266,0.7623676657676697,-1.5577058792114258,0.023707494139671326,-0.00328125455416739,-0.010485983453691006,-1.4667599201202393,0.0002564669703133404,-1.578351249863927,2.0384389842951967,-0.873956561088562,-0.4225647355817004,1.276071318527527,0.6837493181228638,-0.043073058128356934,0.0004537705403368788,2.769769321667439e-05,0.0,-0.2112823677908502,0.6380356592637635,0.3418746590614319,-0.0,0.0,0.0,-0.0,0.0,0.0,-0.2108285972505133,0.6380633569569801,0.3418746590614319,-0.034529554707114586
3.6560,-1.5174256563186646,1.0402966737747192,-1.873956561088562,0.004331265576183796,0.017777932807803154,0.004130539949983358,-1.5098329782485962,-0.00045461507397703826,-1.1557865142822266,0.7623676657676697,-1.5577058792114258,0.023707494139671326,-0.00328125455416739,-0.010485983453691006,-1.4667599201202393,0.0002564669703133404,-1.578351249863927,2.0384389842951967,-0.873956561088562,-0.4225647355817004,1.276071318527527,0.6837493181228638,-0.043073058128356934,0.0004537705403368788,2.769769321667439e-05,0.0,-0.2112823677908502,0.6380356592637635,0.3418746590614319,-0.0,0.0,0.0,-0.0,0.0,0.0,-0.2108285972505133,0.6380633569569801,0.3418746590614319,-0.034529554707114586
3.6560,-1.5174256563186646,1.0402966737747192,-1.873956561088562,0.004331265576183796,0.017777932807803154,0.004130539949983358,-1.5098329782485962,-0.00045461507397703826,-1.1557865142822266,0.7623676657676697,-1.5577058792114258,0.023707494139671326,-0.00328125455416739,-0.010485983453691006,-1.4667599201202393,0.0002564669703133404,-1.578351249863927,2.0384389842951967,-0.873956561088562,-0.4225647355817004,1.276071318527527,0.6837493181228638,-0.043073058128356934,0.0004537705403368788,2.769769321667439e-05,0.0,-0.2112823677908502,0.6380356592637635,0.3418746590614319,-0.0,0.0,0.0,-0.0,0.0,0.0,-0.2108285972505133,0.6380633569569801,0.3418746590614319,-0.034529554707114586
3.6560,-1.5174256563186646,1.0402966737747192,-1.873956561088562,0.004331265576183796,0.017777932807803154,0.004130539949983358,-1.5098329782485962,-0.00045461507397703826,-1.1557865142822266,0.7623676657676697,-1.5577058792114258,0.023707494139671326,-0.00328125455416739,-0.010485983453691006,-1.4667599201202393,0.0002564669703133404,-1.578351249863927,2.0384389842951967,-0.873956561088562,-0.4225647355817004,1.276071318527527,0.6837493181228638,-0.043073058128356934,0.0004537705403368788,2.769769321667439e-05,0.0,-0.2112823677908502,0.6380356592637635,0.3418746590614319,-0.0,0.0,0.0,-0.0,0.0,0.0,-0.2108285972505133,0.6380633569569801,0.3418746590614319,-0.034529554707114586
3.6710,-1.5174256563186646,1.0402966737747192,-1.873956561088562,0.004331265576183796,0.017777932807803154,0.004130539949983358,-1.5098329782485962,-0.00045461507397703826,-1.1557865142822266,0.7623676657676697,-1.5577058792114258,0.023707494139671326,-0.00328125455416739,-0.010485983453691006,-1.4667599201202393,0.0002564669703133404,-1.578351249863927,2.0384389842951967,-0.873956561088562,-0.4225647355817004,1.276071318527527,0.6837493181228638,-0.043073058128356934,0.0004537705403368788,2.769769321667439e-05,0.0,-0.2112823677908502,0.6380356592637635,0.3418746590614319,-0.0,0.0,0.0,-0.0,0.0,0.0,-0.2108285972505133,0.6380633569569801,0.3418746590614319,-0.034529554707114586
3.6710,-1.5174256563186646,1.0402966737747192,-1.873956561088562,0.004331265576183796,0.017777932807803154,0.004130539949983358,-1.5098329782485962,-0.00045461507397703826,-1.1557865142822266,0.7623676657676697,-1.5577058792114258,0.023707494139671326,-0.00328125455416739,-0.010485983453691006,-1.4667599201202393,0.0002564669703133404,-1.578351249863927,2.0384389842951967,-0.873956561088562,-0.4225647355817004,1.276071318527527,0.6837493181228638,-0.043073058128356934,0.0004537705403368788,2.769769321667439e-05,0.0,-0.2112823677908502,0.6380356592637635,0.3418746590614319,-0.0,0.0,0.0,-0.0,0.0,0.0,-0.2108285972505133,0.6380633569569801,0.3418746590614319,-0.034529554707114586
3.6870,-1.5174256563186646,1.0402966737747192,-1.873956561088562,0.004331265576183796,0.017777932807803154,0.004130539949983358,-1.5098329782485962,-0.00045461507397703826,-1.1557865142822266,0.7623676657676697,-1.5577058792114258,0.023707494139671326,-0.00328125455416739,-0.010485983453691006,-1.4667599201202393,0.0002564669703133404,-1.578351249863927,2.0384389842951967,-0.873956561088562,-0.4225647355817004,1.276071318527527,0.6837493181228638,-0.043073058128356934,0.0004537705403368788,2.769769321667439e-05,0.0,-0.2112823677908502,0.6380356592637635,0.3418746590614319,-0.0,0.0,0.0,-0.0,0.0,0.0,-0.2108285972505133,0.6380633569569801,0.3418746590614319,-0.034529554707114586
3.6870,-1.5174256563186646,1.0402966737747192,-1.873956561088562,0.004331265576183796,0.017777932807803154,0.004130539949983358,-1.5098329782485962,-0.00045461507397703826,-1.1557865142822266,0.7623676657676697,-1.5577058792114258,0.023707494139671326,-0.00328125455416739,-0.010485983453691006,-1.4667599201202393,0.0002564669703133404,-1.578351249863927,2.0384389842951967,-0.873956561088562,-0.4225647355817004,1.276071318527527,0.6837493181228638,-0.043073058128356934,0.0004537705403368788,2.769769321667439e-05,0.0,-0.2112823677908502,0.6380356592637635,0.3418746590614319,-0.0,0.0,0.0,-0.0,0.0,0.0,-0.2108285972505133,0.6380633569569801,0.3418746590614319,-0.034529554707114586
3.7030,-1.5174256563186646,1.0402966737747192,-1.873956561088562,0.004331265576183796,0.017777932807803154,0.004130539949983358,-1.5098329782485962,-0.00045461507397703826,-1.1557865142822266,0.7623676657676697,-1.5577058792114258,0.023707494139671326,-0.00328125455416739,-0.010485983453691006,-1.4667599201202393,0.0002564669703133404,-1.578351249863927,2.0384389842951967,-0.873956561088562,-0.4225647355817004,1.276071318527527,0.6837493181228638,-0.043073058128356934,0.0004537705403368788,2.769769321667439e-05,0.0,-0.2112823677908502,0.6380356592637635,0.3418746590614319,-0.0,0.0,0.0,-0.0,0.0,0.0,-0.2108285972505133,0.6380633569569801,0.3418746590614319,-0.034529554707114586
3.7030,-1.5174256563186646,1.0402966737747192,-1.873956561088562,0.004331265576183796,0.017777932807803154,0.004130539949983358,-1.5098329782485962,-0.00045461507397703826,-1.1557865142822266,0.7623676657676697,-1.5577058792114258,0.023707494139671326,-0.00328125455416739,-0.010485983453691006,-1.4667599201202393,0.0002564669703133404,-1.578351249863927,2.0384389842951967,-0.873956561088562,-0.4225647355817004,1.276071318527527,0.6837493181228638,-0.043073058128356934,0.0004537705403368788,2.769769321667439e-05,0.0,-0.2112823677908502,0.6380356592637635,0.3418746590614319,-0.0,0.0,0.0,-0.0,0.0,0.0,-0.2108285972505133,0.6380633569569801,0.3418746590614319,-0.034529554707114586
3.7030,-1.5174256563186646,1.0402966737747192,-1.873956561088562,0.004331265576183796,0.017777932807803154,0.004130539949983358,-1.5098329782485962,-0.00045461507397703826,-1.1557865142822266,0.7623676657676697,-1.5577058792114258,0.023707494139671326,-0.00328125455416739,-0.010485983453691006,-1.4667599201202393,0.0002564669703133404,-1.578351249863927,2.0384389842951967,-0.873956561088562,-0.4225647355817004,1.276071318527527,0.6837493181228638,-0.043073058128356934,0.0004537705403368788,2.769769321667439e-05,0.0,-0.2112823677908502,0.6380356592637635,0.3418746590614319,-0.0,0.0,0.0,-0.0,0.0,0.0,-0.2108285972505133,0.6380633569569801,0.3418746590614319,-0.034529554707114586
3.7180,-1.5174256563186646,1.0402966737747192,-1.873956561088562,0.004331265576183796,0.017777932807803154,0.004130539949983358,-1.5098329782485962,-0.00045461507397703826,-1.1557865142822266,0.7623676657676697,-1.5577058792114258,0.023707494139671326,-0.00328125455416739,-0.010485983453691006,-1.4667599201202393,0.0002564669703133404,-1.578351249863927,2.0384389842951967,-0.873956561088562,-0.4225647355817004,1.276071318527527,0.6837493181228638,-0.043073058128356934,0.0004537705403368788,2.769769321667439e-05,0.0,-0.2112823677908502,0.6380356592637635,0.3418746590614319,-0.0,0.0,0.0,-0.0,0.0,0.0,-0.2108285972505133,0.6380633569569801,0.3418746590614319,-0.034529554707114586
3.7180,-1.5174256563186646,1.0402966737747192,-1.873956561088562,0.004331265576183796,0.017777932807803154,0.004130539949983358,-1.5098329782485962,-0.00045461507397703826,-1.1557865142822266,0.7623676657676697,-1.5577058792114258,0.023707494139671326,-0.00328125455416739,-0.010485983453691006,-1.4667599201202393,0.0002564669703133404,-1.578351249863927,2.0384389842951967,-0.873956561088562,-0.4225647355817004,1.276071318527527,0.6837493181228638,-0.043073058128356934,0.0004537705403368788,2.769769321667439e-05,0.0,-0.2112823677908502,0.6380356592637635,0.3418746590614319,-0.0,0.0,0.0,-0.0,0.0,0.0,-0.2108285972505133,0.6380633569569801,0.3418746590614319,-0.034529554707114586
3.7340,-1.5174256563186646,1.0402966737747192,-1.873956561088562,0.004331265576183796,0.017777932807803154,0.004130539949983358,-1.5098329782485962,-0.00045461507397703826,-1.1557865142822266,0.7623676657676697,-1.5577058792114258,0.023707494139671326,-0.00328125455416739,-0.010485983453691006,-1.4667599201202393,0.0002564669703133404,-1.578351249863927,2.0384389842951967,-0.873956561088562,-0.4225647355817004,1.276071318527527,0.6837493181228638,-0.043073058128356934,0.0004537705403368788,2.769769321667439e-05,0.0,-0.2112823677908502,0.6380356592637635,0.3418746590614319,-0.0,0.0,0.0,-0.0,0.0,0.0,-0.2108285972505133,0.6380633569569801,0.3418746590614319,-0.034529554707114586
3.7340,-1.5174256563186646,1.0402966737747192,-1.873956561088562,0.004331265576183796,0.017777932807803154,0.004130539949983358,-1.5098329782485962,-0.00045461507397703826,-1.1557865142822266,0.7623676657676697,-1.5577058792114258,0.023707494139671326,-0.00328125455416739,-0.010485983453691006,-1.4667599201202393,0.0002564669703133404,-1.578351249863927,2.0384389842951967,-0.873956561088562,-0.4225647355817004,1.276071318527527,0.6837493181228638,-0.043073058128356934,0.0004537705403368788,2.769769321667439e-05,0.0,-0.2112823677908502,0.6380356592637635,0.3418746590614319,-0.0,0.0,0.0,-0.0,0.0,0.0,-0.2108285972505133,0.6380633569569801,0.3418746590614319,-0.034529554707114586
3.7340,-1.5174256563186646,1.0402966737747192,-1.873956561088562,0.004331265576183796,0.017777932807803154,0.004130539949983358,-1.5098329782485962,-0.00045461507397703826,-1.1557865142822266,0.7623676657676697,-1.5577058792114258,0.023707494139671326,-0.00328125455416739,-0.010485983453691006,-1.4667599201202393,0.0002564669703133404,-1.578351249863927,2.0384389842951967,-0.873956561088562,-0.4225647355817004,1.276071318527527,0.6837493181228638,-0.043073058128356934,0.0004537705403368788,2.769769321667439e-05,0.0,-0.2112823677908502,0.6380356592637635,0.3418746590614319,-0.0,0.0,0.0,-0.0,0.0,0.0,-0.2108285972505133,0.6380633569569801,0.3418746590614319,-0.034529554707114586
3.7500,-1.5174256563186646,1.0402966737747192,-1.873956561088562,0.004331265576183796,0.017777932807803154,0.004130539949983358,-1.5098329782485962,-0.00045461507397703826,-1.1557865142822266,0.7623676657676697,-1.5577058792114258,0.023707494139671326,-0.00328125455416739,-0.010485983453691006,-1.4667599201202393,0.0002564669703133404,-1.578351249863927,2.0384389842951967,-0.873956561088562,-0.4225647355817004,1.276071318527527,0.6837493181228638,-0.043073058128356934,0.0004537705403368788,2.769769321667439e-05,0.0,-0.2112823677908502,0.6380356592637635,0.3418746590614319,-0.0,0.0,0.0,-0.0,0.0,0.0,-0.2108285972505133,0.6380633569569801,0.3418746590614319,-0.034529554707114586
3.7500,-1.5174256563186646,1.0402966737747192,-1.873956561088562,0.004331265576183796,0.017777932807803154,0.004130539949983358,-1.5098329782485962,-0.00045461507397703826,-1.1557865142822266,0.7623676657676697,-1.5577058792114258,0.023707494139671326,-0.00328125455416739,-0.010485983453691006,-1.4667599201202393,0.0002564669703133404,-1.578351249863927,2.0384389842951967,-0.873956561088562,-0.4225647355817004,1.276071318527527,0.6837493181228638,-0.043073058128356934,0.0004537705403368788,2.769769321667439e-05,0.0,-0.2112823677908502,0.6380356592637635,0.3418746590614319,-0.0,0.0,0.0,-0.0,0.0,0.0,-0.2108285972505133,0.6380633569569801,0.3418746590614319,-0.034529554707114586
3.7650,-1.5174256563186646,1.0402966737747192,-1.873956561088562,0.004331265576183796,0.017777932807803154,0.004130539949983358,-1.5098329782485962,-0.00045461507397703826,-1.1557865142822266,0.7623676657676697,-1.5577058792114258,0.023707494139671326,-0.00328125455416739,-0.010485983453691006,-1.4667599201202393,0.0002564669703133404,-1.578351249863927,2.0384389842951967,-0.873956561088562,-0.4225647355817004,1.276071318527527,0.6837493181228638,-0.043073058128356934,0.0004537705403368788,2.769769321667439e-05,0.0,-0.2112823677908502,0.6380356592637635,0.3418746590614319,-0.0,0.0,0.0,-0.0,0.0,0.0,-0.2108285972505133,0.6380633569569801,0.3418746590614319,-0.034529554707114586
3.7650,-1.5174256563186646,1.0402966737747192,-1.873956561088562,0.004331265576183796,0.017777932807803154,0.004130539949983358,-1.5098329782485962,-0.00045461507397703826,-1.1557865142822266,0.7623676657676697,-1.5577058792114258,0.023707494139671326,-0.00328125455416739,-0.010485983453691006,-1.4667599201202393,0.0002564669703133404,-1.578351249863927,2.0384389842951967,-0.873956561088562,-0.4225647355817004,1.276071318527527,0.6837493181228638,-0.043073058128356934,0.0004537705403368788,2.769769321667439e-05,0.0,-0.2112823677908502,0.6380356592637635,0.3418746590614319,-0.0,0.0,0.0,-0.0,0.0,0.0,-0.2108285972505133,0.6380633569569801,0.3418746590614319,-0.034529554707114586
3.7810,-1.5174256563186646,1.0402966737747192,-1.873956561088562,0.004331265576183796,0.017777932807803154,0.004130539949983358,-1.5098329782485962,-0.00045461507397703826,-1.1535080671310425,0.759903073310852,-1.5554823875427246,0.019704248756170273,-0.0051696933805942535,-0.009871872141957283,-1.4667599201202393,0.0002564669703133404,-1.578351249863927,2.0384389842951967,-0.873956561088562,-0.42484318273288446,1.2785359109843446,0.6815258264541626,-0.043073058128356934,0.0004537705403368788,2.769769321667439e-05,0.0,-0.21242159136644223,0.6392679554921723,0.3407629132270813,-0.0,0.0,0.0,-0.0,0.0,0.0,-0.21196782082610535,0.639295653185389,0.3407629132270813,-0.034529554707114586
3.7960,-1.5174256563186646,1.0402966737747192,-1.873956561088562,0.004331265576183796,0.017777932807803154,0.004130539949983358,-1.5098329782485962,-0.00045461507397703826,-1.1535080671310425,0.759903073310852,-1.5554823875427246,0.019704248756170273,-0.0051696933805942535,-0.009871872141957283,-1.4667599201202393,0.0002564669703133404,-1.578351249863927,2.0384389842951967,-0.873956561088562,-0.42484318273288446,1.2785359109843446,0.6815258264541626,-0.043073058128356934,0.0004537705403368788,2.769769321667439e-05,0.0,-0.21242159136644223,0.6392679554921723,0.3407629132270813,-0.0,0.0,0.0,-0.0,0.0,0.0,-0.21196782082610535,0.639295653185389,0.3407629132270813,-0.034529554707114586
3.8430,-1.5174256563186646,1.0402966737747192,-1.873956561088562,0.004331265576183796,0.017777932807803154,0.004130539949983358,-1.509848713874817,-4.384611384011805e-05,-1.1535080671310425,0.759903073310852,-1.5554823875427246,0.019704248756170273,-0.0051696933805942535,-0.009871872141957283,-1.4667599201202393,0.0002564669703133404,-1.5783355434620712,2.038439942873989,-0.873956561088562,-0.4248274763310287,1.278536869563137,0.6815258264541626,-0.04308879375457764,4.376470340567417e-05,2.670661845678551e-06,0.0,-0.21241373816551434,0.6392684347815685,0.3407629132270813,-0.0,0.0,0.0,-0.0,0.0,0.0,-0.21236997346210867,0.6392711054434141,0.3407629132270813,-0.03450106631207746
3.8900,-1.5174256563186646,1.0402966737747192,-1.873956561088562,0.004331265576183796,0.017777932807803154,0.004130539949983358,-1.509848713874817,-4.384611384011805e-05,-1.1535080671310425,0.759903073310852,-1.5554823875427246,0.019704248756170273,-0.0051696933805942535,-0.009871872141957283,-1.4667229652404785,-5.09039091411978e-05,-1.5783355434620712,2.038439942873989,-0.873956561088562,-0.4248274763310287,1.278536869563137,0.6815258264541626,-0.04312574863433838,4.376470340567417e-05,2.670661845678551e-06,0.0,-0.21241373816551434,0.6392684347815685,0.3407629132270813,-0.0,0.0,0.0,-0.0,0.0,0.0,-0.21236997346210867,0.6392711054434141,0.3407629132270813,-0.03449989312794059
3.9530,-1.5174256563186646,1.0402966737747192,-1.873956561088562,0.004331265576183796,0.017777932807803154,0.004130539949983358,-1.509848713874817,-4.384611384011805e-05,-1.1535080671310425,0.759903073310852,-1.5554823875427246,0.019704248756170273,-0.0051696933805942535,-0.009871872141957283,-1.4667229652404785,-5.09039091411978e-05,-1.5783355434620712,2.038439942873989,-0.873956561088562,-0.4248274763310287,1.278536869563137,0.6815258264541626,-0.04312574863433838,4.376470340567417e-05,2.670661845678551e-06,0.0,-0.21241373816551434,0.6392684347815685,0.3407629132270813,-0.0,0.0,0.0,-0.0,0.0,0.0,-0.21236997346210867,0.6392711054434141,0.3407629132270813,-0.03449989312794059
4.0000,-1.5143100023269653,1.0633708238601685,-1.8658738136291504,0.0035602785646915436,0.02236451581120491,0.00427088001742959,-1.509848713874817,-4.384611384011805e-05,-1.1535080671310425,0.759903073310852,-1.5554823875427246,0.019704248756170273,-0.0051696933805942535,-0.009871872141957283,-1.4667229652404785,-5.09039091411978e-05,-1.575219889470372,2.061514092959438,-0.8658738136291504,-0.42171182233932947,1.3016110196485862,0.6896085739135742,-0.04312574863433838,4.376470340567417e-05,2.670661845678551e-06,0.0,-0.21085591116966473,0.6508055098242931,0.3448042869567871,-0.0,0.0,0.0,-0.0,0.0,0.0,-0.21081214646625906,0.6508081804861388,0.3448042869567871,-0.03449989312794059
4.0460,-1.5143100023269653,1.0633708238601685,-1.8658738136291504,0.0035602785646915436,0.02236451581120491,0.00427088001742959,-1.509848713874817,-4.384611384011805e-05,-1.151348352432251,0.7532540559768677,-1.5652369260787964,0.015787478536367416,-0.008787276223301888,-0.010842523537576199,-1.4667229652404785,-5.09039091411978e-05,-1.575219889470372,2.061514092959438,-0.8658738136291504,-0.42387153703812097,1.3082600369825705,0.699363112449646,-0.04312574863433838,4.376470340567417e-05,2.670661845678551e-06,0.0,-0.21193576851906049,0.6541300184912853,0.349681556224823,-0.0,0.0,0.0,-0.0,0.0,0.0,-0.21189200381565482,0.6541326891531309,0.349681556224823,-0.03449989312794059
4.0930,-1.5143100023269653,1.0633708238601685,-1.8658738136291504,0.0035602785646915436,0.02236451581120491,0.00427088001742959,-1.509848713874817,-4.384611384011805e-05,-1.151348352432251,0.7532540559768677,-1.5652369260787964,0.015787478536367416,-0.008787276223301888,-0.010842523537576199,-1.4667229652404785,-5.09039091411978e-05,-1.575219889470372,2.061514092959438,-0.8658738136291504,-0.42387153703812097,1.3082600369825705,0.699363112449646,-0.04312574863433838,4.376470340567417e-05,2.670661845678551e-06,0.0,-0.21193576851906049,0.6541300184912853,0.349681556224823,-0.0,0.0,0.0,-0.0,0.0,0.0,-0.21189200381565482,0.6541326891531309,0.349681556224823,-0.03449989312794059
4.1560,-1.5143100023269653,1.0633708238601685,-1.8658738136291504,0.0035602785646915436,0.02236451581120491,0.00427088001742959,-1.509848713874817,-4.384611384011805e-05,-1.151348352432251,0.7532540559768677,-1.5652369260787964,0.015787478536367416,-0.008787276223301888,-0.010842523537576199,-1.4667229652404785,-5.09039091411978e-05,-1.575219889470372,2.061514092959438,-0.8658738136291504,-0.42387153703812097,1.3082600369825705,0.699363112449646,-0.04312574863433838,4.376470340567417e-05,2.670661845678551e-06,0.0,-0.21193576851906049,0.6541300184912853,0.349681556224823,-0.0,0.0,0.0,-0.0,0.0,0.0,-0.21189200381565482,0.6541326891531309,0.349681556224823,-0.03449989312794059
4.1870,-1.5143100023269653,1.0633708238601685,-1.8658738136291504,0.0035602785646915436,0.02236451581120491,0.00427088001742959,-1.5098376274108887,-0.0003506731300149113,-1.151348352432251,0.7532540559768677,-1.5652369260787964,0.015787478536367416,-0.008787276223301888,-0.010842523537576199,-1.4667229652404785,-5.09039091411978e-05,-1.5752309553459767,2.061513417622831,-0.8658738136291504,-0.4238826029137257,1.3082593616459635,0.699363112449646,-0.043114662170410156,0.0003500217875559549,2.1363341278668047e-05,0.0,-0.21194130145686285,0.6541296808229817,0.349681556224823,-0.0,0.0,0.0,-0.0,0.0,0.0,-0.2115912796693069,0.6541510441642604,0.349681556224823,-0.0345217066584155
4.2500,-1.5143100023269653,1.0633708238601685,-1.8658738136291504,0.0035602785646915436,0.02236451581120491,0.00427088001742959,-1.5098376274108887,-0.0003506731300149113,-1.151348352432251,0.7532540559768677,-1.5652369260787964,0.015787478536367416,-0.008787276223301888,-0.010842523537576199,-1.4668041467666626,0.0001124125556088984,-1.5752309553459767,2.061513417622831,-0.8658738136291504,-0.4238826029137257,1.3082593616459635,0.699363112449646,-0.04303348064422608,0.0003500217875559549,2.1363341278668047e-05,0.0,-0.21194130145686285,0.6541296808229817,0.349681556224823,-0.0,0.0,0.0,-0.0,0.0,0.0,-0.2115912796693069,0.6541510441642604,0.349681556224823,-0.034473093083943245
4.3120,-1.5143100023269653,1.0633708238601685,-1.8658738136291504,0.0035602785646915436,0.02236451581120491,0.00427088001742959,-1.5098376274108887,-0.0003506731300149113,-1.151348352432251,0.7532540559768677,-1.5652369260787964,0.015787478536367416,-0.008787276223301888,-0.010842523537576199,-1.4668041467666626,0.0001124125556088984,-1.5752309553459767,2.061513417622831,-0.8658738136291504,-0.4238826029137257,1.3082593616459635,0.699363112449646,-0.04303348064422608,0.0003500217875559549,2.1363341278668047e-05,0.0,-0.21194130145686285,0.6541296808229817,0.349681556224823,-0.0,0.0,0.0,-0.0,0.0,0.0,-0.2115912796693069,0.6541510441642604,0.349681556224823,-0.034473093083943245
4.3590,-1.5143100023269653,1.0633708238601685,-1.8658738136291504,0.0035602785646915436,0.02236451581120491,0.00427088001742959,-1.5098376274108887,-0.0003506731300149113,-1.151348352432251,0.7532540559768677,-1.5652369260787964,0.015787478536367416,-0.008787276223301888,-0.010842523537576199,-1.4668041467666626,0.0001124125556088984,-1.5752309553459767,2.061513417622831,-0.8658738136291504,-0.4238826029137257,1.3082593616459635,0.699363112449646,-0.04303348064422608,0.0003500217875559549,2.1363341278668047e-05,0.0,-0.21194130145686285,0.6541296808229817,0.349681556224823,-0.0,0.0,0.0,-0.0,0.0,0.0,-0.2115912796693069,0.6541510441642604,0.349681556224823,-0.034473093083943245
4.4060,-1.5143100023269653,1.0633708238601685,-1.8658738136291504,0.0035602785646915436,0.02236451581120491,0.00427088001742959,-1.5098376274108887,-0.0003506731300149113,-1.151348352432251,0.7532540559768677,-1.5652369260787964,0.015787478536367416,-0.008787276223301888,-0.010842523537576199,-1.4668041467666626,0.0001124125556088984,-1.5752309553459767,2.061513417622831,-0.8658738136291504,-0.4238826029137257,1.3082593616459635,0.699363112449646,-0.04303348064422608,0.0003500217875559549,2.1363341278668047e-05,0.0,-0.21194130145686285,0.6541296808229817,0.349681556224823,-0.0,0.0,0.0,-0.0,0.0,0.0,-0.2115912796693069,0.6541510441642604,0.349681556224823,-0.034473093083943245
4.4530,-1.5143100023269653,1.0633708238601685,-1.8658738136291504,0.0035602785646915436,0.02236451581120491,0.00427088001742959,-1.5098376274108887,-0.0003506731300149113,-1.151348352432251,0.7532540559768677,-1.5652369260787964,0.015787478536367416,-0.008787276223301888,-0.010842523537576199,-1.4668041467666626,0.0001124125556088984,-1.5752309553459767,2.061513417622831,-0.8658738136291504,-0.4238826029137257,1.3082593616459635,0.699363112449646,-0.04303348064422608,0.0003500217875559549,2.1363341278668047e-05,0.0,-0.21194130145686285,0.6541296808229817,0.349681556224823,-0.0,0.0,0.0,-0.0,0.0,0.0,-0.2115912796693069,0.6541510441642604,0.349681556224823,-0.034473093083943245
4.5000,-1.5143100023269653,1.0633708238601685,-1.8658738136291504,0.0035602785646915436,0.02236451581120491,0.00427088001742959,-1.5098376274108887,-0.0003506731300149113,-1.151348352432251,0.7532540559768677,-1.5652369260787964,0.015787478536367416,-0.008787276223301888,-0.010842523537576199,-1.4668041467666626,0.0001124125556088984,-1.5752309553459767,2.061513417622831,-0.8658738136291504,-0.4238826029137257,1.3082593616459635,0.699363112449646,-0.04303348064422608,0.0003500217875559549,2.1363341278668047e-05,0.0,-0.21194130145686285,0.6541296808229817,0.349681556224823,-0.0,0.0,0.0,-0.0,0.0,0.0,-0.2115912796693069,0.6541510441642604,0.349681556224823,-0.034473093083943245
4.5620,-1.5143100023269653,1.0633708238601685,-1.8658738136291504,0.0035602785646915436,0.02236451581120491,0.00427088001742959,-1.5098376274108887,-0.0003506731300149113,-1.1464258432388306,0.7437834143638611,-1.5742849111557007,0.014748157002031803,-0.012864560820162296,-0.011455276980996132,-1.4669055938720703,-0.0005303604993969202,-1.5752309553459767,2.061513417622831,-0.8658738136291504,-0.4288051121071461,1.31773000325897,0.7084110975265503,-0.04293203353881835,0.0003500217875559549,2.1363341278668047e-05,0.0,-0.21440255605357306,0.658865001629485,0.35420554876327515,-0.0,0.0,0.0,-0.0,0.0,0.0,-0.2140525342660171,0.6588863649707637,0.35420554876327515,-0.03432765809411648
4.6090,-1.5138353109359741,1.073547601699829,-1.841379165649414,0.000961356854531914,0.018463926389813423,0.010387150570750237,-1.5098600387573242,-0.00016718590632081032,-1.1464258432388306,0.7437834143638611,-1.5742849111557007,0.014748157002031803,-0.012864560820162296,-0.011455276980996132,-1.4669055938720703,-0.0005303604993969202,-1.5747338942202271,2.071691560532407,-0.8413791656494141,-0.42830805098139657,1.327908146168546,0.7329057455062866,-0.042954444885253906,0.0001668756023960661,1.0181384840031176e-05,0.0,-0.21415402549069829,0.663954073084273,0.3664528727531433,-0.0,0.0,0.0,-0.0,0.0,0.0,-0.21398714988830222,0.663964254469113,0.3664528727531433,-0.034327238448895514
4.6560,-1.5099351406097412,1.0764254331588745,-1.8438847064971924,0.0016774869291111827,0.016340820118784904,0.010334057733416557,-1.5098600387573242,-0.00016718590632081032,-1.1464258432388306,0.7437834143638611,-1.5742849111557007,0.014748157002031803,-0.012864560820162296,-0.011455276980996132,-1.4669055938720703,-0.0005303604993969202,-1.5708337238939942,2.0745693919914525,-0.8438847064971924,-0.42440788065516366,1.3307859776275914,0.7304002046585083,-0.042954444885253906,0.0001668756023960661,1.0181384840031176e-05,0.0,-0.21220394032758183,0.6653929888137957,0.36520010232925415,-0.0,0.0,0.0,-0.0,0.0,0.0,-0.21203706472518577,0.6654031701986357,0.36520010232925415,-0.034327238448895514
4.7030,-1.5099351406097412,1.0764254331588745,-1.8438847064971924,0.0016774869291111827,0.016340820118784904,0.010334057733416557,-1.5098176002502441,0.0006488728686235845,-1.1363619565963745,0.7383480072021484,-1.5842795372009277,0.015512173995375633,-0.012471091002225876,-0.012492744252085686,-1.4669055938720703,-0.0005303604993969202,-1.5708760835786053,2.0745668066476535,-0.8438847064971924,-0.4345141269822308,1.336218799445505,0.7403948307037354,-0.04291200637817382,-0.0006476668563075485,-3.9542924480833095e-05,0.0,-0.2172570634911154,0.6681093997227525,0.3701974153518677,-0.0,0.0,0.0,-0.0,0.0,0.0,-0.21790473034742294,0.6680698567982717,0.3701974153518677,-0.03421168176573701
4.7500,-1.5099351406097412,1.0764254331588745,-1.8438847064971924,0.0016774869291111827,0.016340820118784904,0.010334057733416557,-1.5098176002502441,0.0006488728686235845,-1.1363619565963745,0.7383480072021484,-1.5842795372009277,0.015512173995375633,-0.012471091002225876,-0.012492744252085686,-1.4669055938720703,-0.0005303604993969202,-1.5708760835786053,2.0745668066476535,-0.8438847064971924,-0.4345141269822308,1.336218799445505,0.7403948307037354,-0.04291200637817382,-0.0006476668563075485,-3.9542924480833095e-05,0.0,-0.2172570634911154,0.6681093997227525,0.3701974153518677,-0.0,0.0,0.0,-0.0,0.0,0.0,-0.21790473034742294,0.6680698567982717,0.3701974153518677,-0.03421168176573701
4.7960,-1.5099351406097412,1.0764254331588745,-1.8438847064971924,0.0016774869291111827,0.016340820118784904,0.010334057733416557,-1.5098176002502441,0.0006488728686235845,-1.1363619565963745,0.7383480072021484,-1.5842795372009277,0.015512173995375633,-0.012471091002225876,-0.012492744252085686,-1.4669055938720703,-0.0005303604993969202,-1.5708760835786053,2.0745668066476535,-0.8438847064971924,-0.4345141269822308,1.336218799445505,0.7403948307037354,-0.04291200637817382,-0.0006476668563075485,-3.9542924480833095e-05,0.0,-0.2172570634911154,0.6681093997227525,0.3701974153518677,-0.0,0.0,0.0,-0.0,0.0,0.0,-0.21790473034742294,0.6680698567982717,0.3701974153518677,-0.03421168176573701
4.8430,-1.5099351406097412,1.0764254331588745,-1.8438847064971924,0.0016774869291111827,0.016340820118784904,0.010334057733416557,-1.5098176002502441,0.0006488728686235845,-1.1363619565963745,0.7383480072021484,-1.5842795372009277,0.015512173995375633,-0.012471091002225876,-0.012492744252085686,-1.467000126838684,0.0007012725691311061,-1.5708760835786053,2.0745668066476535,-0.8438847064971924,-0.4345141269822308,1.336218799445505,0.7403948307037354,-0.04281747341156006,-0.0006476668563075485,-3.9542924480833095e-05,0.0,-0.2172570634911154,0.6681093997227525,0.3701974153518677,-0.0,0.0,0.0,-0.0,0.0,0.0,-0.21790473034742294,0.6680698567982717,0.3701974153518677,-0.0342592186992988
4.8900,-1.5099351406097412,1.0764254331588745,-1.8438847064971924,0.0016774869291111827,0.016340820118784904,0.010334057733416557,-1.5098176002502441,0.0006488728686235845,-1.1363619565963745,0.7383480072021484,-1.5842795372009277,0.015512173995375633,-0.012471091002225876,-0.012492744252085686,-1.467000126838684,0.0007012725691311061,-1.5708760835786053,2.0745668066476535,-0.8438847064971924,-0.4345141269822308,1.336218799445505,0.7403948307037354,-0.04281747341156006,-0.0006476668563075485,-3.9542924480833095e-05,0.0,-0.2172570634911154,0.6681093997227525,0.3701974153518677,-0.0,0.0,0.0,-0.0,0.0,0.0,-0.21790473034742294,0.6680698567982717,0.3701974153518677,-0.0342592186992988
4.9530,-1.5099351406097412,1.0764254331588745,-1.8438847064971924,0.0016774869291111827,0.016340820118784904,0.010334057733416557,-1.5098176002502441,0.0006488728686235845,-1.1363619565963745,0.7383480072021484,-1.5842795372009277,0.015512173995375633,-0.012471091002225876,-0.012492744252085686,-1.467000126838684,0.0007012725691311061,-1.5708760835786053,2.0745668066476535,-0.8438847064971924,-0.4345141269822308,1.336218799445505,0.7403948307037354,-0.04281747341156006,-0.0006476668563075485,-3.9542924480833095e-05,0.0,-0.2172570634911154,0.6681093997227525,0.3701974153518677,-0.0,0.0,0.0,-0.0,0.0,0.0,-0.21790473034742294,0.6680698567982717,0.3701974153518677,-0.0342592186992988
5.0000,-1.5099351406097412,1.0764254331588745,-1.8438847064971924,0.0016774869291111827,0.016340820118784904,0.010334057733416557,-1.5098176002502441,0.0006488728686235845,-1.1272984743118286,0.7342134118080139,-1.585734248161316,0.015057642012834549,-0.011709349229931831,-0.011647641658782959,-1.467000126838684,0.0007012725691311061,-1.5708760835786053,2.0745668066476535,-0.8438847064971924,-0.4435776092667767,1.3403533948396396,0.7418495416641235,-0.04281747341156006,-0.0006476668563075485,-3.9542924480833095e-05,0.0,-0.22178880463338835,0.6701766974198198,0.37092477083206177,-0.0,0.0,0.0,-0.0,0.0,0.0,-0.2224364714896959,0.670137154495339,0.37092477083206177,-0.0342592186992988
5.0460,-1.5017025470733643,1.0781545639038086,-1.8422907590866089,0.005529827903956175,0.014192793518304825,0.010912938974797726,-1.5098176002502441,0.0006488728686235845,-1.1272984743118286,0.7342134118080139,-1.585734248161316,0.015057642012834549,-0.011709349229931831,-0.011647641658782959,-1.467000126838684,0.0007012725691311061,-1.5626434900422284,2.0762959373925876,-0.8422907590866089,-0.43534501573039974,1.3420825255845736,0.743443489074707,-0.04281747341156006,-0.0006476668563075485,-3.9542924480833095e-05,0.0,-0.21767250786519987,0.6710412627922868,0.3717217445373535,-0.0,0.0,0.0,-0.0,0.0,0.0,-0.21832017472150742,0.671001719867806,0.3717217445373535,-0.0342592186992988
5.1090,-1.5017025470733643,1.0781545639038086,-1.8422907590866089,0.005529827903956175,0.014192793518304825,0.010912938974797726,-1.5098176002502441,0.0006488728686235845,-1.1272984743118286,0.7342134118080139,-1.585734248161316,0.015057642012834549,-0.011709349229931831,-0.011647641658782959,-1.467035174369812,-0.00015609347610734403,-1.5626434900422284,2.0762959373925876,-0.8422907590866089,-0.43534501573039974,1.3420825255845736,0.743443489074707,-0.04278242588043213,-0.0006476668563075485,-3.9542924480833095e-05,0.0,-0.21767250786519987,0.6710412627922868,0.3717217445373535,-0.0,0.0,0.0,-0.0,0.0,0.0,-0.21832017472150742,0.671001719867806,0.3717217445373535,-0.03414544406987261
5.1560,-1.5017025470733643,1.0781545639038086,-1.8422907590866089,0.005529827903956175,0.014192793518304825,0.010912938974797726,-1.5098176002502441,0.0006488728686235845,-1.1272984743118286,0.7342134118080139,-1.585734248161316,0.015057642012834549,-0.011709349229931831,-0.011647641658782959,-1.467035174369812,-0.00015609347610734403,-1.5626434900422284,2.0762959373925876,-0.8422907590866089,-0.43534501573039974,1.3420825255845736,0.743443489074707,-0.04278242588043213,-0.0006476668563075485,-3.9542924480833095e-05,0.0,-0.21767250786519987,0.6710412627922868,0.3717217445373535,-0.0,0.0,0.0,-0.0,0.0,0.0,-0.21832017472150742,0.671001719867806,0.3717217445373535,-0.03414544406987261
5.2030,-1.5017025470733643,1.0781545639038086,-1.8422907590866089,0.005529827903956175,0.014192793518304825,0.010912938974797726,-1.5098176002502441,0.0006488728686235845,-1.1272984743118286,0.7342134118080139,-1.585734248161316,0.015057642012834549,-0.011709349229931831,-0.011647641658782959,-1.467035174369812,-0.00015609347610734403,-1.5626434900422284,2.0762959373925876,-0.8422907590866089,-0.43534501573039974,1.3420825255845736,0.743443489074707,-0.04278242588043213,-0.0006476668563075485,-3.9542924480833095e-05,0.0,-0.21767250786519987,0.6710412627922868,0.3717217445373535,-0.0,0.0,0.0,-0.0,0.0,0.0,-0.21832017472150742,0.671001719867806,0.3717217445373535,-0.03414544406987261
5.2500,-1.5017025470733643,1.0781545639038086,-1.8422907590866089,0.005529827903956175,0.014192793518304825,0.010912938974797726,-1.5098176002502441,0.0006488728686235845,-1.1272984743118286,0.7342134118080139,-1.585734248161316,0.015057642012834549,-0.011709349229931831,-0.011647641658782959,-1.467035174369812,-0.00015609347610734403,-1.5626434900422284,2.0762959373925876,-0.8422907590866089,-0.43534501573039974,1.3420825255845736,0.743443489074707,-0.04278242588043213,-0.0006476668563075485,-3.9542924480833095e-05,0.0,-0.21767250786519987,0.6710412627922868,0.3717217445373535,-0.0,0.0,0.0,-0.0,0.0,0.0,-0.21832017472150742,0.671001719867806,0.3717217445373535,-0.03414544406987261
5.3120,-1.5017025470733643,1.0781545639038086,-1.8422907590866089,0.005529827903956175,0.014192793518304825,0.010912938974797726,-1.5098176002502441,0.0006488728686235845,-1.1088978052139282,0.7230486869812012,-1.5858607292175293,0.01972704567015171,-0.014988566748797894,-0.011229977943003178,-1.467035174369812,-0.00015609347610734403,-1.5626434900422284,2.0762959373925876,-0.8422907590866089,-0.45374568482830013,1.3532472504113864,0.7435699701309204,-0.04278242588043213,-0.0006476668563075485,-3.9542924480833095e-05,0.0,-0.22687284241415007,0.6766236252056932,0.3717849850654602,-0.0,0.0,0.0,-0.0,0.0,0.0,-0.2275205092704576,0.6765840822812124,0.3717849850654602,-0.03414544406987261
5.3590,-1.4963531494140625,1.0799180269241333,-1.8416911363601685,0.006450369954109192,0.012806275859475136,0.011037233285605907,-1.5097770690917969,0.0004465270903892815,-1.1088978052139282,0.7230486869812012,-1.5858607292175293,0.01972704567015171,-0.014988566748797894,-0.011229977943003178,-1.4669781923294067,3.774967626668513e-05,-1.557334548159021,2.0780569295860367,-0.8416911363601685,-0.44843674294509284,1.3550082426048355,0.7441695928573608,-0.04279887676239013,-0.00044569606000996996,-2.722984654945491e-05,0.0,-0.22421837147254642,0.6775041213024178,0.3720847964286804,-0.0,0.0,0.0,-0.0,0.0,0.0,-0.22466406753255638,0.6774768914558683,0.3720847964286804,-0.034198223668499846
5.4060,-1.4963531494140625,1.0799180269241333,-1.8416911363601685,0.006450369954109192,0.012806275859475136,0.011037233285605907,-1.5097770690917969,0.0004465270903892815,-1.1088978052139282,0.7230486869812012,-1.5858607292175293,0.01972704567015171,-0.014988566748797894,-0.011229977943003178,-1.4669781923294067,3.774967626668513e-05,-1.557334548159021,2.0780569295860367,-0.8416911363601685,-0.44843674294509284,1.3550082426048355,0.7441695928573608,-0.04279887676239013,-0.00044569606000996996,-2.722984654945491e-05,0.0,-0.22421837147254642,0.6775041213024178,0.3720847964286804,-0.0,0.0,0.0,-0.0,0.0,0.0,-0.22466406753255638,0.6774768914558683,0.3720847964286804,-0.034198223668499846
5.4370,-1.4963531494140625,1.0799180269241333,-1.8416911363601685,0.006450369954109192,0.012806275859475136,0.011037233285605907,-1.5097770690917969,0.0004465270903892815,-1.1088978052139282,0.7230486869812012,-1.5858607292175293,0.01972704567015171,-0.014988566748797894,-0.011229977943003178,-1.4669781923294067,3.774967626668513e-05,-1.557334548159021,2.0780569295860367,-0.8416911363601685,-0.44843674294509284,1.3550082426048355,0.7441695928573608,-0.04279887676239013,-0.00044569606000996996,-2.722984654945491e-05,0.0,-0.22421837147254642,0.6775041213024178,0.3720847964286804,-0.0,0.0,0.0,-0.0,0.0,0.0,-0.22466406753255638,0.6774768914558683,0.3720847964286804,-0.034198223668499846
5.5000,-1.4963531494140625,1.0799180269241333,-1.8416911363601685,0.006450369954109192,0.012806275859475136,0.011037233285605907,-1.5097770690917969,0.0004465270903892815,-1.1088978052139282,0.7230486869812012,-1.5858607292175293,0.01972704567015171,-0.014988566748797894,-0.011229977943003178,-1.4669781923294067,3.774967626668513e-05,-1.557334548159021,2.0780569295860367,-0.8416911363601685,-0.44843674294509284,1.3550082426048355,0.7441695928573608,-0.04279887676239013,-0.00044569606000996996,-2.722984654945491e-05,0.0,-0.22421837147254642,0.6775041213024178,0.3720847964286804,-0.0,0.0,0.0,-0.0,0.0,0.0,-0.22466406753255638,0.6774768914558683,0.3720847964286804,-0.034198223668499846
5.5620,-1.4963531494140625,1.0799180269241333,-1.8416911363601685,0.006450369954109192,0.012806275859475136,0.011037233285605907,-1.5097770690917969,0.0004465270903892815,-1.1088978052139282,0.7230486869812012,-1.5858607292175293,0.01972704567015171,-0.014988566748797894,-0.011229977943003178,-1.4669781923294067,3.774967626668513e-05,-1.557334548159021,2.0780569295860367,-0.8416911363601685,-0.44843674294509284,1.3550082426048355,0.7441695928573608,-0.04279887676239013,-0.00044569606000996996,-2.722984654945491e-05,0.0,-0.22421837147254642,0.6775041213024178,0.3720847964286804,-0.0,0.0,0.0,-0.0,0.0,0.0,-0.22466406753255638,0.6774768914558683,0.3720847964286804,-0.034198223668499846
5.6090,-1.4963531494140625,1.0799180269241333,-1.8416911363601685,0.006450369954109192,0.012806275859475136,0.011037233285605907,-1.5097770690917969,0.0004465270903892815,-1.0915603637695312,0.7117531299591064,-1.5835621356964111,0.023242903873324394,-0.017627734690904617,-0.010937729850411415,-1.4670562744140625,-0.0003525285283103585,-1.557334548159021,2.0780569295860367,-0.8416911363601685,-0.4657741843894898,1.3663037996269303,0.7418709993362427,-0.042720794677734375,-0.00044569606000996996,-2.722984654945491e-05,0.0,-0.2328870921947449,0.6831518998134651,0.37093549966812134,-0.0,0.0,0.0,-0.0,0.0,0.0,-0.23333278825475487,0.6831246699669157,0.37093549966812134,-0.03409673018031754
5.6560,-1.4963531494140625,1.0799180269241333,-1.8416911363601685,0.006450369954109192,0.012806275859475136,0.011037233285605907,-1.5097770690917969,0.0004465270903892815,-1.0915603637695312,0.7117531299591064,-1.5835621356964111,0.023242903873324394,-0.017627734690904617,-0.010937729850411415,-1.4670562744140625,-0.0003525285283103585,-1.557334548159021,2.0780569295860367,-0.8416911363601685,-0.4657741843894898,1.3663037996269303,0.7418709993362427,-0.042720794677734375,-0.00044569606000996996,-2.722984654945491e-05,0.0,-0.2328870921947449,0.6831518998134651,0.37093549966812134,-0.0,0.0,0.0,-0.0,0.0,0.0,-0.23333278825475487,0.6831246699669157,0.37093549966812134,-0.03409673018031754
5.7030,-1.4933159351348877,1.0814486742019653,-1.8499113321304321,0.0055891661904752254,0.010720925405621529,0.008386732079088688,-1.509803295135498,-0.00025956740137189627,-1.0915603637695312,0.7117531299591064,-1.5835621356964111,0.023242903873324394,-0.017627734690904617,-0.010937729850411415,-1.4670562744140625,-0.0003525285283103585,-1.5542711566243965,2.079589175821434,-0.8499113321304321,-0.46271079285486527,1.3678360458623278,0.733650803565979,-0.04274702072143555,0.00025908473620940656,1.582198844208017e-05,0.0,-0.23135539642743264,0.6839180229311639,0.3668254017829895,-0.0,0.0,0.0,-0.0,0.0,0.0,-0.23109631169122322,0.683933844919606,0.3668254017829895,-0.034188320464454594
5.7500,-1.4851727485656738,1.0792012214660645,-1.8661367893218994,0.0087504331022501,0.006493350025266409,0.0038658203557133675,-1.509803295135498,-0.00025956740137189627,-1.0915603637695312,0.7117531299591064,-1.5835621356964111,0.023242903873324394,-0.017627734690904617,-0.010937729850411415,-1.4670562744140625,-0.0003525285283103585,-1.5461279700551827,2.0773417230855333,-0.8661367893218994,-0.4545676062856514,1.3655885931264269,0.7174253463745117,-0.04274702072143555,0.00025908473620940656,1.582198844208017e-05,0.0,-0.2272838031428257,0.6827942965632134,0.35871267318725586,-0.0,0.0,0.0,-0.0,0.0,0.0,-0.22702471840661628,0.6828101185516555,0.35871267318725586,-0.034188320464454594
5.8120,-1.4851727485656738,1.0792012214660645,-1.8661367893218994,0.0087504331022501,0.006493350025266409,0.0038658203557133675,-1.509803295135498,-0.00025956740137189627,-1.0915603637695312,0.7117531299591064,-1.5835621356964111,0.023242903873324394,-0.017627734690904617,-0.010937729850411415,-1.4670562744140625,-0.0003525285283103585,-1.5461279700551827,2.0773417230855333,-0.8661367893218994,-0.4545676062856514,1.3655885931264269,0.7174253463745117,-0.04274702072143555,0.00025908473620940656,1.582198844208017e-05,0.0,-0.2272838031428257,0.6827942965632134,0.35871267318725586,-0.0,0.0,0.0,-0.0,0.0,0.0,-0.22702471840661628,0.6828101185516555,0.35871267318725586,-0.034188320464454594
5.8590,-1.4851727485656738,1.0792012214660645,-1.8661367893218994,0.0087504331022501,0.006493350025266409,0.0038658203557133675,-1.509803295135498,-0.00025956740137189627,-1.0915603637695312,0.7117531299591064,-1.5835621356964111,0.023242903873324394,-0.017627734690904617,-0.010937729850411415,-1.4670562744140625,-0.0003525285283103585,-1.5461279700551827,2.0773417230855333,-0.8661367893218994,-0.4545676062856514,1.3655885931264269,0.7174253463745117,-0.04274702072143555,0.00025908473620940656,1.582198844208017e-05,0.0,-0.2272838031428257,0.6827942965632134,0.35871267318725586,-0.0,0.0,0.0,-0.0,0.0,0.0,-0.22702471840661628,0.6828101185516555,0.35871267318725586,-0.034188320464454594
5.9060,-1.4851727485656738,1.0792012214660645,-1.8661367893218994,0.0087504331022501,0.006493350025266409,0.0038658203557133675,-1.509803295135498,-0.00025956740137189627,-1.0915603637695312,0.7117531299591064,-1.5835621356964111,0.023242903873324394,-0.017627734690904617,-0.010937729850411415,-1.4670562744140625,-0.0003525285283103585,-1.5461279700551827,2.0773417230855333,-0.8661367893218994,-0.4545676062856514,1.3655885931264269,0.7174253463745117,-0.04274702072143555,0.00025908473620940656,1.582198844208017e-05,0.0,-0.2272838031428257,0.6827942965632134,0.35871267318725586,-0.0,0.0,0.0,-0.0,0.0,0.0,-0.22702471840661628,0.6828101185516555,0.35871267318725586,-0.034188320464454594
5.9530,-1.4851727485656738,1.0792012214660645,-1.8661367893218994,0.0087504331022501,0.006493350025266409,0.0038658203557133675,-1.509803295135498,-0.00025956740137189627,-1.0915603637695312,0.7117531299591064,-1.5835621356964111,0.023242903873324394,-0.017627734690904617,-0.010937729850411415,-1.4670562744140625,-0.0003525285283103585,-1.5461279700551827,2.0773417230855333,-0.8661367893218994,-0.4545676062856514,1.3655885931264269,0.7174253463745117,-0.04274702072143555,0.00025908473620940656,1.582198844208017e-05,0.0,-0.2272838031428257,0.6827942965632134,0.35871267318725586,-0.0,0.0,0.0,-0.0,0.0,0.0,-0.22702471840661628,0.6828101185516555,0.35871267318725586,-0.034188320464454594
6.0000,-1.4851727485656738,1.0792012214660645,-1.8661367893218994,0.0087504331022501,0.006493350025266409,0.0038658203557133675,-1.509803295135498,-0.00025956740137189627,-1.068724274635315,0.6970985531806946,-1.573050618171692,0.02900727093219757,-0.02170892432332039,-0.008297177962958813,-1.4670346975326538,0.00040846862248145044,-1.5461279700551827,2.0773417230855333,-0.8661367893218994,-0.4774036954198677,1.3802431699048388,0.7069138288497925,-0.04276859760284424,0.00025908473620940656,1.582198844208017e-05,0.0,-0.23870184770993386,0.6901215849524194,0.35345691442489624,-0.0,0.0,0.0,-0.0,0.0,0.0,-0.23844276297372444,0.6901374069408615,0.35345691442489624,-0.034281681684660725
6.0460,-1.4851727485656738,1.0792012214660645,-1.8661367893218994,0.0087504331022501,0.006493350025266409,0.0038658203557133675,-1.509803295135498,-0.00025956740137189627,-1.068724274635315,0.6970985531806946,-1.573050618171692,0.02900727093219757,-0.02170892432332039,-0.008297177962958813,-1.4670346975326538,0.00040846862248145044,-1.5461279700551827,2.0773417230855333,-0.8661367893218994,-0.4774036954198677,1.3802431699048388,0.7069138288497925,-0.04276859760284424,0.00025908473620940656,1.582198844208017e-05,0.0,-0.23870184770993386,0.6901215849524194,0.35345691442489624,-0.0,0.0,0.0,-0.0,0.0,0.0,-0.23844276297372444,0.6901374069408615,0.35345691442489624,-0.034281681684660725
6.0930,-1.4707049131393433,1.0744893550872803,-1.875038504600525,0.015303602442145348,0.0008699779282324016,0.0006366573506966233,-1.509796380996704,0.0008393977768719196,-1.068724274635315,0.6970985531806946,-1.573050618171692,0.02900727093219757,-0.02170892432332039,-0.008297177962958813,-1.4670346975326538,0.00040846862248145044,-1.5316670359093592,2.0726294352300294,-0.8750385046005249,-0.4629427612740442,1.3755308820493348,0.698012113571167,-0.04276168346405029,-0.0008378365642785832,-5.117147032654431e-05,0.0,-0.2314713806370221,0.6877654410246674,0.3490060567855835,-0.0,0.0,0.0,-0.0,0.0,0.0,-0.23230921720130068,0.6877142695543409,0.3490060567855835,-0.03416625385580119
6.1560,-1.4707049131393433,1.0744893550872803,-1.875038504600525,0.015303602442145348,0.0008699779282324016,0.0006366573506966233,-1.5097695589065552,-0.0006557689048349857,-1.068724274635315,0.6970985531806946,-1.573050618171692,0.02900727093219757,-0.02170892432332039,-0.008297177962958813,-1.4670346975326538,0.00040846862248145044,-1.531693808090638,2.0726277997394336,-0.8750385046005249,-0.462969533455323,1.375529246558739,0.698012113571167,-0.04273486137390137,0.0006545481547232387,3.999462084930647e-05,0.0,-0.2314847667276615,0.6877646232793695,0.3490060567855835,-0.0,0.0,0.0,-0.0,0.0,0.0,-0.23083021857293826,0.6878046179002189,0.3490060567855835,-0.034294312851852735
6.2030,-1.4707049131393433,1.0744893550872803,-1.875038504600525,0.015303602442145348,0.0008699779282324016,0.0006366573506966233,-1.5097695589065552,-0.0006557689048349857,-1.068724274635315,0.6970985531806946,-1.573050618171692,0.02900727093219757,-0.02170892432332039,-0.008297177962958813,-1.4670346975326538,0.00040846862248145044,-1.531693808090638,2.0726277997394336,-0.8750385046005249,-0.462969533455323,1.375529246558739,0.698012113571167,-0.04273486137390137,0.0006545481547232387,3.999462084930647e-05,0.0,-0.2314847667276615,0.6877646232793695,0.3490060567855835,-0.0,0.0,0.0,-0.0,0.0,0.0,-0.23083021857293826,0.6878046179002189,0.3490060567855835,-0.034294312851852735
6.2500,-1.4707049131393433,1.0744893550872803,-1.875038504600525,0.015303602442145348,0.0008699779282324016,0.0006366573506966233,-1.5097695589065552,-0.0006557689048349857,-1.068724274635315,0.6970985531806946,-1.573050618171692,0.02900727093219757,-0.02170892432332039,-0.008297177962958813,-1.4670346975326538,0.00040846862248145044,-1.531693808090638,2.0726277997394336,-0.8750385046005249,-0.462969533455323,1.375529246558739,0.698012113571167,-0.04273486137390137,0.0006545481547232387,3.999462084930647e-05,0.0,-0.2314847667276615,0.6877646232793695,0.3490060567855835,-0.0,0.0,0.0,-0.0,0.0,0.0,-0.23083021857293826,0.6878046179002189,0.3490060567855835,-0.034294312851852735
6.2960,-1.4707049131393433,1.0744893550872803,-1.875038504600525,0.015303602442145348,0.0008699779282324016,0.0006366573506966233,-1.5097695589065552,-0.0006557689048349857,-1.0496163368225098,0.6842662692070007,-1.5716570615768433,0.03174011781811714,-0.02435736358165741,-0.007788374088704586,-1.4669920206069946,0.0003298936353530735,-1.531693808090638,2.0726277997394336,-0.8750385046005249,-0.48207747126812817,1.3883615305324328,0.6966185569763184,-0.04277753829956055,0.0006545481547232387,3.999462084930647e-05,0.0,-0.24103873563406408,0.6941807652662164,0.3483092784881592,-0.0,0.0,0.0,-0.0,0.0,0.0,-0.24038418747934084,0.6942207598870658,0.3483092784881592,-0.034320596893667246
6.3430,-1.4707049131393433,1.0744893550872803,-1.875038504600525,0.015303602442145348,0.0008699779282324016,0.0006366573506966233,-1.5097695589065552,-0.0006557689048349857,-1.0496163368225098,0.6842662692070007,-1.5716570615768433,0.03174011781811714,-0.02435736358165741,-0.007788374088704586,-1.4669920206069946,0.0003298936353530735,-1.531693808090638,2.0726277997394336,-0.8750385046005249,-0.48207747126812817,1.3883615305324328,0.6966185569763184,-0.04277753829956055,0.0006545481547232387,3.999462084930647e-05,0.0,-0.24103873563406408,0.6941807652662164,0.3483092784881592,-0.0,0.0,0.0,-0.0,0.0,0.0,-0.24038418747934084,0.6942207598870658,0.3483092784881592,-0.034320596893667246
6.3900,-1.4707049131393433,1.0744893550872803,-1.875038504600525,0.015303602442145348,0.0008699779282324016,0.0006366573506966233,-1.5097695589065552,-0.0006557689048349857,-1.031614065170288,0.6681162118911743,-1.5639654397964478,0.033404577523469925,-0.029303334653377533,-0.005730526056140661,-1.4669920206069946,0.0003298936353530735,-1.531693808090638,2.0726277997394336,-0.8750385046005249,-0.5000797429203498,1.4045115878482592,0.6889269351959229,-0.04277753829956055,0.0006545481547232387,3.999462084930647e-05,0.0,-0.2500398714601749,0.7022557939241296,0.3444634675979614,-0.0,0.0,0.0,-0.0,0.0,0.0,-0.24938532330545168,0.702295788544979,0.3444634675979614,-0.034320596893667246
6.4530,-1.4707049131393433,1.0744893550872803,-1.875038504600525,0.015303602442145348,0.0008699779282324016,0.0006366573506966233,-1.5097695589065552,-0.0006557689048349857,-1.031614065170288,0.6681162118911743,-1.5639654397964478,0.033404577523469925,-0.029303334653377533,-0.005730526056140661,-1.4669920206069946,0.0003298936353530735,-1.531693808090638,2.0726277997394336,-0.8750385046005249,-0.5000797429203498,1.4045115878482592,0.6889269351959229,-0.04277753829956055,0.0006545481547232387,3.999462084930647e-05,0.0,-0.2500398714601749,0.7022557939241296,0.3444634675979614,-0.0,0.0,0.0,-0.0,0.0,0.0,-0.24938532330545168,0.702295788544979,0.3444634675979614,-0.034320596893667246
6.5000,-1.4707049131393433,1.0744893550872803,-1.875038504600525,0.015303602442145348,0.0008699779282324016,0.0006366573506966233,-1.5097695589065552,-0.0006557689048349857,-1.031614065170288,0.6681162118911743,-1.5639654397964478,0.033404577523469925,-0.029303334653377533,-0.005730526056140661,-1.4669920206069946,0.0003298936353530735,-1.531693808090638,2.0726277997394336,-0.8750385046005249,-0.5000797429203498,1.4045115878482592,0.6889269351959229,-0.04277753829956055,0.0006545481547232387,3.999462084930647e-05,0.0,-0.2500398714601749,0.7022557939241296,0.3444634675979614,-0.0,0.0,0.0,-0.0,0.0,0.0,-0.24938532330545168,0.702295788544979,0.3444634675979614,-0.034320596893667246
6.5460,-1.4468088150024414,1.0684233903884888,-1.8725687265396118,0.02188226208090782,-0.004325579851865768,0.0005683274939656258,-1.5097854137420654,0.00014014032785780728,-1.031614065170288,0.6681162118911743,-1.5639654397964478,0.033404577523469925,-0.029303334653377533,-0.005730526056140661,-1.4669920206069946,0.0003298936353530735,-1.5077818846252147,2.0665628018840856,-0.8725687265396118,-0.4761678194549266,1.3984465899929113,0.6913967132568359,-0.0427933931350708,-0.00013987958437479175,-8.54478596743236e-06,0.0,-0.2380839097274633,0.6992232949964556,0.34569835662841797,-0.0,0.0,0.0,-0.0,0.0,0.0,-0.23822378931183807,0.6992147502104882,0.34569835662841797,-0.034253689838806174
6.6090,-1.4468088150024414,1.0684233903884888,-1.8725687265396118,0.02188226208090782,-0.004325579851865768,0.0005683274939656258,-1.5097854137420654,0.00014014032785780728,-1.031614065170288,0.6681162118911743,-1.5639654397964478,0.033404577523469925,-0.029303334653377533,-0.005730526056140661,-1.4669920206069946,0.0003298936353530735,-1.5077818846252147,2.0665628018840856,-0.8725687265396118,-0.4761678194549266,1.3984465899929113,0.6913967132568359,-0.0427933931350708,-0.00013987958437479175,-8.54478596743236e-06,0.0,-0.2380839097274633,0.6992232949964556,0.34569835662841797,-0.0,0.0,0.0,-0.0,0.0,0.0,-0.23822378931183807,0.6992147502104882,0.34569835662841797,-0.034253689838806174
6.6400,-1.4468088150024414,1.0684233903884888,-1.8725687265396118,0.02188226208090782,-0.004325579851865768,0.0005683274939656258,-1.5097854137420654,0.00014014032785780728,-1.031614065170288,0.6681162118911743,-1.5639654397964478,0.033404577523469925,-0.029303334653377533,-0.005730526056140661,-1.4669920206069946,0.0003298936353530735,-1.5077818846252147,2.0665628018840856,-0.8725687265396118,-0.4761678194549266,1.3984465899929113,0.6913967132568359,-0.0427933931350708,-0.00013987958437479175,-8.54478596743236e-06,0.0,-0.2380839097274633,0.6992232949964556,0.34569835662841797,-0.0,0.0,0.0,-0.0,0.0,0.0,-0.23822378931183807,0.6992147502104882,0.34569835662841797,-0.034253689838806174
6.7030,-1.4353655576705933,1.0668972730636597,-1.8641637563705444,0.024199267849326134,-0.005185057874768972,0.0018305745907127857,-1.5097854137420654,0.00014014032785780728,-1.031614065170288,0.6681162118911743,-1.5639654397964478,0.033404577523469925,-0.029303334653377533,-0.005730526056140661,-1.4671120643615723,-6.70208246447146e-05,-1.4963386272933665,2.0650366845592565,-0.8641637563705444,-0.46472456212307844,1.3969204726680822,0.6998016834259033,-0.042673349380493164,-0.00013987958437479175,-8.54478596743236e-06,0.0,-0.23236228106153922,0.6984602363340411,0.34990084171295166,-0.0,0.0,0.0,-0.0,0.0,0.0,-0.232502160645914,0.6984516915480736,0.34990084171295166,-0.03411796338914428
6.7650,-1.4353655576705933,1.0668972730636597,-1.8641637563705444,0.024199267849326134,-0.005185057874768972,0.0018305745907127857,-1.5097854137420654,0.00014014032785780728,-1.031614065170288,0.6681162118911743,-1.5639654397964478,0.033404577523469925,-0.029303334653377533,-0.005730526056140661,-1.4671120643615723,-6.70208246447146e-05,-1.4963386272933665,2.0650366845592565,-0.8641637563705444,-0.46472456212307844,1.3969204726680822,0.6998016834259033,-0.042673349380493164,-0.00013987958437479175,-8.54478596743236e-06,0.0,-0.23236228106153922,0.6984602363340411,0.34990084171295166,-0.0,0.0,0.0,-0.0,0.0,0.0,-0.232502160645914,0.6984516915480736,0.34990084171295166,-0.03411796338914428
6.8120,-1.4353655576705933,1.0668972730636597,-1.8641637563705444,0.024199267849326134,-0.005185057874768972,0.0018305745907127857,-1.5097854137420654,0.00014014032785780728,-1.031614065170288,0.6681162118911743,-1.5639654397964478,0.033404577523469925,-0.029303334653377533,-0.005730526056140661,-1.4671120643615723,-6.70208246447146e-05,-1.4963386272933665,2.0650366845592565,-0.8641637563705444,-0.46472456212307844,1.3969204726680822,0.6998016834259033,-0.042673349380493164,-0.00013987958437479175,-8.54478596743236e-06,0.0,-0.23236228106153922,0.6984602363340411,0.34990084171295166,-0.0,0.0,0.0,-0.0,0.0,0.0,-0.232502160645914,0.6984516915480736,0.34990084171295166,-0.03411796338914428
6.8590,-1.4353655576705933,1.0668972730636597,-1.8641637563705444,0.024199267849326134,-0.005185057874768972,0.0018305745907127857,-1.5098174810409546,-0.0005749466363340616,-1.031614065170288,0.6681162118911743,-1.5639654397964478,0.033404577523469925,-0.029303334653377533,-0.005730526056140661,-1.4671120643615723,-6.70208246447146e-05,-1.4963066196271808,2.065038639287705,-0.8641637563705444,-0.4646925544568927,1.3969224273965306,0.6998016834259033,-0.042705416679382324,0.0005738780210963995,3.503785858656572e-05,0.0,-0.23234627722844636,0.6984612136982653,0.34990084171295166,-0.0,0.0,0.0,-0.0,0.0,0.0,-0.23177239920734996,0.6984962515568519,0.34990084171295166,-0.034215125924674794
6.9060,-1.4353655576705933,1.0668972730636597,-1.8641637563705444,0.024199267849326134,-0.005185057874768972,0.0018305745907127857,-1.5098174810409546,-0.0005749466363340616,-1.031614065170288,0.6681162118911743,-1.5639654397964478,0.033404577523469925,-0.029303334653377533,-0.005730526056140661,-1.4671120643615723,-6.70208246447146e-05,-1.4963066196271808,2.065038639287705,-0.8641637563705444,-0.4646925544568927,1.3969224273965306,0.6998016834259033,-0.042705416679382324,0.0005738780210963995,3.503785858656572e-05,0.0,-0.23234627722844636,0.6984612136982653,0.34990084171295166,-0.0,0.0,0.0,-0.0,0.0,0.0,-0.23177239920734996,0.6984962515568519,0.34990084171295166,-0.034215125924674794
6.9370,-1.4353655576705933,1.0668972730636597,-1.8641637563705444,0.024199267849326134,-0.005185057874768972,0.0018305745907127857,-1.5098174810409546,-0.0005749466363340616,-1.031614065170288,0.6681162118911743,-1.5639654397964478,0.033404577523469925,-0.029303334653377533,-0.005730526056140661,-1.4671120643615723,-6.70208246447146e-05,-1.4963066196271808,2.065038639287705,-0.8641637563705444,-0.4646925544568927,1.3969224273965306,0.6998016834259033,-0.042705416679382324,0.0005738780210963995,3.503785858656572e-05,0.0,-0.23234627722844636,0.6984612136982653,0.34990084171295166,-0.0,0.0,0.0,-0.0,0.0,0.0,-0.23177239920734996,0.6984962515568519,0.34990084171295166,-0.034215125924674794
