timestamp_unix,t,phase,lx,ly,lz,l_yaw,sx,sy,sz,s_yaw
1780125860.790390,0.0000,init,0.0000,0.0000,-0.0025,0.0442,0.0000,0.0000,0.0000,0.0263
1780125860.904253,0.1100,init,0.0000,0.0000,-0.0025,0.0442,0.0000,0.0000,0.0732,0.0263
1780125861.008914,0.2190,init,-4.0475,0.0629,-0.0025,0.0442,0.0000,0.0000,0.0732,0.0263
1780125861.117277,0.3280,init,-4.0475,0.0629,-0.0025,0.0442,-5.0038,-0.0105,0.0732,0.0263
1780125861.226121,0.4380,init,-4.0475,0.0629,-0.0025,0.0442,-5.0038,-0.0105,0.0732,0.0263
1780125861.336700,0.5470,init,-4.0475,0.0629,-0.0024,0.0442,-5.0038,-0.0105,0.0733,0.0263
1780125861.447563,0.6570,init,-4.0475,0.0629,-0.0024,0.0442,-5.0038,-0.0105,0.0733,0.0263
1780125861.561753,0.7660,init,-4.0475,0.0629,-0.0024,0.0441,-5.0038,-0.0105,0.0733,0.0263
1780125861.669317,0.8750,init,-4.0475,0.0629,-0.0024,0.0441,-5.0038,-0.0105,0.0733,0.0263
1780125861.832401,1.0470,init,-4.0475,0.0629,-0.0024,0.0441,-5.0038,-0.0105,0.0733,0.0263
1780125861.959272,1.1720,init,-4.0475,0.0629,-0.0024,0.0441,-5.0038,-0.0105,0.0733,0.0263
1780125862.068480,1.2820,init,-4.0475,0.0629,-0.0024,0.0441,-5.0038,-0.0105,0.0733,0.0263
1780125862.178424,1.3910,init,-4.0475,0.0629,-0.0024,0.0441,-5.0038,-0.0105,0.0732,0.0263
1780125862.288280,1.5000,init,-4.0475,0.0629,-0.0024,0.0441,-5.0038,-0.0105,0.0732,0.0263
1780125862.398418,1.6100,init,-4.0475,0.0629,-0.0024,0.0441,-5.0038,-0.0105,0.0732,0.0263
1780125862.507622,1.7190,init,-4.0475,0.0629,-0.0024,0.0441,-5.0038,-0.0105,0.0732,0.0263
1780125862.617283,1.8280,init,-4.0475,0.0629,-0.0024,0.0441,-5.0038,-0.0105,0.0732,0.0263
1780125862.724064,1.9380,init,-4.0475,0.0629,-0.0024,0.0441,-5.0038,-0.0105,0.0732,0.0263
1780125862.832874,2.0470,init,-4.0475,0.0629,-0.0024,0.0441,-5.0038,-0.0105,0.0732,0.0263
1780125862.942779,2.1570,init,-4.0475,0.0629,-0.0024,0.0441,-5.0038,-0.0105,0.0732,0.0263
1780125863.046607,2.2500,init,-4.0475,0.0629,-0.0024,0.0441,-5.0038,-0.0105,0.0732,0.0263
1780125863.160146,2.3600,init,-4.0475,0.0629,-0.0024,0.0441,-5.0038,-0.0105,0.0732,0.0263
1780125863.262943,2.4690,init,-4.0475,0.0629,-0.0024,0.0441,-5.0038,-0.0105,0.0732,0.0263
1780125863.378316,2.5780,init,-4.0475,0.0629,-0.0023,0.0441,-5.0038,-0.0105,0.0732,0.0263
1780125863.486866,2.6880,init,-4.0475,0.0629,-0.0023,0.0441,-5.0038,-0.0105,0.0732,0.0263
1780125863.595397,2.7970,init,-4.0475,0.0629,-0.0023,0.0441,-5.0038,-0.0105,0.0732,0.0263
1780125863.710423,2.9220,init,-4.0475,0.0629,-0.0023,0.0441,-5.0038,-0.0105,0.0732,0.0263
1780125863.815405,3.0160,init,-4.0475,0.0629,-0.0023,0.0441,-5.0038,-0.0105,0.0732,0.0263
1780125863.922255,3.1250,init,-4.0475,0.0629,-0.0023,0.0441,-5.0038,-0.0105,0.0731,0.0263
1780125864.033487,3.2350,init,-4.0475,0.0629,-0.0023,0.0441,-5.0038,-0.0105,0.0731,0.0263
1780125864.136280,3.3440,init,-4.0475,0.0629,-0.0023,0.0441,-5.0038,-0.0105,0.0731,0.0263
1780125864.249618,3.4530,init,-4.0475,0.0629,-0.0023,0.0441,-5.0038,-0.0105,0.0731,0.0263
1780125864.360421,3.5630,init,-4.0475,0.0629,-0.0023,0.0441,-5.0038,-0.0105,0.0731,0.0263
1780125864.469516,3.6720,init,-4.0475,0.0629,-0.0023,0.0441,-5.0038,-0.0105,0.0731,0.0263
1780125864.583853,3.7970,init,-4.0475,0.0629,-0.0023,0.0441,-5.0038,-0.0105,0.0731,0.0263
1780125864.708417,3.9220,init,-4.0475,0.0629,-0.0022,0.0441,-5.0038,-0.0105,0.0731,0.0263
1780125864.817288,4.0320,init,-4.0475,0.0629,-0.0022,0.0441,-5.0038,-0.0105,0.0731,0.0263
1780125864.926524,4.1410,init,-4.0475,0.0629,-0.0022,0.0441,-5.0038,-0.0105,0.0731,0.0263
1780125865.036737,4.2500,init,-4.0475,0.0629,-0.0023,0.0441,-5.0038,-0.0105,0.0731,0.0263
1780125865.151524,4.3600,init,-4.0475,0.0629,-0.0023,0.0441,-5.0038,-0.0105,0.0731,0.0263
1780125865.260948,4.4690,init,-4.0475,0.0629,-0.0023,0.0441,-5.0038,-0.0105,0.0731,0.0263
1780125865.368396,4.5780,takeoff_L,-4.0475,0.0629,-0.0023,0.0441,-5.0038,-0.0105,0.0731,0.0263
1780125865.477884,4.6880,takeoff_L,-4.0475,0.0629,-0.0023,0.0441,-5.0038,-0.0105,0.0731,0.0263
1780125865.585930,4.7970,takeoff_L,-4.0475,0.0629,-0.0023,0.0441,-5.0038,-0.0105,0.0731,0.0262
1780125865.715692,4.9220,takeoff_L,-4.0475,0.0629,-0.0023,0.0441,-5.0038,-0.0105,0.0731,0.0262
1780125865.840357,5.0470,takeoff_L,-4.0475,0.0629,-0.0023,0.0441,-5.0038,-0.0105,0.0731,0.0262
1780125865.950366,5.1570,takeoff_L,-4.0475,0.0629,-0.0023,0.0441,-5.0038,-0.0105,0.0731,0.0262
1780125866.054482,5.2660,takeoff_L,-4.0475,0.0629,-0.0023,0.0441,-5.0038,-0.0105,0.0731,0.0262
1780125866.169518,5.3750,takeoff_L,-4.0475,0.0629,-0.0023,0.0441,-5.0038,-0.0105,0.0730,0.0262
1780125866.287014,5.5000,takeoff_L,-4.0475,0.0629,-0.0023,0.0441,-5.0038,-0.0105,0.0730,0.0262
1780125866.401850,5.6100,takeoff_L,-4.0475,0.0629,-0.0023,0.0441,-5.0038,-0.0105,0.0730,0.0262
1780125866.511314,5.7190,takeoff_L,-4.0475,0.0629,-0.0023,0.0441,-5.0038,-0.0105,0.0730,0.0262
1780125866.624472,5.8280,takeoff_L,-4.0475,0.0629,-0.0022,0.0441,-5.0038,-0.0105,0.0730,0.0262
1780125866.737716,5.9380,takeoff_L,-4.0475,0.0629,-0.0022,0.0441,-5.0038,-0.0105,0.0730,0.0262
1780125866.855738,6.0630,takeoff_L,-4.0475,0.0629,-0.0022,0.0441,-5.0038,-0.0105,0.0730,0.0262
1780125866.967564,6.1720,takeoff_L,-4.0475,0.0629,-0.0022,0.0441,-5.0038,-0.0105,0.0730,0.0262
1780125867.113665,6.3280,takeoff_L,-4.0475,0.0629,-0.0022,0.0441,-5.0038,-0.0105,0.0730,0.0262
1780125867.300864,6.5160,takeoff_L,-4.0475,0.0629,-0.0021,0.0441,-5.0038,-0.0105,0.0730,0.0262
1780125867.413600,6.6250,takeoff_L,-4.0475,0.0629,-0.0021,0.0441,-5.0038,-0.0105,0.0730,0.0262
1780125867.522374,6.7350,takeoff_L,-4.0475,0.0629,-0.0021,0.0441,-5.0038,-0.0105,0.0730,0.0262
1780125867.638866,6.8440,takeoff_L,-4.0475,0.0629,-0.0021,0.0441,-5.0038,-0.0105,0.0730,0.0262
1780125867.753853,6.9530,takeoff_L,-4.0475,0.0629,-0.0021,0.0441,-5.0038,-0.0105,0.0730,0.0262
1780125867.872694,7.0780,takeoff_L,-4.0475,0.0629,-0.0021,0.0440,-5.0038,-0.0105,0.0730,0.0262
1780125867.983397,7.1880,takeoff_L,-4.0475,0.0629,-0.0021,0.0440,-5.0038,-0.0105,0.0730,0.0262
1780125868.086813,7.2970,takeoff_L,-4.0475,0.0629,-0.0021,0.0440,-5.0038,-0.0105,0.0730,0.0262
1780125868.188271,7.3910,takeoff_L,-4.0475,0.0629,-0.0020,0.0440,-5.0038,-0.0105,0.0730,0.0262
1780125868.289946,7.5000,takeoff_L,-4.0475,0.0629,-0.0020,0.0440,-5.0038,-0.0105,0.0730,0.0262
1780125868.403595,7.6100,takeoff_L,-4.0475,0.0629,-0.0020,0.0440,-5.0038,-0.0105,0.0730,0.0262
1780125868.514797,7.7190,takeoff_L,-4.0475,0.0629,-0.0020,0.0440,-5.0038,-0.0105,0.0731,0.0262
1780125868.616470,7.8280,takeoff_L,-4.0475,0.0629,-0.0020,0.0440,-5.0038,-0.0105,0.0731,0.0262
1780125868.725641,7.9380,takeoff_L,-4.0475,0.0629,-0.0020,0.0440,-5.0038,-0.0105,0.0731,0.0262
1780125868.842180,8.0470,takeoff_L,-4.0475,0.0629,-0.0020,0.0440,-5.0038,-0.0105,0.0731,0.0262
1780125868.956934,8.1570,takeoff_L,-4.0475,0.0629,-0.0020,0.0440,-5.0038,-0.0105,0.0732,0.0262
1780125869.064377,8.2660,takeoff_L,-4.0475,0.0629,-0.0020,0.0440,-5.0038,-0.0105,0.0732,0.0262
1780125869.169797,8.3750,takeoff_L,-4.0475,0.0629,-0.0020,0.0440,-5.0038,-0.0105,0.0732,0.0262
1780125869.286812,8.5000,takeoff_L,-4.0475,0.0629,-0.0020,0.0440,-5.0038,-0.0105,0.0732,0.0262
1780125869.402584,8.6100,takeoff_L,-4.0475,0.0629,-0.0020,0.0440,-5.0038,-0.0105,0.0732,0.0262
1780125869.634224,8.8440,takeoff_L,-4.0475,0.0629,-0.0020,0.0440,-5.0038,-0.0105,0.0732,0.0262
1780125869.900706,9.1100,takeoff_L,-4.0475,0.0629,0.0041,0.0440,-5.0038,-0.0105,0.0733,0.0262
1780125870.018320,9.2190,takeoff_L,-4.0475,0.0629,0.0127,0.0440,-5.0038,-0.0105,0.0733,0.0262
1780125870.158096,9.3600,takeoff_L,-4.0475,0.0629,0.0444,0.0440,-5.0038,-0.0105,0.0733,0.0262
1780125870.266192,9.4690,takeoff_L,-4.0475,0.0629,0.0696,0.0440,-5.0038,-0.0105,0.0733,0.0262
1780125870.374404,9.5780,takeoff_L,-4.0475,0.0629,0.1081,0.0440,-5.0038,-0.0105,0.0733,0.0262
1780125870.484724,9.6880,takeoff_L,-4.0475,0.0629,0.1683,0.0440,-5.0038,-0.0105,0.0733,0.0262
1780125870.592995,9.7970,takeoff_L,-4.0475,0.0629,0.2665,0.0439,-5.0038,-0.0105,0.0733,0.0262
1780125870.705947,9.9070,takeoff_L,-4.0475,0.0629,0.4185,0.0439,-5.0038,-0.0105,0.0733,0.0262
1780125870.815032,10.0160,takeoff_L,-4.0475,0.0629,0.5266,0.0438,-5.0038,-0.0105,0.0733,0.0262
1780125870.915411,10.1250,takeoff_L,-4.0475,0.0629,0.6340,0.0438,-5.0038,-0.0105,0.0733,0.0262
1780125871.024743,10.2350,takeoff_L,-4.0475,0.0629,0.7689,0.0438,-5.0038,-0.0105,0.0733,0.0262
1780125871.135719,10.3440,takeoff_L,-4.0475,0.0629,0.8605,0.0438,-5.0038,-0.0105,0.0733,0.0262
1780125871.237193,10.4380,takeoff_L,-4.0475,0.0629,0.9759,0.0438,-5.0038,-0.0105,0.0733,0.0262
1780125871.352023,10.5630,takeoff_L,-4.0475,0.0629,1.1128,0.0438,-5.0038,-0.0105,0.0733,0.0262
1780125871.461705,10.6720,takeoff_L,-4.0475,0.0629,1.2223,0.0439,-5.0038,-0.0105,0.0733,0.0262
1780125871.569517,10.7820,takeoff_L,-4.0475,0.0629,1.3058,0.0439,-5.0038,-0.0105,0.0732,0.0262
1780125871.677240,10.8910,takeoff_L,-4.0475,0.0629,1.4433,0.0438,-5.0038,-0.0105,0.0732,0.0262
1780125871.785489,11.0000,takeoff_L,-4.0475,0.0629,1.5499,0.0438,-5.0038,-0.0105,0.0732,0.0262
1780125871.894747,11.1100,takeoff_L,-4.0475,0.0629,1.6469,0.0438,-5.0038,-0.0105,0.0732,0.0262
1780125872.005112,11.2190,takeoff_L,-4.0475,0.0629,1.7054,0.0438,-5.0038,-0.0105,0.0732,0.0262
1780125872.118504,11.3280,takeoff_L,-4.0475,0.0629,1.8094,0.0438,-5.0038,-0.0105,0.0732,0.0262
1780125872.228368,11.4380,takeoff_L,-4.0475,0.0629,1.8649,0.0438,-5.0038,-0.0105,0.0732,0.0262
1780125872.336983,11.5470,takeoff_L,-4.0475,0.0629,1.9134,0.0438,-5.0038,-0.0105,0.0733,0.0262
1780125872.447403,11.6570,takeoff_L,-4.0364,0.0629,1.9621,0.0438,-5.0038,-0.0105,0.0733,0.0262
1780125872.551399,11.7660,takeoff_L,-4.0364,0.0629,1.9823,0.0438,-5.0038,-0.0105,0.0733,0.0262
1780125872.668377,11.8750,takeoff_L,-4.0364,0.0629,2.0198,0.0438,-5.0038,-0.0105,0.0733,0.0262
1780125872.781948,11.9850,takeoff_L,-4.0364,0.0629,2.0399,0.0439,-5.0038,-0.0105,0.0733,0.0262
1780125872.890373,12.0940,takeoff_L,-4.0364,0.0629,2.0493,0.0438,-5.0038,-0.0105,0.0733,0.0262
1780125872.999976,12.2030,takeoff_L,-4.0364,0.0629,2.0527,0.0438,-5.0038,-0.0105,0.0733,0.0262
1780125873.109743,12.3130,takeoff_L,-4.0364,0.0629,2.0507,0.0438,-5.0038,-0.0105,0.0733,0.0262
1780125873.220643,12.4220,takeoff_L,-4.0364,0.0629,2.0438,0.0438,-5.0038,-0.0105,0.0733,0.0262
1780125873.329802,12.5320,takeoff_L,-4.0364,0.0629,2.0360,0.0438,-5.0038,-0.0105,0.0733,0.0262
1780125873.433331,12.6410,takeoff_L,-4.0364,0.0629,2.0252,0.0438,-5.0038,-0.0105,0.0733,0.0262
1780125873.536148,12.7500,takeoff_L,-4.0364,0.0629,2.0180,0.0439,-5.0038,-0.0105,0.0733,0.0262
1780125873.644381,12.8440,takeoff_L,-4.0364,0.0629,2.0060,0.0439,-5.0038,-0.0105,0.0733,0.0262
1780125873.751385,12.9530,takeoff_L,-4.0364,0.0629,2.0029,0.0439,-5.0038,-0.0105,0.0733,0.0262
1780125873.854918,13.0630,takeoff_L,-4.0364,0.0629,1.9922,0.0439,-5.0038,-0.0105,0.0733,0.0262
1780125873.971055,13.1720,takeoff_L,-4.0364,0.0629,1.9880,0.0438,-5.0038,-0.0105,0.0733,0.0262
1780125874.078300,13.2820,takeoff_L,-4.0364,0.0629,1.9832,0.0438,-5.0038,-0.0105,0.0733,0.0262
1780125874.184970,13.3910,takeoff_L,-4.0364,0.0629,1.9796,0.0438,-5.0038,-0.0105,0.0733,0.0262
1780125874.297927,13.5000,takeoff_L,-4.0364,0.0629,1.9783,0.0438,-5.0038,-0.0105,0.0733,0.0262
1780125874.674967,13.8750,takeoff_L,-4.0364,0.0629,1.9774,0.0438,-5.0038,-0.0105,0.0733,0.0262
1780125874.920719,14.1250,takeoff_L,-4.0364,0.0629,1.9777,0.0438,-5.0038,-0.0105,0.0733,0.0262
1780125875.027660,14.2350,takeoff_L,-4.0364,0.0629,1.9784,0.0438,-5.0038,-0.0105,0.0734,0.0262
1780125875.141528,14.3440,takeoff_L,-4.0364,0.0629,1.9788,0.0438,-5.0038,-0.0105,0.0734,0.0262
1780125875.250944,14.4530,takeoff_L,-4.0364,0.0629,1.9788,0.0438,-5.0038,-0.0105,0.0734,0.0262
1780125875.351434,14.5630,takeoff_L,-4.0364,0.0629,1.9816,0.0439,-5.0038,-0.0105,0.0734,0.0262
1780125875.451517,14.6570,takeoff_L,-4.0364,0.0629,1.9816,0.0439,-5.0038,-0.0105,0.0734,0.0262
1780125875.552460,14.7660,takeoff_L,-4.0364,0.0629,1.9816,0.0439,-5.0038,-0.0105,0.0734,0.0262
1780125875.654785,14.8600,takeoff_L,-4.0364,0.0524,1.9839,0.0438,-5.0038,-0.0105,0.0734,0.0262
1780125875.768531,14.9690,takeoff_L,-4.0364,0.0524,1.9839,0.0438,-5.0038,-0.0105,0.0735,0.0262
1780125875.888936,15.0940,takeoff_L,-4.0364,0.0524,1.9855,0.0438,-5.0038,-0.0105,0.0735,0.0262
1780125875.996854,15.2030,takeoff_S,-4.0364,0.0524,1.9855,0.0438,-5.0038,-0.0105,0.0735,0.0262
1780125876.101207,15.3130,takeoff_S,-4.0364,0.0524,1.9869,0.0438,-5.0038,-0.0105,0.0735,0.0262
1780125876.217537,15.4220,takeoff_S,-4.0364,0.0524,1.9869,0.0438,-5.0038,-0.0105,0.0735,0.0262
1780125876.361190,15.5630,takeoff_S,-4.0364,0.0524,1.9869,0.0438,-5.0038,-0.0105,0.0735,0.0262
1780125876.497680,15.7030,takeoff_S,-4.0364,0.0524,1.9876,0.0438,-5.0038,-0.0105,0.0736,0.0262
1780125876.601972,15.8130,takeoff_S,-4.0364,0.0524,1.9879,0.0438,-5.0038,-0.0105,0.0736,0.0262
1780125876.706655,15.9070,takeoff_S,-4.0364,0.0524,1.9879,0.0438,-5.0038,-0.0105,0.0736,0.0262
1780125876.813026,16.0160,takeoff_S,-4.0364,0.0524,1.9879,0.0438,-5.0038,-0.0105,0.0736,0.0262
1780125876.919978,16.1250,takeoff_S,-4.0364,0.0524,1.9881,0.0438,-5.0038,-0.0105,0.0736,0.0262
1780125877.052072,16.2660,takeoff_S,-4.0364,0.0524,1.9881,0.0438,-5.0038,-0.0105,0.0736,0.0262
1780125877.202466,16.4070,takeoff_S,-4.0364,0.0524,1.9883,0.0439,-5.0038,-0.0105,0.0736,0.0262
1780125877.317719,16.5320,takeoff_S,-4.0364,0.0524,1.9883,0.0439,-5.0038,-0.0105,0.0736,0.0262
1780125877.423121,16.6250,takeoff_S,-4.0364,0.0524,1.9884,0.0439,-5.0038,-0.0105,0.0736,0.0262
1780125877.536454,16.7500,takeoff_S,-4.0364,0.0524,1.9884,0.0439,-5.0038,-0.0105,0.0737,0.0262
1780125877.653017,16.8600,takeoff_S,-4.0364,0.0524,1.9885,0.0438,-5.0038,-0.0105,0.0737,0.0262
1780125877.762579,16.9690,takeoff_S,-4.0364,0.0524,1.9885,0.0438,-5.0038,-0.0105,0.0737,0.0262
1780125877.864481,17.0780,takeoff_S,-4.0364,0.0524,1.9885,0.0439,-5.0038,-0.0105,0.0737,0.0262
1780125877.971434,17.1720,takeoff_S,-4.0364,0.0524,1.9885,0.0439,-5.0038,-0.0105,0.0737,0.0261
1780125878.086114,17.2970,takeoff_S,-4.0364,0.0524,1.9885,0.0438,-5.0038,-0.0105,0.0737,0.0261
1780125878.201729,17.4070,takeoff_S,-4.0364,0.0524,1.9885,0.0438,-5.0038,-0.0105,0.0737,0.0261
1780125878.319864,17.5320,takeoff_S,-4.0364,0.0524,1.9884,0.0439,-5.0038,-0.0105,0.0737,0.0261
1780125878.434642,17.6410,takeoff_S,-4.0364,0.0524,1.9884,0.0439,-5.0038,-0.0105,0.0737,0.0261
1780125878.538672,17.7500,takeoff_S,-4.0364,0.0524,1.9884,0.0439,-5.0038,-0.0105,0.0737,0.0261
1780125878.652137,17.8600,takeoff_S,-4.0364,0.0524,1.9882,0.0439,-5.0038,-0.0105,0.0737,0.0261
1780125878.753719,17.9530,takeoff_S,-4.0364,0.0524,1.9882,0.0439,-5.0038,-0.0105,0.0737,0.0261
1780125878.873815,18.0780,takeoff_S,-4.0364,0.0524,1.9881,0.0439,-5.0038,-0.0105,0.0737,0.0261
1780125878.986045,18.1880,takeoff_S,-4.0364,0.0524,1.9881,0.0439,-5.0038,-0.0105,0.0737,0.0261
1780125879.088484,18.2970,takeoff_S,-4.0364,0.0524,1.9880,0.0439,-5.0038,-0.0105,0.0737,0.0261
1780125879.199741,18.4070,takeoff_S,-4.0364,0.0524,1.9880,0.0439,-5.0038,-0.0105,0.0737,0.0261
1780125879.302442,18.5160,takeoff_S,-4.0364,0.0524,1.9880,0.0439,-5.0038,-0.0105,0.0737,0.0261
1780125879.416710,18.6250,takeoff_S,-4.0364,0.0524,1.9880,0.0438,-5.0038,-0.0105,0.0737,0.0261
1780125879.523208,18.7350,takeoff_S,-4.0364,0.0524,1.9880,0.0438,-5.0038,-0.0105,0.0737,0.0261
1780125879.636707,18.8440,takeoff_S,-4.0364,0.0524,1.9879,0.0438,-5.0038,-0.0105,0.0737,0.0261
1780125879.752506,18.9530,takeoff_S,-4.0364,0.0524,1.9879,0.0438,-5.0038,-0.0105,0.0737,0.0261
1780125879.862641,19.0630,takeoff_S,-4.0364,0.0524,1.9878,0.0439,-5.0038,-0.0105,0.0737,0.0261
1780125879.968915,19.1720,takeoff_S,-4.0364,0.0524,1.9878,0.0439,-5.0038,-0.0105,0.0737,0.0261
1780125880.083839,19.2970,takeoff_S,-4.0364,0.0524,1.9877,0.0438,-5.0038,-0.0105,0.0737,0.0261
1780125880.188364,19.3910,takeoff_S,-4.0364,0.0524,1.9877,0.0438,-5.0038,-0.0105,0.0737,0.0261
1780125880.299647,19.5000,takeoff_S,-4.0364,0.0524,1.9877,0.0438,-5.0038,-0.0105,0.0737,0.0261
1780125880.405323,19.6100,takeoff_S,-4.0364,0.0524,1.9877,0.0439,-5.0038,-0.0105,0.0737,0.0261
1780125880.516969,19.7190,takeoff_S,-4.0364,0.0524,1.9877,0.0439,-5.0038,-0.0105,0.0869,0.0261
1780125880.620420,19.8280,takeoff_S,-4.0364,0.0524,1.9875,0.0438,-5.0038,-0.0105,0.0869,0.0261
1780125880.730412,19.9380,takeoff_S,-4.0364,0.0524,1.9875,0.0438,-5.0038,-0.0105,0.0869,0.0261
1780125880.839903,20.0470,takeoff_S,-4.0364,0.0524,1.9876,0.0438,-5.0038,-0.0105,0.1341,0.0261
1780125880.951003,20.1570,takeoff_S,-4.0364,0.0524,1.9876,0.0438,-5.0038,-0.0105,0.1341,0.0261
1780125881.059760,20.2660,takeoff_S,-4.0364,0.0524,1.9876,0.0438,-5.0038,-0.0105,0.2325,0.0261
1780125881.168378,20.3750,takeoff_S,-4.0364,0.0524,1.9879,0.0438,-5.0038,-0.0105,0.2325,0.0261
1780125881.285463,20.5000,takeoff_S,-4.0364,0.0524,1.9879,0.0438,-5.0038,-0.0105,0.5012,0.0260
1780125881.398432,20.6100,takeoff_S,-4.0364,0.0524,1.9883,0.0438,-5.0038,-0.0105,0.5012,0.0260
1780125881.505610,20.7190,takeoff_S,-4.0364,0.0524,1.9883,0.0438,-5.0038,-0.0105,0.7794,0.0259
1780125881.616370,20.8280,takeoff_S,-4.0364,0.0524,1.9886,0.0438,-5.0038,-0.0105,0.7794,0.0259
1780125881.721790,20.9220,takeoff_S,-4.0364,0.0524,1.9886,0.0438,-5.0038,-0.0105,1.0636,0.0259
1780125881.836715,21.0470,takeoff_S,-4.0364,0.0524,1.9889,0.0439,-5.0038,-0.0105,1.0636,0.0259
1780125881.944690,21.1570,takeoff_S,-4.0364,0.0524,1.9889,0.0439,-5.0038,-0.0105,1.0636,0.0259
1780125882.052485,21.2660,takeoff_S,-4.0364,0.0524,1.9889,0.0438,-5.0038,-0.0105,1.3350,0.0260
1780125882.163794,21.3750,takeoff_S,-4.0364,0.0524,1.9890,0.0438,-5.0038,-0.0105,1.3350,0.0260
1780125882.273144,21.4850,takeoff_S,-4.0364,0.0524,1.9890,0.0438,-4.9927,-0.0105,1.5734,0.0260
1780125882.385432,21.5940,takeoff_S,-4.0364,0.0524,1.9892,0.0439,-4.9927,-0.0105,1.5734,0.0260
1780125882.494877,21.7030,takeoff_S,-4.0364,0.0524,1.9892,0.0439,-4.9927,-0.0105,1.7707,0.0260
1780125882.605396,21.8130,takeoff_S,-4.0364,0.0524,1.9892,0.0439,-4.9927,-0.0105,1.7707,0.0260
1780125882.713989,21.9220,takeoff_S,-4.0364,0.0524,1.9892,0.0439,-4.9927,-0.0105,1.7707,0.0260
1780125882.821717,22.0320,takeoff_S,-4.0364,0.0524,1.9892,0.0439,-4.9927,-0.0105,1.9249,0.0260
1780125882.930902,22.1410,takeoff_S,-4.0364,0.0524,1.9894,0.0439,-4.9927,-0.0105,1.9249,0.0260
1780125883.039591,22.2500,takeoff_S,-4.0364,0.0524,1.9894,0.0439,-4.9927,-0.0105,2.0362,0.0260
1780125883.150359,22.3600,takeoff_S,-4.0364,0.0524,1.9894,0.0438,-4.9927,-0.0105,2.0362,0.0260
1780125883.258326,22.4690,takeoff_S,-4.0364,0.0524,1.9894,0.0438,-4.9927,-0.0105,2.1029,0.0260
1780125883.366440,22.5780,takeoff_S,-4.0364,0.0524,1.9895,0.0438,-4.9927,-0.0105,2.1029,0.0260
1780125883.482532,22.6880,takeoff_S,-4.0364,0.0524,1.9895,0.0438,-4.9927,-0.0105,2.1257,0.0260
1780125883.588436,22.7970,takeoff_S,-4.0364,0.0524,1.9896,0.0439,-4.9927,-0.0105,2.1257,0.0260
1780125883.702448,22.9070,takeoff_S,-4.0364,0.0524,1.9896,0.0439,-4.9927,-0.0105,2.1257,0.0260
1780125883.890906,23.0940,takeoff_S,-4.0364,0.0524,1.9896,0.0439,-4.9927,-0.0105,2.1257,0.0260
1780125884.060634,23.2660,takeoff_S,-4.0364,0.0524,1.9897,0.0438,-4.9927,-0.0105,2.1177,0.0260
1780125884.167821,23.3750,takeoff_S,-4.0364,0.0524,1.9897,0.0438,-4.9927,-0.0105,2.0970,0.0260
1780125884.280135,23.4850,takeoff_S,-4.0364,0.0524,1.9897,0.0439,-4.9927,-0.0105,2.0970,0.0260
1780125884.389533,23.5940,takeoff_S,-4.0364,0.0524,1.9897,0.0439,-4.9927,-0.0105,2.0763,0.0260
1780125884.500559,23.7030,takeoff_S,-4.0364,0.0524,1.9898,0.0438,-4.9927,-0.0105,2.0763,0.0260
1780125884.602871,23.8130,takeoff_S,-4.0364,0.0524,1.9898,0.0438,-4.9927,-0.0105,2.0619,0.0260
1780125884.715584,23.9220,takeoff_S,-4.0364,0.0524,1.9898,0.0438,-4.9927,-0.0105,2.0619,0.0260
1780125884.821783,24.0320,takeoff_S,-4.0364,0.0524,1.9898,0.0438,-4.9927,-0.0105,2.0547,0.0260
1780125884.938775,24.1410,takeoff_S,-4.0364,0.0524,1.9899,0.0439,-4.9927,-0.0105,2.0547,0.0260
1780125885.047643,24.2500,takeoff_S,-4.0364,0.0524,1.9899,0.0439,-4.9927,-0.0105,2.0547,0.0259
1780125885.156114,24.3600,takeoff_S,-4.0364,0.0524,1.9899,0.0439,-4.9927,-0.0105,2.0531,0.0259
1780125885.273019,24.4850,takeoff_S,-4.0364,0.0524,1.9899,0.0438,-4.9927,-0.0105,2.0531,0.0259
1780125885.388619,24.5940,takeoff_S,-4.0364,0.0524,1.9899,0.0438,-4.9927,-0.0105,2.0543,0.0258
1780125885.494538,24.7030,takeoff_S,-4.0364,0.0524,1.9899,0.0437,-4.9927,-0.0105,2.0543,0.0258
1780125885.602372,24.8130,takeoff_S,-4.0364,0.0524,1.9899,0.0437,-4.9927,-0.0210,2.0561,0.0260
1780125885.709433,24.9220,takeoff_S,-4.0364,0.0524,1.9899,0.0439,-4.9927,-0.0210,2.0561,0.0260
1780125885.825058,25.0320,takeoff_S,-4.0364,0.0524,1.9899,0.0439,-4.9927,-0.0210,2.0581,0.0260
1780125885.933452,25.1410,takeoff_S,-4.0364,0.0524,1.9899,0.0438,-4.9927,-0.0210,2.0581,0.0260
1780125886.039688,25.2500,takeoff_S,-4.0364,0.0524,1.9900,0.0438,-4.9927,-0.0210,2.0581,0.0260
1780125886.146594,25.3600,takeoff_S,-4.0364,0.0524,1.9900,0.0438,-4.9927,-0.0210,2.0595,0.0260
1780125886.255523,25.4690,takeoff_S,-4.0364,0.0524,1.9900,0.0438,-4.9927,-0.0210,2.0595,0.0260
1780125886.363988,25.5780,takeoff_S,-4.0364,0.0524,1.9900,0.0438,-4.9927,-0.0210,2.0607,0.0259
1780125886.469627,25.6720,takeoff_S,-4.0364,0.0524,1.9901,0.0439,-4.9927,-0.0210,2.0607,0.0259
1780125886.569631,25.7820,takeoff_S,-4.0364,0.0524,1.9901,0.0439,-4.9927,-0.0210,2.0616,0.0260
1780125886.762462,25.9690,takeoff_S,-4.0364,0.0524,1.9901,0.0439,-4.9927,-0.0210,2.0616,0.0260
1780125886.880616,26.0940,takeoff_S,-4.0364,0.0524,1.9901,0.0439,-4.9927,-0.0210,2.0627,0.0259
1780125886.984740,26.1880,takeoff_S,-4.0364,0.0524,1.9901,0.0438,-4.9927,-0.0210,2.0627,0.0259
1780125887.085741,26.2970,takeoff_S,-4.0364,0.0524,1.9901,0.0438,-4.9927,-0.0210,2.0636,0.0260
1780125887.188679,26.3910,takeoff_S,-4.0364,0.0524,1.9901,0.0439,-4.9927,-0.0210,2.0636,0.0260
1780125887.302391,26.5160,takeoff_S,-4.0364,0.0524,1.9901,0.0439,-4.9927,-0.0210,2.0636,0.0259
1780125887.648775,26.8600,takeoff_S,-4.0364,0.0524,1.9901,0.0439,-4.9927,-0.0210,2.0644,0.0259
1780125887.804288,27.0160,takeoff_S,-4.0364,0.0524,1.9900,0.0438,-4.9927,-0.0210,2.0648,0.0260
1780125887.918623,27.1250,takeoff_S,-4.0364,0.0524,1.9901,0.0438,-4.9927,-0.0210,2.0648,0.0260
1780125888.023282,27.2350,takeoff_S,-4.0364,0.0524,1.9901,0.0438,-4.9927,-0.0210,2.0651,0.0259
1780125888.138669,27.3440,takeoff_S,-4.0364,0.0524,1.9901,0.0439,-4.9927,-0.0210,2.0651,0.0259
1780125888.255371,27.4690,takeoff_S,-4.0364,0.0524,1.9901,0.0439,-4.9927,-0.0210,2.0653,0.0259
1780125888.368307,27.5780,takeoff_S,-4.0364,0.0524,1.9901,0.0438,-4.9927,-0.0210,2.0653,0.0259
1780125888.470050,27.6720,takeoff_S,-4.0364,0.0524,1.9901,0.0438,-4.9927,-0.0210,2.0653,0.0261
1780125888.577617,27.7820,takeoff_S,-4.0364,0.0524,1.9901,0.0438,-4.9927,-0.0210,2.0655,0.0261
1780125888.686901,27.8910,takeoff_S,-4.0364,0.0524,1.9901,0.0439,-4.9927,-0.0210,2.0655,0.0261
1780125888.924143,28.1250,takeoff_S,-4.0364,0.0524,1.9901,0.0439,-4.9927,-0.0210,2.0659,0.0260
1780125889.135895,28.3440,takeoff_S,-4.0364,0.0524,1.9901,0.0438,-4.9927,-0.0210,2.0663,0.0260
1780125889.251599,28.4530,takeoff_S,-4.0364,0.0524,1.9901,0.0438,-4.9927,-0.0210,2.0663,0.0260
1780125889.355031,28.5630,takeoff_S,-4.0364,0.0524,1.9901,0.0439,-4.9927,-0.0210,2.0663,0.0260
1780125889.464272,28.6720,takeoff_S,-4.0364,0.0524,1.9901,0.0439,-4.9927,-0.0210,2.0667,0.0260
1780125889.570898,28.7820,takeoff_S,-4.0364,0.0524,1.9901,0.0438,-4.9927,-0.0210,2.0667,0.0260
1780125889.686890,28.8910,takeoff_S,-4.0364,0.0524,1.9901,0.0438,-4.9927,-0.0210,2.0671,0.0259
1780125889.788945,29.0000,takeoff_S,-4.0364,0.0524,1.9901,0.0438,-4.9927,-0.0210,2.0671,0.0259
1780125889.901899,29.1100,takeoff_S,-4.0364,0.0524,1.9901,0.0438,-4.9927,-0.0210,2.0674,0.0260
1780125890.010439,29.2190,takeoff_S,-4.0364,0.0524,1.9901,0.0438,-4.9927,-0.0210,2.0674,0.0260
1780125890.122259,29.3280,takeoff_S,-4.0364,0.0524,1.9901,0.0439,-4.9927,-0.0210,2.0676,0.0259
1780125890.223367,29.4380,takeoff_S,-4.0364,0.0524,1.9901,0.0439,-4.9927,-0.0210,2.0676,0.0259
1780125890.336634,29.5470,takeoff_S,-4.0364,0.0524,1.9901,0.0438,-4.9927,-0.0210,2.0676,0.0259
1780125890.464262,29.6720,takeoff_S,-4.0364,0.0524,1.9901,0.0438,-4.9927,-0.0210,2.0677,0.0260
1780125890.579582,29.7820,takeoff_S,-4.0364,0.0524,1.9901,0.0439,-4.9927,-0.0210,2.0677,0.0260
1780125890.718882,29.9220,takeoff_S,-4.0364,0.0524,1.9901,0.0439,-4.9927,-0.0210,2.0678,0.0260
1780125891.130653,30.3440,takeoff_S,-4.0364,0.0524,1.9901,0.0438,-4.9927,-0.0210,2.0679,0.0258
1780125891.238459,30.4530,takeoff_S,-4.0364,0.0524,1.9901,0.0438,-4.9927,-0.0210,2.0679,0.0258
1780125891.345435,30.5470,takeoff_S,-4.0364,0.0524,1.9901,0.0438,-4.9927,-0.0210,2.0679,0.0260
1780125891.455266,30.6570,takeoff_S,-4.0364,0.0524,1.9901,0.0438,-4.9927,-0.0210,2.0679,0.0260
1780125891.561898,30.7660,prepos,-4.0364,0.0524,1.9901,0.0439,-4.9927,-0.0210,2.0679,0.0258
1780125891.672415,30.8750,prepos,-4.0364,0.0524,1.9901,0.0439,-4.9927,-0.0210,2.0679,0.0258
1780125891.788817,31.0000,prepos,-4.0364,0.0524,1.9901,0.0438,-4.9927,-0.0210,2.0570,0.0098
1780125891.907419,31.1100,prepos,-4.0364,0.0524,1.9901,0.0438,-4.9927,-0.0210,2.0570,0.0098
1780125892.016866,31.2190,prepos,-4.0364,0.0524,1.9901,0.0440,-4.9927,-0.0210,2.0570,0.0098
1780125892.226609,31.4380,prepos,-4.0364,0.0524,1.9901,0.0440,-4.9927,-0.0210,2.0296,-0.0087
1780125892.379281,31.5940,prepos,-4.0364,0.0524,1.9901,0.0439,-4.9927,-0.0210,2.0006,-0.0071
1780125892.492296,31.7030,prepos,-4.0364,0.0524,1.9901,0.0439,-4.9927,-0.0210,2.0006,-0.0071
1780125892.596627,31.7970,prepos,-4.0364,0.0524,1.9901,0.0439,-4.9927,-0.0105,2.0006,0.0010
1780125892.705421,31.9070,prepos,-4.0364,0.0524,1.9901,0.0439,-4.9927,-0.0105,1.9809,0.0010
1780125892.814492,32.0160,prepos,-4.0364,0.0524,1.9901,0.0439,-4.9927,-0.0105,1.9809,0.0010
1780125893.196958,32.4070,prepos,-4.0364,0.0524,1.9901,0.0438,-4.9927,-0.0105,1.9725,0.0026
1780125893.319811,32.5320,prepos,-4.0364,0.0524,1.9901,0.0438,-4.9927,-0.0105,1.9742,0.0001
1780125893.430268,32.6410,prepos,-4.0364,0.0524,1.9901,0.0439,-4.9927,-0.0105,1.9742,0.0001
1780125893.539514,32.7500,prepos,-4.0364,0.0524,1.9901,0.0439,-4.9927,-0.0105,1.9828,-0.0012
1780125893.649449,32.8600,prepos,-4.0364,0.0524,1.9901,0.0439,-4.9927,-0.0105,1.9828,-0.0012
1780125893.759520,32.9690,prepos,-4.0364,0.0524,1.9901,0.0439,-4.9927,-0.0105,1.9828,-0.0012
1780125893.974102,33.1880,prepos,-4.0364,0.0524,1.9901,0.0439,-4.9927,-0.0105,1.9935,-0.0005
1780125894.215626,33.4220,prepos,-4.0364,0.0524,1.9901,0.0438,-4.9927,-0.0105,2.0018,0.0002
1780125894.326563,33.5320,prepos,-4.0364,0.0524,1.9901,0.0439,-4.9927,-0.0105,2.0018,0.0002
1780125894.432401,33.6410,prepos,-4.0364,0.0524,1.9901,0.0439,-4.9927,-0.0105,2.0018,0.0002
1780125894.540842,33.7500,prepos,-4.0364,0.0524,1.9901,0.0437,-4.9927,-0.0105,2.0064,0.0003
1780125894.648618,33.8600,prepos,-4.0364,0.0524,1.9901,0.0437,-4.9927,-0.0105,2.0064,0.0003
1780125894.977166,34.1880,prepos,-4.0364,0.0524,1.9901,0.0437,-4.9815,-0.0105,2.0077,-0.0002
1780125895.091401,34.2970,prepos,-4.0364,0.0524,1.9901,0.0438,-4.9815,-0.0105,2.0077,-0.0002
1780125895.199957,34.4070,prepos,-4.0364,0.0524,1.9901,0.0439,-4.9815,-0.0105,2.0073,-0.0005
1780125895.305154,34.5160,prepos,-4.0364,0.0524,1.9901,0.0439,-4.9815,-0.0105,2.0073,-0.0005
1780125895.412673,34.6250,prepos,-4.0364,0.0524,1.9901,0.0438,-4.9815,-0.0105,2.0064,-0.0002
1780125895.522397,34.7350,prepos,-4.0364,0.0524,1.9902,0.0438,-4.9815,-0.0105,2.0064,-0.0002
1780125895.826240,35.0320,prepos,-4.0364,0.0524,1.9902,0.0438,-4.9815,-0.0105,2.0058,0.0000
1780125895.948673,35.1570,prepos,-4.0364,0.0524,1.9902,0.0439,-4.9815,-0.0105,2.0058,0.0001
1780125896.051906,35.2660,prepos,-4.0364,0.0524,1.9902,0.0438,-4.9815,-0.0105,2.0054,0.0001
1780125896.157331,35.3600,prepos,-4.0364,0.0524,1.9902,0.0438,-4.9815,-0.0105,2.0054,0.0001
1780125896.268471,35.4690,prepos,-4.0364,0.0524,1.9903,0.0439,-4.9815,-0.0105,2.0053,0.0001
1780125896.383754,35.5940,prepos,-4.0364,0.0524,1.9903,0.0439,-4.9815,-0.0105,2.0053,0.0001
1780125896.497432,35.7030,prepos,-4.0364,0.0524,1.9903,0.0439,-4.9815,-0.0105,2.0050,-0.0001
1780125896.601205,35.8130,prepos,-4.0364,0.0524,1.9903,0.0438,-4.9815,-0.0105,2.0050,-0.0001
1780125896.705558,35.9070,prepos,-4.0364,0.0524,1.9903,0.0438,-4.9815,-0.0105,2.0047,-0.0002
1780125896.814866,36.0160,prepos,-4.0364,0.0524,1.9903,0.0439,-4.9815,-0.0105,2.0047,-0.0002
1780125896.920602,36.1250,prepos,-4.0364,0.0524,1.9905,0.0439,-4.9815,-0.0105,2.0047,-0.0002
1780125897.028540,36.2350,prepos,-4.0364,0.0524,1.9905,0.0437,-4.9815,-0.0105,2.0045,-0.0002
1780125897.133549,36.3440,prepos,-4.0364,0.0524,1.9905,0.0437,-4.9815,-0.0105,2.0045,-0.0002
1780125897.241487,36.4530,prepos,-4.0364,0.0524,1.9905,0.0437,-4.9815,-0.0105,2.0045,-0.0001
1780125897.352486,36.5630,prepos,-4.0364,0.0524,1.9904,0.0439,-4.9815,-0.0105,2.0045,-0.0001
1780125897.463648,36.6720,prepos,-4.0364,0.0524,1.9904,0.0439,-4.9815,-0.0105,2.0052,-0.0003
1780125897.572355,36.7820,prepos,-4.0364,0.0524,1.9904,0.0440,-4.9815,-0.0105,2.0052,-0.0003
1780125897.686096,36.8910,prepos,-4.0364,0.0524,1.9904,0.0440,-4.9815,-0.0105,2.0052,-0.0002
1780125897.800416,37.0000,prepos,-4.0364,0.0524,1.9903,0.0438,-4.9815,-0.0105,2.0060,-0.0002
1780125897.905444,37.1100,prepos,-4.0364,0.0524,1.9903,0.0438,-4.9815,-0.0105,2.0060,-0.0002
1780125898.014485,37.2190,prepos,-4.0364,0.0524,1.9903,0.0438,-4.9815,-0.0105,2.0068,-0.0001
1780125898.122891,37.3280,prepos,-4.0364,0.0524,1.9918,0.0045,-4.9815,-0.0105,2.0068,-0.0001
1780125898.236527,37.4380,prepos,-4.0364,0.0524,1.9918,0.0045,-4.9815,-0.0105,2.0073,-0.0002
1780125898.341627,37.5470,prepos,-4.0364,0.0524,1.9959,-0.2668,-4.9815,-0.0105,2.0073,-0.0002
1780125898.448497,37.6570,prepos,-4.0364,0.0524,1.9959,-0.2668,-4.9815,-0.0105,2.0076,-0.0002
1780125898.558453,37.7660,prepos,-4.0253,0.0419,2.0004,-0.6484,-4.9815,-0.0105,2.0076,-0.0002
1780125898.672127,37.8750,prepos,-4.0253,0.0419,2.0004,-0.6484,-4.9815,-0.0105,2.0076,-0.0002
1780125898.782252,37.9850,prepos,-4.0141,0.0314,2.0032,-0.9449,-4.9815,-0.0105,2.0078,-0.0002
1780125898.888626,38.0940,prepos,-4.0141,0.0314,2.0032,-0.9449,-4.9815,-0.0105,2.0078,-0.0002
1780125899.003740,38.2030,prepos,-4.0141,0.0314,2.0032,-0.9449,-4.9815,-0.0105,2.0079,-0.0003
1780125899.122045,38.3280,prepos,-4.0030,0.0210,2.0039,-1.1717,-4.9815,-0.0105,2.0079,-0.0003
1780125899.234576,38.4380,prepos,-4.0030,0.0210,2.0039,-1.1717,-4.9815,-0.0210,2.0080,-0.0001
1780125899.340574,38.5470,prepos,-3.9919,0.0105,2.0034,-1.4109,-4.9815,-0.0210,2.0080,-0.0001
1780125899.451167,38.6570,prepos,-3.9919,0.0105,2.0034,-1.4109,-4.9815,-0.0210,2.0080,-0.0002
1780125899.555423,38.7660,prepos,-3.9919,0.0000,2.0023,-1.6394,-4.9815,-0.0210,2.0080,-0.0002
1780125899.672209,38.8750,prepos,-3.9919,0.0000,2.0023,-1.6394,-4.9815,-0.0210,2.0080,-0.0002
1780125899.783856,38.9850,prepos,-3.9808,-0.0105,2.0010,-1.6713,-4.9815,-0.0210,2.0080,-0.0003
1780125899.886860,39.0940,prepos,-3.9808,-0.0105,2.0010,-1.6713,-4.9815,-0.0210,2.0080,-0.0003
1780125899.999496,39.2030,prepos,-3.9808,-0.0105,2.0010,-1.6713,-4.9815,-0.0210,2.0079,-0.0001
1780125900.102894,39.3130,prepos,-3.9808,-0.0105,2.0010,-1.5794,-4.9815,-0.0210,2.0079,-0.0001
1780125900.216876,39.4220,prepos,-3.9808,-0.0105,2.0000,-1.5794,-4.9815,-0.0210,2.0078,-0.0002
1780125900.329911,39.5320,prepos,-3.9808,-0.0210,1.9994,-1.5372,-4.9815,-0.0210,2.0078,-0.0002
1780125900.433848,39.6410,prepos,-3.9808,-0.0210,1.9993,-1.5456,-4.9815,-0.0210,2.0075,-0.0003
1780125900.538623,39.7500,prepos,-3.9808,-0.0210,1.9992,-1.5600,-4.9815,-0.0210,2.0071,-0.0002
1780125900.647457,39.8600,prepos,-3.9808,-0.0210,1.9992,-1.5733,-4.9815,-0.0210,2.0067,-0.0002
1780125900.756400,39.9690,prepos,-3.9808,-0.0210,1.9992,-1.5798,-4.9815,-0.0210,2.0063,-0.0002
1780125900.868775,40.0780,prepos,-3.9808,-0.0210,1.9992,-1.5817,-4.9815,-0.0210,2.0060,-0.0002
1780125900.983462,40.1880,prepos,-3.9808,-0.0210,1.9992,-1.5790,-4.9815,-0.0210,2.0057,-0.0002
1780125901.089600,40.2970,prepos,-3.9808,-0.0210,1.9992,-1.5783,-4.9815,-0.0210,2.0055,-0.0002
1780125901.197261,40.4070,prepos,-3.9808,-0.0105,1.9992,-1.5714,-4.9815,-0.0210,2.0053,-0.0002
1780125901.306358,40.5160,prepos,-3.9808,-0.0105,1.9991,-1.5685,-4.9815,-0.0210,2.0052,-0.0002
1780125901.415510,40.6250,prepos,-3.9808,-0.0105,1.9991,-1.5675,-4.9815,-0.0210,2.0050,-0.0002
1780125901.524174,40.7350,prepos,-3.9808,-0.0105,1.9991,-1.5680,-4.9815,-0.0210,2.0049,-0.0002
1780125901.633375,40.8440,prepos,-3.9808,-0.0105,1.9990,-1.5693,-4.9815,-0.0210,2.0048,-0.0002
1780125901.741100,40.9530,prepos,-3.9808,-0.0105,1.9990,-1.5703,-4.9815,-0.0210,2.0047,-0.0002
1780125901.852654,41.0630,prepos,-3.9808,-0.0105,1.9989,-1.5713,-4.9815,-0.0210,2.0048,-0.0002
1780125901.962420,41.1720,prepos,-3.9808,-0.0105,1.9989,-1.5720,-4.9815,-0.0210,2.0050,-0.0002
1780125902.069705,41.2820,circle,-3.9808,-0.0105,1.9988,-1.5721,-4.9815,-0.0105,2.0052,-0.0002
1780125902.176945,41.3910,circle,-3.9808,-0.0105,1.9988,-1.5719,-4.9815,-0.0105,2.0061,-0.0027
1780125902.280809,41.4850,circle,-3.9808,-0.0105,1.9990,-1.5674,-4.9815,-0.0105,2.0123,-0.0323
1780125902.386743,41.5940,circle,-3.9808,-0.0105,1.9991,-1.5555,-4.9815,-0.0105,2.0224,-0.0857
1780125902.494859,41.7030,circle,-3.9808,-0.0210,1.9993,-1.5321,-4.9815,-0.0105,2.0485,-0.2197
1780125902.605547,41.8130,circle,-3.9808,-0.0314,1.9995,-1.5112,-4.9815,-0.0105,2.0802,-0.3622
1780125902.716057,41.9220,circle,-3.9808,-0.0419,1.9996,-1.4755,-4.9815,-0.0210,2.1267,-0.5342
1780125902.950452,42.1570,circle,-3.9808,-0.0629,1.9997,-1.4579,-4.9815,-0.0210,2.1351,-0.5851
1780125903.088306,42.2970,circle,-3.9808,-0.1152,1.9999,-1.3967,-4.9815,-0.0524,2.2258,-0.7467
1780125903.197028,42.4070,circle,-3.9919,-0.1676,1.9999,-1.3644,-4.9815,-0.1048,2.3223,-0.8255
1780125903.298770,42.5000,circle,-3.9919,-0.1990,2.0000,-1.3450,-4.9815,-0.1467,2.3994,-0.8583
1780125903.408614,42.6100,circle,-3.9808,-0.2724,2.0000,-1.3159,-4.9704,-0.1781,2.4458,-0.8833
1780125903.525926,42.7350,circle,-3.9808,-0.2724,2.0000,-1.3159,-4.9704,-0.1781,2.4458,-0.8883
1780125903.636279,42.8440,circle,-3.9808,-0.3981,2.0001,-1.2788,-4.9593,-0.2514,2.5319,-0.9415
1780125903.748501,42.9530,circle,-3.9697,-0.4819,2.0002,-1.2531,-4.9593,-0.2933,2.5723,-0.9808
1780125903.852656,43.0630,circle,-3.9585,-0.5447,2.0003,-1.2387,-4.9482,-0.3247,2.6013,-1.0004
1780125903.960515,43.1720,circle,-3.9474,-0.6285,2.0004,-1.2170,-4.9482,-0.3771,2.6370,-1.0471
1780125904.113989,43.3280,circle,-3.9363,-0.6914,2.0004,-1.2024,-4.9482,-0.3876,2.6462,-1.0526
1780125904.224582,43.4380,circle,-3.9141,-0.8066,2.0006,-1.1728,-4.9371,-0.4609,2.6820,-1.0654
1780125904.336722,43.5470,circle,-3.9029,-0.9219,2.0007,-1.1477,-4.9259,-0.5028,2.7024,-1.0668
1780125904.446831,43.6570,circle,-3.8807,-0.9952,2.0007,-1.1277,-4.9148,-0.5657,2.7234,-1.0664
1780125904.555515,43.7660,circle,-3.8585,-1.0895,2.0008,-1.1017,-4.9037,-0.6076,2.7342,-1.0663
1780125904.787975,44.0000,circle,-3.8251,-1.2047,2.0009,-1.0703,-4.8926,-0.6600,2.7469,-1.0667
1780125904.898643,44.1100,circle,-3.7806,-1.3513,2.0009,-1.0288,-4.8592,-0.7961,2.7765,-1.0662
1780125905.008342,44.2190,circle,-3.7584,-1.4352,2.0010,-1.0069,-4.8481,-0.8485,2.7872,-1.0649
1780125905.119655,44.3280,circle,-3.7250,-1.5294,2.0011,-0.9803,-4.8370,-0.9114,2.7976,-1.0616
1780125905.221047,44.4220,circle,-3.7250,-1.5294,2.0011,-0.9803,-4.8147,-0.9847,2.8094,-1.0537
1780125905.330751,44.5320,circle,-3.7250,-1.5294,2.0011,-0.9803,-4.7925,-1.0580,2.8189,-1.0441
1780125905.440001,44.6410,circle,-3.6361,-1.7285,2.0012,-0.9340,-4.7703,-1.1314,2.8301,-1.0309
1780125905.550889,44.7660,circle,-3.6361,-1.7285,2.0012,-0.9340,-4.7480,-1.2152,2.8406,-1.0185
1780125905.656454,44.8600,circle,-3.5471,-1.9170,2.0013,-0.8857,-4.7258,-1.2780,2.8473,-1.0086
1780125905.766500,44.9690,circle,-3.5471,-1.9170,2.0013,-0.8857,-4.6924,-1.3723,2.8587,-0.9975
1780125905.868605,45.0780,circle,-3.5471,-1.9170,2.0013,-0.8857,-4.6702,-1.4456,2.8664,-0.9877
1780125905.982408,45.1880,circle,-3.4470,-2.1056,2.0014,-0.8351,-4.6479,-1.5294,2.8751,-0.9756
1780125906.086807,45.2970,circle,-3.4470,-2.1056,2.0014,-0.8351,-4.6146,-1.6028,2.8820,-0.9644
1780125906.199511,45.4070,circle,-3.3358,-2.2837,2.0015,-0.7848,-4.5812,-1.6761,2.8886,-0.9520
1780125906.303260,45.5160,circle,-3.3358,-2.2837,2.0015,-0.7848,-4.5590,-1.7494,2.8949,-0.9388
1780125906.411021,45.6250,circle,-3.2135,-2.4513,2.0015,-0.7336,-4.5256,-1.8228,2.9008,-0.9246
1780125906.515717,45.7190,circle,-3.2135,-2.4513,2.0015,-0.7336,-4.4923,-1.8961,2.9064,-0.9099
1780125906.629941,45.8440,circle,-3.0801,-2.6189,2.0015,-0.6838,-4.4478,-1.9904,2.9128,-0.8916
1780125906.738531,45.9530,circle,-3.0801,-2.6189,2.0013,-0.6838,-4.4144,-2.0742,2.9177,-0.8728
1780125906.852235,46.0630,circle,-3.0801,-2.6189,2.0013,-0.6838,-4.3588,-2.1789,2.9241,-0.8531
1780125906.965014,46.1720,circle,-2.9467,-2.7760,2.0010,-0.6349,-4.3144,-2.2522,2.9284,-0.8367
1780125907.068670,46.2820,circle,-2.9467,-2.7760,2.0010,-0.6349,-4.2588,-2.3465,2.9331,-0.8176
1780125907.205793,46.4070,circle,-2.8021,-2.9227,2.0010,-0.5843,-4.2588,-2.3570,2.9338,-0.8145
1780125907.536221,46.7500,circle,-2.6464,-3.0589,2.0007,-0.5360,-4.0920,-2.6294,2.9459,-0.7613
1780125907.654001,46.8600,circle,-2.6464,-3.0589,2.0007,-0.5360,-4.0920,-2.6294,2.9459,-0.7613
1780125907.762503,46.9690,circle,-2.4796,-3.1846,2.0005,-0.4657,-4.0920,-2.6294,2.9459,-0.7613
1780125907.869381,47.0780,circle,-2.4796,-3.1846,2.0005,-0.4657,-3.9585,-2.8179,2.9539,-0.7216
1780125907.979312,47.1880,circle,-2.4796,-3.1846,2.0005,-0.4657,-3.9585,-2.8179,2.9539,-0.7216
1780125908.086858,47.2970,circle,-2.3129,-3.3208,2.0004,-0.3971,-3.8140,-3.0065,2.9607,-0.6669
1780125908.202518,47.4070,circle,-2.3129,-3.3208,2.0004,-0.3971,-3.8140,-3.0065,2.9607,-0.6669
1780125908.314235,47.5160,circle,-2.1238,-3.4360,2.0005,-0.3517,-3.6472,-3.2055,2.9667,-0.6005
1780125908.422839,47.6250,circle,-2.1238,-3.4360,2.0005,-0.3517,-3.6472,-3.2055,2.9667,-0.6005
1780125908.532494,47.7350,circle,-1.9348,-3.5512,2.0005,-0.3112,-3.6472,-3.2055,2.9667,-0.6005
1780125908.648545,47.8600,circle,-1.9348,-3.5512,2.0008,-0.3112,-3.4693,-3.3941,2.9717,-0.5440
1780125908.752251,47.9530,circle,-1.9348,-3.5512,2.0008,-0.3112,-3.4693,-3.3941,2.9717,-0.5440
1780125908.865586,48.0780,circle,-1.7346,-3.6455,2.0011,-0.2613,-3.2914,-3.5617,2.9760,-0.5030
1780125908.969571,48.1720,circle,-1.7346,-3.6455,2.0011,-0.2613,-3.2914,-3.5617,2.9760,-0.5030
1780125909.083408,48.2970,circle,-1.5456,-3.7398,2.0013,-0.2075,-3.1023,-3.7293,2.9795,-0.4624
1780125909.190824,48.3910,circle,-1.5456,-3.7398,2.0013,-0.2075,-3.1023,-3.7293,2.9795,-0.4624
1780125909.302232,48.5160,circle,-1.3455,-3.8131,2.0013,-0.1562,-2.9022,-3.8864,2.9825,-0.4098
1780125909.413064,48.6250,circle,-1.3455,-3.8131,2.0016,-0.1562,-2.9022,-3.8864,2.9825,-0.4098
1780125909.516462,48.7190,circle,-1.1453,-3.8760,2.0018,-0.1107,-2.9022,-3.8864,2.9825,-0.4098
1780125909.618771,48.8280,circle,-1.1453,-3.8760,2.0018,-0.1107,-2.6909,-4.0436,2.9853,-0.3515
1780125909.731432,48.9380,circle,-1.1453,-3.8760,2.0018,-0.1107,-2.6909,-4.0436,2.9853,-0.3515
1780125909.838949,49.0470,circle,-0.9452,-3.9388,2.0020,-0.0607,-2.4796,-4.1798,2.9878,-0.2993
1780125909.953050,49.1570,circle,-0.9452,-3.9388,2.0020,-0.0607,-2.4796,-4.1798,2.9878,-0.2993
1780125910.054666,49.2660,circle,-0.7450,-3.9807,2.0022,-0.0073,-2.2573,-4.3055,2.9898,-0.2540
1780125910.168958,49.3750,circle,-0.7450,-3.9807,2.0022,-0.0073,-2.2573,-4.3055,2.9898,-0.2540
1780125910.286178,49.5000,circle,-0.5449,-4.0121,2.0024,0.0425,-2.0237,-4.4207,2.9914,-0.2069
1780125910.389774,49.5940,circle,-0.5449,-4.0121,2.0024,0.0425,-2.0237,-4.4207,2.9914,-0.2069
1780125910.498693,49.7030,circle,-0.5449,-4.0121,2.0024,0.0425,-2.0237,-4.4207,2.9914,-0.2069
1780125910.696144,49.9070,circle,-0.3447,-4.0331,2.0024,0.0913,-1.7902,-4.5254,2.9914,-0.1547
1780125910.816009,50.0160,circle,-0.1446,-4.0436,2.0026,0.1369,-1.5567,-4.6197,2.9945,-0.1039
1780125910.925456,50.1250,circle,-0.1446,-4.0436,2.0026,0.1369,-1.5567,-4.6197,2.9945,-0.1039
1780125911.036936,50.2500,circle,-0.1446,-4.0436,2.0026,0.1369,-1.3121,-4.7035,2.9945,-0.0559
1780125911.150889,50.3600,circle,0.0556,-4.0436,2.0022,0.1876,-1.3121,-4.7035,2.9959,-0.0559
1780125911.268316,50.4690,circle,0.0556,-4.0436,2.0022,0.1876,-1.3121,-4.7035,2.9959,-0.0559
1780125911.369754,50.5780,circle,0.2557,-4.0331,2.0018,0.2591,-1.0786,-4.7664,2.9969,-0.0100
1780125911.481737,50.6880,circle,0.2557,-4.0331,2.0018,0.2591,-1.0786,-4.7664,2.9969,-0.0100
1780125911.583175,50.7970,circle,0.4670,-4.0226,2.0018,0.3143,-0.8228,-4.8188,2.9977,0.0417
1780125911.690551,50.8910,circle,0.4670,-4.0226,2.0015,0.3143,-0.8228,-4.8188,2.9977,0.0417
1780125911.817793,51.0320,circle,0.4670,-4.0226,2.0015,0.3143,-0.5671,-4.8502,2.9977,0.1006
1780125911.927307,51.1410,circle,0.6783,-3.9912,2.0012,0.3557,-0.5671,-4.8502,2.9983,0.1006
1780125912.036931,51.2500,circle,0.6783,-3.9912,2.0012,0.3557,-0.3225,-4.8816,2.9983,0.1551
1780125912.146234,51.3600,circle,0.8896,-3.9493,2.0010,0.3996,-0.3225,-4.8816,2.9987,0.1551
1780125912.259845,51.4690,circle,0.8896,-3.9493,2.0010,0.3996,-0.3225,-4.8816,2.9987,0.1551
1780125912.365790,51.5780,circle,1.0897,-3.8969,2.0009,0.4535,-0.0778,-4.8921,2.9988,0.2020
1780125912.474979,51.6880,circle,1.0897,-3.8969,2.0009,0.4535,-0.0778,-4.8921,2.9988,0.2020
1780125912.586864,51.7970,circle,1.2899,-3.8445,2.0007,0.5082,0.1779,-4.8921,2.9992,0.2477
1780125912.706183,51.9070,circle,1.2899,-3.8445,2.0007,0.5082,0.1779,-4.8921,2.9992,0.2477
1780125912.812330,52.0160,circle,1.2899,-3.8445,2.0007,0.5082,0.4225,-4.8816,2.9992,0.2994
1780125912.922427,52.1250,circle,1.4900,-3.7712,2.0006,0.5577,0.4225,-4.8816,3.0000,0.2994
1780125913.036392,52.2500,circle,1.4900,-3.7712,2.0006,0.5577,0.6672,-4.8502,3.0000,0.3545
1780125913.144298,52.3440,circle,1.6790,-3.6874,2.0004,0.6050,0.6672,-4.8502,3.0007,0.3545
1780125913.252494,52.4530,circle,1.6790,-3.6874,2.0004,0.6050,0.6672,-4.8502,3.0007,0.3545
1780125913.361406,52.5630,circle,1.8681,-3.5931,2.0004,0.6547,0.9229,-4.8188,3.0013,0.4046
1780125913.471431,52.6720,circle,1.8681,-3.5931,2.0004,0.6547,0.9229,-4.8188,3.0013,0.4046
1780125913.595843,52.7970,circle,1.8681,-3.5931,2.0004,0.6547,0.9229,-4.8188,3.0013,0.4046
1780125913.904048,53.1100,circle,2.0460,-3.4988,2.0003,0.7061,1.4011,-4.6931,3.0016,0.5001
1780125914.019634,53.2350,circle,2.2128,-3.3836,2.0002,0.7710,1.4011,-4.6931,3.0016,0.5001
1780125914.132380,53.3440,circle,2.2128,-3.3836,2.0002,0.7710,1.6457,-4.6197,3.0015,0.5511
1780125914.236481,53.4380,circle,2.3907,-3.2579,2.0001,0.8380,1.6457,-4.6197,3.0015,0.5511
1780125914.352497,53.5630,circle,2.3907,-3.2579,2.0001,0.8380,1.6457,-4.6197,3.0015,0.5511
1780125914.462661,53.6720,circle,2.5686,-3.1217,2.0001,0.8919,1.8681,-4.5359,3.0013,0.6003
1780125914.643325,53.8440,circle,2.5686,-3.1217,2.0001,0.8919,1.8681,-4.5359,3.0013,0.6003
1780125914.780936,53.9850,circle,2.7354,-2.9751,2.0000,0.9388,2.0905,-4.4312,3.0011,0.6563
1780125914.883033,54.0940,circle,2.7354,-2.9751,2.0000,0.9388,2.3129,-4.3055,3.0010,0.7150
1780125914.991832,54.2030,circle,2.7354,-2.9751,2.0000,0.9388,2.3129,-4.3055,3.0010,0.7150
1780125915.101389,54.3130,circle,2.8911,-2.8179,2.0000,0.9925,2.3129,-4.3055,3.0010,0.7150
1780125915.210804,54.4220,circle,2.8911,-2.8179,2.0000,0.9925,2.5241,-4.1798,3.0010,0.7668
1780125915.316598,54.5320,circle,3.0356,-2.6503,2.0000,1.0405,2.5241,-4.1798,3.0010,0.7668
1780125915.426466,54.6410,circle,3.0356,-2.6503,2.0000,1.0405,2.7354,-4.0436,3.0009,0.8127
1780125915.535205,54.7350,circle,3.1802,-2.4827,2.0000,1.0869,2.7354,-4.0436,3.0009,0.8127
1780125915.644434,54.8440,circle,3.1802,-2.4827,2.0000,1.0869,2.9355,-3.8969,3.0009,0.8614
1780125915.753681,54.9530,circle,3.3025,-2.3151,2.0000,1.1383,2.9355,-3.8969,3.0009,0.8614
1780125915.864464,55.0780,circle,3.3025,-2.3151,2.0002,1.1383,3.1246,-3.7503,3.0009,0.9119
1780125915.975301,55.1880,circle,3.3025,-2.3151,2.0002,1.1383,3.1246,-3.7503,3.0010,0.9119
1780125916.080532,55.2820,circle,3.4248,-2.1370,2.0007,1.1906,3.1246,-3.7503,3.0010,0.9119
1780125916.188414,55.3910,circle,3.4248,-2.1370,2.0007,1.1906,3.3025,-3.5826,3.0009,0.9619
1780125916.302885,55.5160,circle,3.5360,-1.9589,2.0012,1.2410,3.3025,-3.5826,3.0009,0.9619
1780125916.413989,55.6250,circle,3.5360,-1.9589,2.0012,1.2410,3.4804,-3.4046,3.0009,1.0139
1780125916.521497,55.7350,circle,3.6250,-1.7808,2.0016,1.2897,3.4804,-3.4046,3.0009,1.0139
1780125916.637158,55.8440,circle,3.6250,-1.7808,2.0016,1.2897,3.6472,-3.2160,3.0008,1.0652
1780125916.754601,55.9690,circle,3.7139,-1.5923,2.0018,1.3392,3.6472,-3.2160,3.0008,1.0652
1780125916.862949,56.0630,circle,3.7139,-1.5923,2.0018,1.3392,3.8140,-3.0274,3.0009,1.1141
1780125916.971370,56.1720,circle,3.7139,-1.5923,2.0018,1.3392,3.8140,-3.0274,3.0009,1.1141
1780125917.081669,56.2820,circle,3.7917,-1.4037,2.0021,1.3905,3.8140,-3.0274,3.0009,1.1141
1780125917.185044,56.3910,circle,3.7917,-1.4037,2.0021,1.3905,3.9585,-2.8284,3.0009,1.1618
1780125917.299545,56.5000,circle,3.8585,-1.2152,2.0023,1.4396,3.9585,-2.8284,3.0008,1.1618
1780125917.403110,56.6100,circle,3.8585,-1.2152,2.0023,1.4396,4.1031,-2.6189,3.0002,1.2139
1780125917.510602,56.7190,circle,3.9141,-1.0266,2.0024,1.4867,4.1031,-2.6189,3.0002,1.2139
1780125917.613611,56.8280,circle,3.9141,-1.0266,2.0024,1.4867,4.2365,-2.3989,3.0002,1.2683
1780125917.725501,56.9380,circle,3.9141,-1.0266,2.0024,1.4867,4.2365,-2.3989,2.9997,1.2683
1780125917.840008,57.0470,circle,3.9585,-0.8276,2.0022,1.5379,4.2365,-2.3989,2.9997,1.2683
1780125918.021803,57.2350,circle,3.9919,-0.6285,2.0018,1.5921,4.3588,-2.1789,2.9995,1.3153
1780125918.135477,57.3440,circle,3.9919,-0.6285,2.0018,1.5921,4.4700,-1.9485,2.9999,1.3652
1780125918.236402,57.4380,circle,3.9919,-0.6285,2.0018,1.5921,4.4700,-1.9485,2.9999,1.3652
1780125918.350386,57.5630,circle,4.0141,-0.4295,2.0014,1.6445,4.5590,-1.7180,2.9999,1.4199
1780125918.456530,57.6570,circle,4.0141,-0.4295,2.0014,1.6445,4.5590,-1.7180,3.0006,1.4199
1780125918.566839,57.7820,circle,4.0364,-0.2305,2.0011,1.6902,4.5590,-1.7180,3.0006,1.4199
1780125918.667195,57.8750,circle,4.0364,-0.2305,2.0011,1.6902,4.6479,-1.4771,3.0013,1.4695
1780125918.770927,57.9850,circle,4.0364,-0.0210,2.0009,1.7392,4.6479,-1.4771,3.0013,1.4695
1780125918.872031,58.0780,circle,4.0364,-0.0210,2.0009,1.7392,4.7147,-1.2466,3.0013,1.5166
1780125918.986496,58.1880,circle,4.0364,-0.0210,2.0009,1.7392,4.7147,-1.2466,3.0018,1.5166
1780125919.101133,58.3130,circle,4.0364,0.1781,2.0008,1.7912,4.7147,-1.2466,3.0018,1.5166
1780125919.211436,58.4220,circle,4.0364,0.1781,2.0008,1.7912,4.7703,-1.0057,3.0020,1.5658
1780125919.318747,58.5320,circle,4.0364,0.3876,2.0007,1.8418,4.7703,-1.0057,3.0020,1.5658
1780125919.432547,58.6410,circle,4.0364,0.3876,2.0007,1.8418,4.8147,-0.7752,3.0019,1.6173
1780125919.542051,58.7500,circle,4.0030,0.5866,2.0005,1.8917,4.8147,-0.7752,3.0019,1.6173
1780125919.653114,58.8600,circle,4.0030,0.5866,2.0005,1.8917,4.8481,-0.5238,3.0017,1.6689
1780125919.763159,58.9690,circle,3.9697,0.7857,2.0005,1.9404,4.8481,-0.5238,3.0017,1.6689
1780125919.873521,59.0780,circle,3.9697,0.7857,2.0004,1.9404,4.8703,-0.2828,3.0017,1.7179
1780125919.989028,59.2030,circle,3.9252,0.9847,2.0004,1.9898,4.8703,-0.2828,3.0015,1.7179
1780125920.102355,59.3130,circle,3.9252,0.9847,2.0003,1.9898,4.8815,-0.0419,3.0015,1.7654
1780125920.203681,59.4070,circle,3.9252,0.9847,2.0003,1.9898,4.8815,-0.0419,3.0014,1.7654
1780125920.319100,59.5320,circle,3.8696,1.1837,2.0002,2.0401,4.8815,-0.0419,3.0014,1.7654
1780125920.421596,59.6250,circle,3.8696,1.1837,2.0002,2.0401,4.8815,0.1990,3.0013,1.8146
1780125920.531719,59.7350,circle,3.8140,1.3723,2.0002,2.0909,4.8815,0.1990,3.0013,1.8146
1780125920.635357,59.8440,circle,3.8140,1.3723,2.0002,2.0909,4.8703,0.4400,3.0013,1.8649
1780125920.750399,59.9530,circle,3.8140,1.3723,2.0002,2.0909,4.8703,0.4400,3.0013,1.8649
1780125920.938600,60.1410,circle,3.7361,1.5609,2.0001,2.1347,4.8481,0.6809,3.0012,1.9177
1780125921.046443,60.2500,circle,3.7361,1.5609,2.0001,2.1347,4.8481,0.6809,3.0012,1.9177
1780125921.149416,60.3600,circle,3.6583,1.7389,2.0001,2.1823,4.8036,0.9323,3.0012,1.9721
1780125921.254901,60.4690,circle,3.6583,1.7389,2.0001,2.1823,4.8036,0.9323,3.0011,1.9721
1780125921.371470,60.5780,circle,3.5694,1.9170,2.0000,2.2580,4.8036,0.9323,3.0011,1.9721
1780125921.477774,60.6880,circle,3.5694,1.9170,2.0000,2.2580,4.7591,1.1628,3.0009,2.0137
1780125921.583806,60.7970,circle,3.4582,2.1056,2.0000,2.3161,4.7591,1.1628,3.0009,2.0137
1780125921.686326,60.8910,circle,3.4582,2.1056,2.0000,2.3161,4.7035,1.3933,3.0007,2.0580
1780125921.787082,61.0000,circle,3.4582,2.1056,2.0000,2.3161,4.7035,1.3933,3.0007,2.0580
1780125921.895928,61.1100,circle,3.3470,2.2837,2.0000,2.3577,4.6257,1.6237,3.0004,2.1165
1780125922.004903,61.2190,circle,3.3470,2.2837,2.0000,2.3577,4.6257,1.6237,3.0004,2.1165
1780125922.118532,61.3280,circle,3.2135,2.4513,1.9999,2.4020,4.6257,1.6237,3.0004,2.1165
1780125922.228603,61.4380,circle,3.2135,2.4513,1.9999,2.4020,4.5368,1.8542,3.0001,2.1749
1780125922.332867,61.5470,circle,3.0801,2.6189,1.9999,2.4540,4.5368,1.8542,3.0001,2.1749
1780125922.440778,61.6410,circle,3.0801,2.6189,1.9999,2.4540,4.4367,2.0742,2.9998,2.2223
1780125922.550647,61.7500,circle,3.0801,2.6189,1.9999,2.4540,4.4367,2.0742,2.9998,2.2223
1780125922.650972,61.8600,circle,2.9467,2.7760,1.9998,2.5068,4.3255,2.2942,2.9996,2.2640
1780125922.760506,61.9690,circle,2.9467,2.7760,1.9998,2.5068,4.3255,2.2942,2.9996,2.2640
1780125922.872509,62.0780,circle,2.8021,2.9227,1.9998,2.5566,4.3255,2.2942,2.9996,2.2640
1780125922.980949,62.1880,circle,2.8021,2.9227,1.9998,2.5566,4.2032,2.4932,2.9993,2.3117
1780125923.216517,62.4220,circle,2.8021,2.9227,1.9998,2.5566,4.2032,2.4932,2.9993,2.3117
1780125923.326833,62.5320,circle,2.6464,3.0693,1.9998,2.6081,4.0697,2.7027,2.9989,2.3659
1780125923.437191,62.6410,circle,2.6464,3.0693,1.9998,2.6081,3.9363,2.9017,2.9989,2.4168
1780125923.546779,62.7500,circle,2.4796,3.2055,2.0000,2.6893,3.9363,2.9017,2.9985,2.4168
1780125923.656407,62.8600,circle,2.4796,3.2055,2.0000,2.6893,3.9363,2.9017,2.9985,2.4168
1780125923.765924,62.9690,circle,2.2906,3.3312,2.0005,2.7583,3.7806,3.0903,2.9983,2.4647
1780125923.870208,63.0780,circle,2.2906,3.3312,2.0005,2.7583,3.7806,3.0903,2.9983,2.4647
1780125924.149484,63.3600,circle,2.1016,3.4569,2.0005,2.8045,3.6138,3.2789,2.9988,2.5209
1780125924.253839,63.4530,circle,2.1016,3.4569,2.0011,2.8045,3.6138,3.2789,2.9988,2.5209
1780125924.369733,63.5780,circle,2.1016,3.4569,2.0011,2.8045,3.4248,3.4569,2.9999,2.5817
1780125924.481913,63.6880,circle,1.9014,3.5722,2.0015,2.8617,3.4248,3.4569,2.9999,2.5817
1780125924.591092,63.7970,circle,1.9014,3.5722,2.0015,2.8617,3.2358,3.6350,2.9999,2.6377
1780125924.700907,63.9070,circle,1.6902,3.6769,2.0018,2.9072,3.2358,3.6350,3.0008,2.6377
1780125924.802961,64.0160,circle,1.6902,3.6769,2.0018,2.9072,3.0467,3.7922,3.0008,2.6890
1780125924.911566,64.1250,circle,1.4789,3.7607,2.0018,2.9633,3.0467,3.7922,3.0015,2.6890
1780125925.019836,64.2350,circle,1.4789,3.7607,2.0020,2.9633,3.0467,3.7922,3.0015,2.6890
1780125925.128786,64.3280,circle,1.2565,3.8445,2.0023,3.0173,2.8577,3.9493,3.0018,2.7404
1780125925.238417,64.4530,circle,1.2565,3.8445,2.0023,3.0173,2.8577,3.9493,3.0018,2.7404
1780125925.349952,64.5630,circle,1.2565,3.8445,2.0023,3.0173,2.6464,4.0960,3.0019,2.7920
1780125925.463502,64.6720,circle,1.0452,3.9074,2.0024,3.0668,2.6464,4.0960,3.0019,2.7920
1780125925.568492,64.7820,circle,1.0452,3.9074,2.0024,3.0668,2.4240,4.2217,3.0020,2.8463
1780125925.677230,64.8910,circle,0.8340,3.9598,2.0023,3.1168,2.4240,4.2217,3.0020,2.8463
1780125925.787243,65.0000,circle,0.8340,3.9598,2.0023,3.1168,2.4240,4.2217,3.0020,2.8463
1780125925.898348,65.1100,circle,0.6227,4.0017,2.0020,-3.1161,2.2017,4.3369,3.0020,2.8985
1780125926.001381,65.2030,circle,0.6227,4.0017,2.0020,-3.1161,2.2017,4.3369,3.0020,2.8985
1780125926.101952,65.3130,circle,0.6227,4.0017,2.0020,-3.1161,1.9793,4.4521,3.0021,2.9467
1780125926.209372,65.4220,circle,0.4114,4.0331,2.0017,-3.0667,1.9793,4.4521,3.0021,2.9467
1780125926.319642,65.5320,circle,0.4114,4.0331,2.0017,-3.0667,1.7458,4.5464,3.0021,2.9959
1780125926.430267,65.6410,circle,0.2002,4.0540,2.0013,-3.0173,1.7458,4.5464,3.0021,2.9959
1780125926.539504,65.7500,circle,0.2002,4.0540,2.0013,-3.0173,1.5011,4.6302,3.0020,3.0470
1780125926.640895,65.8440,circle,0.0000,4.0540,2.0013,-2.9662,1.5011,4.6302,3.0020,3.0470
1780125926.755206,65.9690,circle,0.0000,4.0540,2.0009,-2.9662,1.5011,4.6302,3.0020,3.0470
1780125926.857111,66.0630,circle,0.0000,4.0540,2.0009,-2.9662,1.2565,4.7035,3.0018,3.0981
1780125926.967570,66.1720,circle,-0.2113,4.0540,2.0007,-2.9171,1.2565,4.7035,3.0018,3.0981
1780125927.075634,66.2820,circle,-0.2113,4.0540,2.0007,-2.9171,1.0119,4.7664,3.0017,-3.1355
1780125927.183316,66.3910,circle,-0.4114,4.0436,2.0005,-2.8679,1.0119,4.7664,3.0017,-3.1355
1780125927.291363,66.5000,circle,-0.4114,4.0436,2.0005,-2.8679,0.7561,4.8083,3.0017,-3.0844
1780125927.399685,66.6100,circle,-0.6116,4.0226,2.0004,-2.8169,0.7561,4.8083,3.0016,-3.0844
1780125927.509932,66.7190,circle,-0.6116,4.0226,2.0004,-2.8169,0.7561,4.8083,3.0016,-3.0844
1780125927.621667,66.8280,circle,-0.6116,4.0226,2.0004,-2.8169,0.5115,4.8502,3.0015,-3.0319
1780125927.729522,66.9380,circle,-0.8117,3.9912,2.0004,-2.7661,0.5115,4.8502,3.0015,-3.0319
1780125927.839916,67.0470,circle,-0.8117,3.9912,2.0004,-2.7661,0.2557,4.8711,3.0014,-2.9819
1780125927.961150,67.1720,circle,-1.0119,3.9388,2.0003,-2.7167,0.2557,4.8711,3.0014,-2.9819
1780125928.071258,67.2820,circle,-1.0119,3.9388,2.0003,-2.7167,0.0000,4.8816,3.0013,-2.9340
1780125928.186007,67.3910,circle,-1.2009,3.8864,2.0002,-2.6668,0.0000,4.8816,3.0013,-2.9340
1780125928.296528,67.5000,circle,-1.2009,3.8864,2.0002,-2.6668,-0.2446,4.8816,3.0012,-2.8849
1780125928.403974,67.6100,circle,-1.3899,3.8236,2.0001,-2.6162,-0.2446,4.8816,3.0012,-2.8849
1780125928.515968,67.7190,circle,-1.3899,3.8236,2.0001,-2.6162,-0.2446,4.8816,3.0012,-2.8849
1780125928.622176,67.8280,circle,-1.3899,3.8236,2.0001,-2.6162,-0.5004,4.8607,3.0010,-2.8345
1780125928.734122,67.9380,circle,-1.5790,3.7398,2.0001,-2.5658,-0.5004,4.8607,3.0010,-2.8345
1780125928.838487,68.0470,circle,-1.5790,3.7398,2.0001,-2.5658,-0.7450,4.8502,3.0008,-2.7819
1780125928.950469,68.1570,circle,-1.7680,3.6560,2.0001,-2.5160,-0.7450,4.8502,3.0008,-2.7819
1780125929.057532,68.2660,circle,-1.7680,3.6560,2.0001,-2.5160,-0.9896,4.8083,3.0007,-2.7317
1780125929.168611,68.3750,circle,-1.9459,3.5722,2.0000,-2.4663,-0.9896,4.8083,3.0007,-2.7317
1780125929.286508,68.5000,circle,-1.9459,3.5722,2.0000,-2.4663,-1.2231,4.7559,3.0006,-2.6836
1780125929.399415,68.6100,circle,-2.1127,3.4674,2.0000,-2.4166,-1.2231,4.7559,3.0006,-2.6836
1780125929.508635,68.7190,circle,-2.1127,3.4674,2.0000,-2.4166,-1.2231,4.7559,3.0006,-2.6836
1780125929.614466,68.8280,circle,-2.1127,3.4674,2.0000,-2.4166,-1.4567,4.6931,3.0005,-2.6336
1780125929.717513,68.9220,circle,-2.2906,3.3522,2.0000,-2.3659,-1.4567,4.6931,3.0005,-2.6336
1780125929.819866,69.0320,circle,-2.2906,3.3522,2.0000,-2.3659,-1.6902,4.6093,3.0005,-2.5829
1780125929.934017,69.1410,circle,-2.4463,3.2370,1.9999,-2.3159,-1.6902,4.6093,3.0003,-2.5829
1780125930.044100,69.2500,circle,-2.4463,3.2370,1.9999,-2.3159,-1.9237,4.5150,3.0003,-2.5322
1780125930.154973,69.3600,circle,-2.6131,3.1112,1.9998,-2.2667,-1.9237,4.5150,3.0001,-2.5322
1780125930.271591,69.4850,circle,-2.6131,3.1112,1.9998,-2.2667,-2.1461,4.4102,3.0001,-2.4825
1780125930.389822,69.5940,circle,-2.7576,2.9751,1.9998,-2.2166,-2.1461,4.4102,2.9998,-2.4825
1780125930.498800,69.7030,circle,-2.7576,2.9751,1.9998,-2.2166,-2.1461,4.4102,2.9998,-2.4825
1780125930.607360,69.8130,circle,-2.7576,2.9751,1.9998,-2.2166,-2.3573,4.2950,2.9996,-2.4334
1780125930.715298,69.9220,circle,-2.9022,2.8284,1.9998,-2.1664,-2.3573,4.2950,2.9996,-2.4334
1780125930.824427,70.0320,circle,-2.9022,2.8284,1.9998,-2.1664,-2.5686,4.1693,2.9994,-2.3809
1780125930.936308,70.1410,circle,-3.0467,2.6817,1.9998,-2.1149,-2.5686,4.1693,2.9994,-2.3809
1780125931.041331,70.2500,circle,-3.0467,2.6817,1.9998,-2.1149,-2.7799,4.0331,2.9994,-2.3294
1780125931.149614,70.3600,circle,-3.1691,2.5246,1.9998,-2.0656,-2.7799,4.0331,2.9989,-2.3294
1780125931.254939,70.4690,circle,-3.1691,2.5246,1.9998,-2.0656,-2.7799,4.0331,2.9989,-2.3294
1780125931.372554,70.5780,circle,-3.1691,2.5246,1.9998,-2.0656,-2.9689,3.8969,2.9989,-2.2792
1780125931.574266,70.7820,circle,-3.2914,2.3675,1.9998,-2.0155,-3.1691,3.7398,2.9981,-2.2286
1780125931.686483,70.8910,circle,-3.4137,2.1894,1.9998,-1.9599,-3.1691,3.7398,2.9981,-2.2286
1780125931.802356,71.0160,circle,-3.4137,2.1894,1.9998,-1.9599,-3.1691,3.7398,2.9981,-2.2286
1780125931.951440,71.1570,circle,-3.5138,2.0218,1.9998,-1.9085,-3.3470,3.5722,2.9980,-2.1765
1780125932.057812,71.2660,circle,-3.5138,2.0218,1.9998,-1.9085,-3.3470,3.5722,2.9980,-2.1765
1780125932.164069,71.3750,circle,-3.5138,2.0218,1.9998,-1.9085,-3.5249,3.3941,2.9988,-2.1246
1780125932.274108,71.4850,circle,-3.6138,1.8332,1.9998,-1.8510,-3.5249,3.3941,2.9988,-2.1246
1780125932.384780,71.5940,circle,-3.6138,1.8332,1.9998,-1.8510,-3.7028,3.2055,2.9997,-2.0722
1780125932.494280,71.7030,circle,-3.7028,1.6447,1.9998,-1.8007,-3.7028,3.2055,2.9997,-2.0722
1780125932.602971,71.8130,circle,-3.7028,1.6447,1.9998,-1.8007,-3.7028,3.2055,2.9997,-2.0722
1780125932.711959,71.9220,circle,-3.7806,1.4456,1.9998,-1.7524,-3.8585,3.0170,3.0005,-2.0227
1780125932.822852,72.0320,circle,-3.7806,1.4456,1.9998,-1.7524,-4.0030,2.8179,3.0005,-1.9737
1780125932.930061,72.1410,circle,-3.7806,1.4456,1.9998,-1.7524,-4.0030,2.8179,3.0009,-1.9737
1780125933.044239,72.2500,circle,-3.8473,1.2466,2.0003,-1.7012,-4.0030,2.8179,3.0009,-1.9737
1780125933.149990,72.3600,circle,-3.8473,1.2466,2.0003,-1.7012,-4.1365,2.6084,3.0009,-1.9220
1780125933.257109,72.4690,circle,-3.9141,1.0476,2.0008,-1.6546,-4.1365,2.6084,3.0009,-1.9220
1780125933.365999,72.5780,circle,-3.9141,1.0476,2.0008,-1.6546,-4.2699,2.3884,3.0008,-1.8710
1780125933.474167,72.6880,circle,-3.9585,0.8485,2.0012,-1.6047,-4.2699,2.3884,3.0008,-1.8710
1780125933.584627,72.7970,circle,-3.9585,0.8485,2.0012,-1.6047,-4.2699,2.3884,3.0008,-1.8710
1780125933.686198,72.8910,circle,-4.0030,0.6495,2.0015,-1.5612,-4.3811,2.1789,3.0008,-1.8230
1780125933.796619,73.0000,circle,-4.0030,0.6495,2.0015,-1.5612,-4.3811,2.1789,3.0008,-1.8230
1780125933.905109,73.1100,circle,-4.0030,0.6495,2.0015,-1.5612,-4.4812,1.9589,3.0009,-1.7751
1780125934.013456,73.2190,circle,-4.0253,0.4714,2.0018,-1.5596,-4.4812,1.9589,3.0009,-1.7751
1780125934.120955,73.3280,circle,-4.0253,0.4714,2.0018,-1.5596,-4.5701,1.7389,3.0011,-1.7289
1780125934.228431,73.4380,circle,-4.0475,0.3038,2.0020,-1.5784,-4.5701,1.7389,3.0011,-1.7289
1780125934.337773,73.5470,circle,-4.0475,0.3038,2.0020,-1.5784,-4.6479,1.5294,3.0013,-1.6970
1780125934.450933,73.6570,circle,-4.0586,0.1781,2.0020,-1.5848,-4.6479,1.5294,3.0013,-1.6970
1780125934.558483,73.7660,circle,-4.0586,0.1781,2.0021,-1.5848,-4.6479,1.5294,3.0013,-1.6970
1780125934.668356,73.8750,circle,-4.0586,0.1781,2.0021,-1.5848,-4.7258,1.3513,3.0014,-1.6816
1780125934.784557,73.9850,circle,-4.0586,0.0838,2.0019,-1.5797,-4.7258,1.3513,3.0014,-1.6816
1780125934.901460,74.1100,circle,-4.0586,0.0838,2.0019,-1.5797,-4.7814,1.1733,3.0015,-1.6698
1780125935.011458,74.2190,circle,-4.0586,0.0210,2.0015,-1.5760,-4.7814,1.1733,3.0015,-1.6698
1780125935.124020,74.3280,circle,-4.0586,0.0210,2.0015,-1.5760,-4.8370,1.0057,3.0015,-1.6526
1780125935.236616,74.4380,circle,-4.0586,-0.0210,2.0011,-1.5770,-4.8370,1.0057,3.0016,-1.6526
1780125935.350473,74.5630,circle,-4.0586,-0.0210,2.0011,-1.5770,-4.8815,0.8485,3.0016,-1.6335
1780125935.459440,74.6720,circle,-4.0475,-0.0419,2.0008,-1.5787,-4.8815,0.8485,3.0016,-1.6335
1780125935.569325,74.7820,circle,-4.0475,-0.0419,2.0008,-1.5787,-4.8815,0.8485,3.0016,-1.6335
1780125935.672155,74.8750,circle,-4.0475,-0.0419,2.0008,-1.5787,-4.9148,0.7019,3.0015,-1.6204
1780125935.779822,74.9850,circle,-4.0475,-0.0524,2.0006,-1.5787,-4.9148,0.7019,3.0015,-1.6204
1780125935.887081,75.0940,circle,-4.0475,-0.0524,2.0006,-1.5787,-4.9482,0.5762,3.0013,-1.6156
1780125935.993930,75.2030,circle,-4.0475,-0.0524,2.0006,-1.5781,-4.9482,0.5762,3.0013,-1.6156
1780125936.105471,75.3130,circle,-4.0475,-0.0524,2.0005,-1.5781,-4.9704,0.4609,3.0013,-1.6116
1780125936.217231,75.4220,circle,-4.0475,-0.0419,2.0005,-1.5780,-4.9704,0.4609,3.0010,-1.6116
1780125936.324159,75.5320,circle,-4.0475,-0.0419,2.0004,-1.5780,-4.9704,0.4609,3.0010,-1.6116
1780125936.435778,75.6410,circle,-4.0475,-0.0419,2.0004,-1.5780,-4.9927,0.3562,3.0008,-1.6048
1780125936.544380,75.7500,circle,-4.0475,-0.0419,2.0003,-1.5781,-4.9927,0.3562,3.0008,-1.6048
1780125936.644429,75.8440,circle,-4.0475,-0.0419,2.0003,-1.5781,-5.0038,0.2724,3.0006,-1.5982
1780125936.745644,75.9530,circle,-4.0475,-0.0419,2.0003,-1.5781,-5.0038,0.2724,3.0006,-1.5982
1780125936.848738,76.0630,circle,-4.0475,-0.0419,2.0003,-1.5781,-5.0038,0.2724,3.0006,-1.5982
1780125936.949565,76.1570,circle,-4.0475,-0.0419,2.0003,-1.5781,-5.0149,0.2095,3.0005,-1.5982
1780125937.092791,76.2970,circle,-4.0364,-0.0314,2.0002,-1.5783,-5.0149,0.2095,3.0005,-1.5982
1780125937.219909,76.4220,return,-4.0364,-0.0314,2.0002,-1.5783,-5.0149,0.1676,3.0004,-1.6017
1780125937.324133,76.5320,return,-4.0364,-0.0210,2.0000,-1.5691,-5.0149,0.1676,3.0004,-1.6017
1780125937.436630,76.6410,return,-4.0364,-0.0210,2.0000,-1.5691,-5.0149,0.1571,3.0002,-1.6027
1780125937.538802,76.7500,return,-4.0364,-0.0210,1.9999,-1.3865,-5.0149,0.1571,3.0002,-1.6027
1780125937.641939,76.8440,return,-4.0364,-0.0210,1.9999,-1.3865,-5.0260,0.1467,3.0000,-1.6018
1780125937.749439,76.9530,return,-4.0364,-0.0210,1.9999,-1.3865,-5.0260,0.1467,3.0000,-1.6018
1780125937.859028,77.0630,return,-4.0364,-0.0210,1.9999,-1.0117,-5.0260,0.1467,3.0000,-1.6018
1780125937.969671,77.1720,return,-4.0364,-0.0210,1.9999,-1.0117,-5.0260,0.1362,2.9998,-1.6011
1780125938.086720,77.2970,return,-4.0364,-0.0210,1.9998,-0.6781,-5.0260,0.1362,2.9998,-1.6011
1780125938.202302,77.4070,return,-4.0364,-0.0210,1.9998,-0.6781,-5.0260,0.1362,2.9996,-1.6012
1780125938.318867,77.5320,return,-4.0364,-0.0210,1.9998,-0.6781,-5.0260,0.1362,2.9996,-1.6012
1780125938.471714,77.6720,return,-4.0364,-0.0210,1.9997,-0.4382,-5.0260,0.1257,2.9996,-1.6016
1780125938.591462,77.7970,return,-4.0364,-0.0210,1.9996,-0.1686,-5.0260,0.1257,2.9995,-1.6016
1780125938.703708,77.9070,return,-4.0364,-0.0210,1.9996,-0.0668,-5.0260,0.1257,2.9995,-1.6015
1780125938.805947,78.0160,return,-4.0253,-0.0210,1.9996,0.0545,-5.0260,0.1257,2.9994,-1.6014
1780125938.919000,78.1250,return,-4.0253,-0.0210,1.9996,0.0876,-5.0260,0.1257,2.9994,-1.6015
1780125939.035120,78.2350,return,-4.0253,-0.0210,1.9996,0.1111,-5.0260,0.1257,2.9995,-1.6015
1780125939.143844,78.3440,return,-4.0253,-0.0210,1.9995,0.0839,-5.0260,0.1257,2.9995,-1.6015
1780125939.253358,78.4530,return,-4.0253,-0.0210,1.9995,0.0459,-5.0260,0.1257,2.9987,-1.5979
1780125939.367711,78.5780,return,-4.0253,-0.0210,1.9995,0.0021,-5.0260,0.1257,2.9934,-1.5741
1780125939.481446,78.6880,return,-4.0253,-0.0210,1.9995,-0.0226,-5.0260,0.1257,2.9805,-1.5102
1780125939.585428,78.7970,return,-4.0253,-0.0210,1.9995,-0.0337,-5.0260,0.1152,2.9585,-1.4023
1780125939.701475,78.9070,return,-4.0253,-0.0210,1.9994,-0.0300,-5.0260,0.1048,2.9027,-1.1732
1780125939.813471,79.0160,return,-4.0253,-0.0105,1.9994,-0.0196,-5.0260,0.1048,2.8644,-1.0481
1780125939.916848,79.1250,return,-4.0253,-0.0105,1.9994,-0.0051,-5.0260,0.0943,2.7934,-0.8691
1780125940.026338,79.2350,return,-4.0253,-0.0105,1.9994,0.0043,-5.0260,0.0838,2.7075,-0.7125
1780125940.133941,79.3440,return,-4.0253,-0.0105,1.9994,0.0103,-5.0260,0.0733,2.6446,-0.6224
1780125940.234503,79.4380,return,-4.0253,-0.0105,1.9994,0.0103,-5.0260,0.0629,2.5468,-0.5047
1780125940.350972,79.5630,return,-4.0253,-0.0105,1.9994,0.0067,-5.0260,0.0524,2.4648,-0.4158
1780125940.461400,79.6720,return,-4.0253,-0.0105,1.9994,0.0027,-5.0260,0.0419,2.3695,-0.3104
1780125940.567491,79.7820,return,-4.0253,-0.0105,1.9995,-0.0013,-5.0260,0.0314,2.2940,-0.2182
1780125940.671379,79.8750,return,-4.0253,-0.0105,1.9995,-0.0034,-5.0260,0.0210,2.2237,-0.1198
1780125940.785772,80.0000,return,-4.0253,0.0000,1.9995,-0.0037,-5.0260,0.0210,2.1366,0.0137
1780125940.889955,80.0940,return,-4.0253,0.0000,1.9995,-0.0027,-5.0260,0.0105,2.0830,0.0795
1780125940.996442,80.2030,return,-4.0253,0.0000,1.9995,-0.0014,-5.0260,0.0105,2.0371,0.1069
1780125941.104474,80.3130,return,-4.0253,0.0000,1.9995,-0.0005,-5.0260,0.0000,1.9931,0.0942
1780125941.218526,80.4220,return,-4.0253,0.0000,1.9995,0.0006,-5.0260,0.0000,1.9659,0.0607
1780125941.332253,80.5470,return,-4.0253,0.0000,1.9995,0.0009,-5.0260,-0.0105,1.9470,0.0216
1780125941.443493,80.6570,return,-4.0253,0.0000,1.9995,0.0008,-5.0260,-0.0105,1.9355,-0.0141
1780125941.552441,80.7660,return,-4.0253,0.0000,1.9995,0.0002,-5.0260,-0.0105,1.9329,-0.0292
1780125941.655319,80.8600,return,-4.0253,0.0000,1.9996,-0.0001,-5.0149,-0.0105,1.9354,-0.0304
1780125942.055560,81.2660,return,-4.0141,0.0000,1.9996,-0.0004,-5.0149,-0.0105,1.9427,-0.0199
1780125942.180512,81.3910,return,-4.0141,-0.0105,1.9996,-0.0006,-5.0149,-0.0210,1.9587,0.0000
1780125942.295758,81.5000,return,-4.0141,-0.0105,1.9996,-0.0007,-5.0149,-0.0210,1.9782,0.0099
1780125942.399608,81.6100,return,-4.0141,-0.0105,1.9998,-0.0006,-5.0149,-0.0210,1.9910,0.0095
1780125942.508523,81.7190,return,-4.0141,-0.0105,2.0000,-0.0004,-5.0149,-0.0210,2.0017,0.0065
1780125942.617819,81.8280,return,-4.0141,-0.0105,2.0002,-0.0003,-5.0149,-0.0210,2.0131,0.0020
1780125942.732896,81.9380,return,-4.0141,-0.0105,2.0004,-0.0002,-5.0149,-0.0210,2.0212,-0.0011
1780125942.840385,82.0470,return,-4.0030,-0.0105,2.0006,-0.0002,-5.0149,-0.0210,2.0286,-0.0032
1780125942.949466,82.1570,return,-4.0030,-0.0105,2.0007,-0.0003,-5.0149,-0.0210,2.0332,-0.0036
1780125943.058489,82.2660,return,-4.0030,-0.0105,2.0009,-0.0003,-5.0038,-0.0210,2.0370,-0.0024
1780125943.178585,82.3910,return,-4.0030,-0.0105,2.0010,-0.0002,-5.0038,-0.0210,2.0382,-0.0012
1780125943.292737,82.5000,return,-4.0030,-0.0105,2.0011,-0.0001,-5.0038,-0.0210,2.0382,0.0001
1780125943.404452,82.6100,return,-4.0030,-0.0105,2.0012,-0.0001,-5.0038,-0.0210,2.0375,0.0008
1780125943.514121,82.7190,return,-4.0030,-0.0105,2.0013,-0.0002,-5.0038,-0.0210,2.0362,0.0009
1780125943.623014,82.8280,return,-3.9919,-0.0105,2.0014,-0.0003,-5.0038,-0.0210,2.0349,0.0007
1780125943.732283,82.9380,return,-3.9919,-0.0105,2.0015,-0.0003,-5.0038,-0.0210,2.0333,0.0002
1780125943.861806,83.0630,return,-3.9919,-0.0105,2.0016,-0.0003,-5.0038,-0.0210,2.0333,0.0001
1780125944.003376,83.2030,return,-3.9919,-0.0105,2.0017,-0.0002,-5.0038,-0.0210,2.0304,-0.0005
1780125944.114480,83.3280,return,-3.9919,-0.0105,2.0017,-0.0002,-5.0038,-0.0210,2.0296,-0.0005
1780125944.224931,83.4380,return,-3.9919,-0.0105,2.0018,-0.0003,-5.0038,-0.0210,2.0283,-0.0002
1780125944.338565,83.5470,return,-3.9919,-0.0105,2.0017,-0.0002,-5.0038,-0.0210,2.0276,-0.0000
1780125944.445237,83.6570,return,-3.9919,-0.0105,2.0016,-0.0002,-5.0038,-0.0210,2.0272,0.0001
1780125944.555139,83.7660,return,-3.9919,-0.0105,2.0015,-0.0001,-5.0038,-0.0210,2.0270,0.0001
1780125944.664998,83.8750,return,-3.9808,-0.0105,2.0013,-0.0002,-5.0038,-0.0210,2.0267,0.0001
1780125944.780775,83.9850,return,-3.9808,-0.0105,2.0011,-0.0002,-5.0038,-0.0210,2.0265,0.0000
1780125944.891651,84.0940,return,-3.9808,-0.0105,2.0010,-0.0003,-5.0038,-0.0210,2.0264,0.0000
1780125945.005205,84.2190,return,-3.9808,-0.0105,2.0008,-0.0003,-5.0038,-0.0210,2.0260,-0.0000
1780125945.114475,84.3280,return,-3.9808,-0.0105,2.0007,-0.0002,-5.0038,-0.0210,2.0259,-0.0000
1780125945.222490,84.4220,return,-3.9808,-0.0105,2.0006,-0.0002,-5.0038,-0.0210,2.0258,-0.0001
1780125945.334477,84.5470,return,-3.9808,-0.0105,2.0006,-0.0002,-4.9927,-0.0210,2.0257,-0.0001
1780125945.439447,84.6410,return,-3.9808,-0.0105,2.0005,-0.0003,-4.9927,-0.0210,2.0258,-0.0001
1780125945.552991,84.7660,return,-3.9808,-0.0105,2.0005,-0.0003,-4.9927,-0.0210,2.0259,-0.0001
1780125945.718364,84.9220,return,-3.9808,-0.0105,2.0004,-0.0002,-4.9927,-0.0210,2.0263,-0.0000
1780125945.874149,85.0780,return,-3.9808,-0.0105,2.0004,-0.0002,-4.9927,-0.0210,2.0264,0.0000
1780125945.984988,85.1880,return,-3.9808,-0.0105,2.0003,-0.0003,-4.9927,-0.0210,2.0266,-0.0000
1780125946.094962,85.2970,return,-3.9808,-0.0105,2.0003,-0.0003,-4.9927,-0.0210,2.0269,-0.0001
1780125946.201103,85.4070,return,-3.9808,-0.0105,2.0002,-0.0002,-4.9927,-0.0210,2.0270,-0.0000
1780125946.303936,85.5160,return,-3.9808,-0.0105,2.0002,-0.0002,-4.9927,-0.0210,2.0271,0.0001
1780125946.420385,85.6250,return,-3.9808,-0.0105,2.0001,-0.0002,-4.9927,-0.0210,2.0271,0.0001
1780125946.536988,85.7500,return,-3.9808,-0.0105,2.0001,-0.0003,-4.9927,-0.0210,2.0272,0.0001
1780125946.651059,85.8600,return,-3.9808,-0.0105,2.0001,-0.0002,-4.9927,-0.0210,2.0272,-0.0000
1780125946.766948,85.9690,return,-3.9697,-0.0210,2.0000,-0.0002,-4.9927,-0.0210,2.0272,-0.0000
1780125946.873954,86.0780,return,-3.9697,-0.0210,2.0000,-0.0001,-4.9927,-0.0210,2.0273,-0.0001
1780125946.990992,86.2030,return,-3.9697,-0.0210,2.0000,-0.0001,-4.9815,-0.0210,2.0273,-0.0001
1780125947.105693,86.3130,return,-3.9697,-0.0210,2.0000,-0.0002,-4.9815,-0.0210,2.0273,-0.0001
1780125947.214077,86.4220,return,-3.9697,-0.0210,1.9999,-0.0002,-4.9815,-0.0210,2.0273,-0.0000
1780125947.325018,86.5320,return,-3.9697,-0.0210,1.9999,-0.0002,-4.9815,-0.0210,2.0273,0.0001
1780125947.523737,86.7350,return,-3.9697,-0.0210,1.9999,-0.0002,-4.9815,-0.0210,2.0273,0.0000
1780125947.789681,87.0000,return,-3.9697,-0.0210,1.9999,-0.0002,-4.9815,-0.0210,2.0273,-0.0000
1780125947.902888,87.1100,return,-3.9697,-0.0210,1.9999,-0.0003,-4.9815,-0.0210,2.0272,0.0000
1780125948.007452,87.2190,return,-3.9697,-0.0210,1.9998,-0.0003,-4.9815,-0.0210,2.0272,0.0000
1780125948.115819,87.3280,return,-3.9697,-0.0210,1.9998,-0.0002,-4.9815,-0.0210,2.0272,0.0000
1780125948.219361,87.4220,return,-3.9697,-0.0210,1.9998,-0.0001,-4.9815,-0.0210,2.0271,-0.0001
1780125948.322639,87.5320,return,-3.9697,-0.0210,1.9998,-0.0001,-4.9815,-0.0210,2.0271,-0.0001
1780125948.436897,87.6410,return,-3.9697,-0.0210,1.9998,-0.0002,-4.9815,-0.0210,2.0271,-0.0000
1780125948.552464,87.7660,return,-3.9697,-0.0210,1.9998,-0.0003,-4.9815,-0.0210,2.0270,0.0000
1780125948.655545,87.8600,return,-3.9697,-0.0210,1.9998,-0.0003,-4.9815,-0.0210,2.0270,-0.0000
1780125948.763712,87.9690,return,-3.9697,-0.0210,1.9998,-0.0003,-4.9815,-0.0210,2.0270,-0.0001
1780125948.866932,88.0780,return,-3.9697,-0.0210,1.9998,-0.0002,-4.9815,-0.0210,2.0270,-0.0001
1780125948.983453,88.1880,return,-3.9697,-0.0210,1.9998,-0.0002,-4.9815,-0.0210,2.0270,-0.0000
1780125949.088408,88.2970,return,-3.9697,-0.0210,1.9998,-0.0002,-4.9815,-0.0210,2.0270,0.0001
1780125949.190496,88.3910,return,-3.9697,-0.0210,1.9998,-0.0002,-4.9815,-0.0210,2.0270,0.0001
1780125949.302823,88.5160,return,-3.9697,-0.0210,1.9997,-0.0003,-4.9815,-0.0210,2.0269,0.0001
1780125949.418432,88.6250,return,-3.9697,-0.0210,1.9997,-0.0003,-4.9815,-0.0210,2.0269,-0.0000
1780125949.522835,88.7350,return,-3.9697,-0.0210,1.9997,-0.0002,-4.9815,-0.0210,2.0269,-0.0001
1780125949.625046,88.8280,return,-3.9697,-0.0210,1.9997,-0.0002,-4.9815,-0.0210,2.0269,-0.0001
1780125949.733481,88.9380,return,-3.9697,-0.0210,1.9997,-0.0003,-4.9815,-0.0210,2.0269,-0.0000
1780125949.838243,89.0470,return,-3.9697,-0.0210,1.9997,-0.0003,-4.9815,-0.0210,2.0269,0.0000
1780125949.940613,89.1410,return,-3.9697,-0.0210,1.9997,-0.0003,-4.9815,-0.0210,2.0269,-0.0000
1780125950.049948,89.2500,return,-3.9697,-0.0210,1.9997,-0.0002,-4.9815,-0.0210,2.0269,-0.0001
1780125950.155853,89.3600,return,-3.9697,-0.0210,1.9998,-0.0002,-4.9815,-0.0210,2.0269,-0.0001
1780125950.273107,89.4850,return,-3.9697,-0.0210,1.9999,-0.0002,-4.9815,-0.0210,2.0269,-0.0001
1780125950.388495,89.5940,return,-3.9697,-0.0210,1.9999,-0.0002,-4.9815,-0.0210,2.0269,-0.0000
1780125950.496055,89.7030,return,-3.9697,-0.0105,2.0003,-0.0002,-4.9815,-0.0210,2.0269,-0.0000
1780125950.605298,89.8130,return,-3.9697,-0.0105,2.0003,-0.0002,-4.9815,-0.0210,2.0270,-0.0001
1780125950.720560,89.9220,return,-3.9697,-0.0105,2.0007,-0.0002,-4.9815,-0.0210,2.0270,-0.0001
1780125950.835139,90.0470,land_L,-3.9697,-0.0105,2.0007,-0.0002,-4.9815,-0.0210,2.0270,0.0000
1780125950.949979,90.1570,land_L,-3.9697,-0.0105,2.0004,-0.0002,-4.9815,-0.0210,2.0270,0.0001
1780125951.058852,90.2660,land_L,-3.9697,-0.0105,2.0004,-0.0002,-4.9815,-0.0105,2.0270,0.0000
1780125951.164810,90.3750,land_L,-3.9697,-0.0105,2.0004,-0.0002,-4.9815,-0.0105,2.0270,-0.0000
1780125951.271139,90.4850,land_L,-3.9697,-0.0105,1.9749,-0.0002,-4.9815,-0.0105,2.0270,-0.0000
1780125951.380583,90.5940,land_L,-3.9697,-0.0105,1.9749,-0.0002,-4.9815,-0.0105,2.0270,0.0001
1780125951.489468,90.7030,land_L,-3.9697,-0.0105,1.8947,-0.0002,-4.9815,-0.0105,2.0269,0.0001
1780125951.598376,90.8130,land_L,-3.9697,-0.0105,1.8947,-0.0002,-4.9815,-0.0105,2.0269,0.0001
1780125951.706127,90.9070,land_L,-3.9697,-0.0105,1.7777,-0.0002,-4.9815,-0.0105,2.0269,-0.0000
1780125951.815709,91.0160,land_L,-3.9697,-0.0105,1.7777,-0.0002,-4.9815,-0.0105,2.0269,-0.0001
1780125951.924456,91.1250,land_L,-3.9697,-0.0105,1.7777,-0.0002,-4.9815,-0.0105,2.0269,-0.0001
1780125952.032369,91.2350,land_L,-3.9697,-0.0105,1.6446,-0.0002,-4.9815,-0.0105,2.0268,-0.0001
1780125952.141403,91.3440,land_L,-3.9697,-0.0105,1.6446,-0.0002,-4.9815,-0.0105,2.0269,-0.0000
1780125952.250631,91.4530,land_L,-3.9697,-0.0105,1.5078,-0.0002,-4.9815,-0.0105,2.0269,-0.0000
1780125952.503516,91.7030,land_L,-3.9697,-0.0105,1.5078,-0.0002,-4.9815,-0.0105,2.0269,-0.0001
1780125952.633482,91.8440,land_L,-3.9697,-0.0105,1.3728,-0.0002,-4.9815,-0.0105,2.0269,-0.0001
1780125952.739642,91.9530,land_L,-3.9697,-0.0105,1.3728,-0.0002,-4.9815,-0.0105,2.0269,-0.0001
1780125952.846438,92.0470,land_L,-3.9697,-0.0105,1.2414,-0.0002,-4.9815,-0.0105,2.0269,-0.0001
1780125952.955734,92.1570,land_L,-3.9697,-0.0105,1.2414,-0.0002,-4.9815,-0.0105,2.0269,0.0000
1780125953.064874,92.2660,land_L,-3.9697,-0.0105,1.2414,-0.0002,-4.9815,-0.0105,2.0269,0.0000
1780125953.173613,92.3750,land_L,-3.9697,-0.0105,1.1137,-0.0002,-4.9815,-0.0105,2.0270,-0.0001
1780125953.282511,92.4850,land_L,-3.9697,-0.0105,1.1137,-0.0002,-4.9815,-0.0105,2.0270,-0.0001
1780125953.389012,92.5940,land_L,-3.9697,-0.0105,0.9885,-0.0002,-4.9815,-0.0105,2.0270,-0.0001
1780125953.497664,92.7030,land_L,-3.9697,-0.0105,0.9885,-0.0002,-4.9815,-0.0105,2.0269,0.0000
1780125953.606843,92.8130,land_L,-3.9697,-0.0105,0.8642,-0.0002,-4.9815,-0.0105,2.0269,0.0000
1780125953.721425,92.9220,land_L,-3.9697,-0.0105,0.8642,-0.0002,-4.9815,-0.0105,2.0269,-0.0001
1780125953.838391,93.0470,land_L,-3.9697,-0.0105,0.7406,-0.0002,-4.9815,-0.0105,2.0269,-0.0001
1780125953.947238,93.1570,land_L,-3.9697,-0.0105,0.7406,-0.0002,-4.9815,-0.0105,2.0269,-0.0001
1780125954.055304,93.2660,land_L,-3.9808,-0.0105,0.7406,-0.0001,-4.9815,-0.0105,2.0269,-0.0001
1780125954.163953,93.3750,land_L,-3.9808,-0.0105,0.6168,-0.0001,-4.9815,-0.0105,2.0269,0.0001
1780125954.274966,93.4850,land_L,-3.9808,-0.0105,0.6168,-0.0001,-4.9815,-0.0105,2.0269,0.0001
1780125954.381039,93.5940,land_L,-3.9808,-0.0105,0.4930,-0.0001,-4.9815,-0.0105,2.0269,0.0001
1780125954.486847,93.6880,land_L,-3.9808,-0.0105,0.4930,-0.0001,-4.9815,-0.0105,2.0269,-0.0001
1780125954.753314,93.9530,land_L,-3.9808,-0.0105,0.3689,-0.0002,-4.9815,-0.0105,2.0269,-0.0000
1780125954.900321,94.1100,land_L,-3.9808,-0.0105,0.2444,-0.0002,-4.9815,-0.0105,2.0269,-0.0000
1780125955.007286,94.2190,land_L,-3.9808,-0.0105,0.2444,-0.0002,-4.9815,-0.0105,2.0269,-0.0000
1780125955.116558,94.3280,land_L,-3.9697,-0.0105,0.1197,-0.0003,-4.9815,-0.0105,2.0269,-0.0000
1780125955.222148,94.4220,land_L,-3.9697,-0.0105,0.1197,-0.0003,-4.9815,-0.0105,2.0270,0.0000
1780125955.337221,94.5470,land_L,-3.9697,-0.0105,0.1197,-0.0002,-4.9815,-0.0105,2.0270,0.0000
1780125955.439829,94.6410,land_L,-3.9697,-0.0105,0.0097,-0.0002,-4.9815,-0.0105,2.0270,-0.0001
1780125955.543287,94.7500,land_L,-3.9697,-0.0105,0.0097,-0.0002,-4.9815,-0.0105,2.0274,-0.0001
1780125955.651453,94.8600,land_L,-3.9808,-0.0105,0.0331,-0.0003,-4.9815,-0.0105,2.0274,-0.0001
1780125955.762485,94.9690,land_L,-3.9808,-0.0105,0.0331,-0.0003,-4.9815,-0.0105,2.0277,-0.0000
1780125955.870423,95.0780,land_L,-3.9808,-0.0105,0.0317,-0.0003,-4.9815,-0.0105,2.0277,-0.0000
1780125955.983077,95.1880,land_L,-3.9808,-0.0105,0.0317,-0.0003,-4.9815,-0.0105,2.0280,-0.0000
1780125956.087265,95.2970,land_L,-3.9808,-0.0105,0.0317,-0.0003,-4.9815,-0.0105,2.0280,-0.0000
1780125956.195666,95.4070,land_L,-3.9808,-0.0105,0.0256,-0.0003,-4.9815,-0.0105,2.0282,-0.0000
1780125956.310186,95.5160,land_L,-3.9808,-0.0105,0.0256,-0.0003,-4.9815,-0.0105,2.0282,-0.0000
1780125956.419871,95.6250,land_L,-3.9808,-0.0105,0.0248,-0.0003,-4.9815,-0.0105,2.0282,-0.0000
1780125956.536999,95.7500,land_L,-3.9808,-0.0105,0.0248,-0.0003,-4.9815,-0.0105,2.0285,-0.0001
1780125956.648782,95.8600,land_S,-3.9808,-0.0105,0.0234,-0.0003,-4.9815,-0.0105,2.0285,-0.0001
1780125956.755116,95.9690,land_S,-3.9808,-0.0105,0.0234,-0.0003,-4.9815,-0.0105,2.0285,0.0000
1780125956.864420,96.0780,land_S,-3.9808,-0.0105,0.0223,-0.0003,-4.9815,-0.0105,2.0285,0.0000
1780125956.972560,96.1720,land_S,-3.9808,-0.0105,0.0223,-0.0003,-4.9815,-0.0105,2.0168,0.0001
1780125957.089557,96.2970,land_S,-3.9808,-0.0105,0.0215,-0.0003,-4.9815,-0.0105,2.0168,0.0001
1780125957.200123,96.4070,land_S,-3.9808,-0.0105,0.0215,-0.0003,-4.9815,-0.0105,1.9557,0.0000
1780125957.302134,96.5160,land_S,-3.9808,-0.0105,0.0215,-0.0003,-4.9815,-0.0105,1.9557,0.0000
1780125957.413626,96.6250,land_S,-3.9808,-0.0105,0.0208,-0.0003,-4.9815,-0.0105,1.8495,-0.0000
1780125957.526006,96.7350,land_S,-3.9808,-0.0105,0.0208,-0.0003,-4.9815,-0.0105,1.8495,-0.0000
1780125957.867131,97.0780,land_S,-3.9808,-0.0105,0.0208,-0.0003,-4.9815,-0.0105,1.8495,-0.0000
1780125958.025913,97.2350,land_S,-3.9808,-0.0105,0.0193,-0.0003,-4.9927,-0.0105,1.7208,-0.0000
1780125958.178548,97.3910,land_S,-3.9808,-0.0105,0.0176,-0.0003,-4.9927,-0.0105,1.7208,-0.0000
1780125958.301173,97.5160,land_S,-3.9808,-0.0105,0.0160,-0.0003,-4.9927,-0.0105,1.5845,-0.0000
1780125958.405407,97.6100,land_S,-3.9808,-0.0105,0.0160,-0.0003,-4.9927,-0.0105,1.4471,-0.0000
1780125958.514311,97.7190,land_S,-3.9808,-0.0105,0.0160,-0.0003,-4.9927,-0.0105,1.4471,-0.0000
1780125958.618515,97.8280,land_S,-3.9808,-0.0105,0.0146,-0.0003,-4.9927,-0.0105,1.4471,-0.0000
1780125958.728544,97.9380,land_S,-3.9808,-0.0105,0.0146,-0.0003,-4.9927,0.0000,1.3143,-0.0000
1780125958.867183,98.0780,land_S,-3.9808,-0.0105,0.0146,-0.0003,-4.9927,0.0000,1.3143,-0.0000
1780125959.018787,98.2190,land_S,-3.9808,-0.0105,0.0135,-0.0004,-4.9927,0.0000,1.1851,-0.0000
1780125959.132240,98.3440,land_S,-3.9808,-0.0105,0.0125,-0.0004,-4.9927,0.0000,1.1851,-0.0000
1780125959.238387,98.4530,land_S,-3.9808,-0.0105,0.0125,-0.0004,-4.9927,0.0000,1.0598,-0.0000
1780125959.446815,98.6570,land_S,-3.9808,-0.0105,0.0125,-0.0004,-4.9927,0.0000,1.0598,-0.0000
1780125959.688460,98.8910,land_S,-3.9808,-0.0105,0.0109,-0.0004,-4.9927,0.0000,0.9354,-0.0000
1780125959.795481,99.0000,land_S,-3.9808,-0.0105,0.0109,-0.0004,-4.9927,0.0000,0.8115,-0.0000
1780125959.905988,99.1100,land_S,-3.9808,-0.0105,0.0109,-0.0004,-4.9927,0.0000,0.8115,-0.0000
1780125960.022953,99.2350,land_S,-3.9808,-0.0105,0.0103,-0.0004,-4.9927,0.0000,0.6874,-0.0000
1780125960.142756,99.3440,land_S,-3.9808,-0.0105,0.0103,-0.0004,-4.9927,0.0000,0.6874,-0.0000
1780125960.252686,99.4530,land_S,-3.9808,-0.0105,0.0097,-0.0004,-4.9927,0.0000,0.6874,-0.0000
1780125960.386307,99.5940,land_S,-3.9808,-0.0105,0.0097,-0.0004,-4.9927,0.0000,0.5628,-0.0000
1780125960.495309,99.7030,land_S,-3.9808,-0.0105,0.0092,-0.0004,-5.0038,0.0000,0.5628,0.0000
1780125960.602336,99.8130,land_S,-3.9808,-0.0105,0.0092,-0.0004,-5.0038,0.0000,0.4382,0.0000
1780125960.777237,99.9850,land_S,-3.9808,-0.0105,0.0088,-0.0004,-5.0038,0.0000,0.4382,0.0000
1780125960.903512,100.1100,land_S,-3.9808,-0.0105,0.0088,-0.0004,-5.0038,0.0000,0.3123,0.0000
1780125961.011825,100.2190,land_S,-3.9808,-0.0105,0.0085,-0.0004,-5.0038,0.0000,0.3123,0.0000
1780125961.122671,100.3280,land_S,-3.9808,-0.0105,0.0085,-0.0004,-5.0038,0.0000,0.1875,0.0000
1780125961.234727,100.4380,land_S,-3.9808,-0.0105,0.0082,-0.0004,-5.0038,0.0000,0.1875,0.0000
1780125961.336345,100.5470,land_S,-3.9808,-0.0105,0.0082,-0.0004,-5.0038,0.0000,0.0739,-0.0000
