time,lx,ly,lz,sx,sy,sz,fx,fy,fz,ex,ey,ez
0.3200671672821045,-3.2792675495147705,1.2900997400283813,0.8099498152732849,-3.2792675495147705,1.2900997400283813,1.309949815273285,0.08969563990831375,0.941501259803772,-3.603456497192383,-3.3689631894230843,0.3485984802246094,4.913406312465668
0.7813196182250977,-3.2797129154205322,1.2898008823394775,0.8099559545516968,-3.2797129154205322,1.2898008823394775,1.3099559545516968,0.11574003845453262,0.9338240027427673,-3.6256320476531982,-3.395452953875065,0.3559768795967102,4.935588002204895
0.8281311988830566,-3.280040740966797,1.2895026206970215,0.8099671602249146,-3.280040740966797,1.2895026206970215,1.3099671602249146,0.11574003845453262,0.9338240027427673,-3.6256320476531982,-3.3957807794213295,0.35567861795425415,4.935599207878113
0.9439218044281006,-3.280040740966797,1.2895026206970215,0.8099671602249146,-3.280040740966797,1.2895026206970215,1.3099671602249146,0.08514073491096497,0.8929139971733093,-3.6144325733184814,-3.365181475877762,0.39658862352371216,4.924399733543396
1.0665135383605957,-3.2803614139556885,1.2893035411834717,0.8099740147590637,-3.2803614139556885,1.2893035411834717,1.3099740147590637,0.08514073491096497,0.8929139971733093,-3.6144325733184814,-3.3655021488666534,0.39638954401016235,4.924406588077545
1.113114595413208,-3.2803614139556885,1.2893035411834717,0.8099740147590637,-3.2803614139556885,1.2893035411834717,1.3099740147590637,0.08514073491096497,0.8929139971733093,-3.6144325733184814,-3.3655021488666534,0.39638954401016235,4.924406588077545
1.1721112728118896,-3.2803614139556885,1.2893035411834717,0.8099740147590637,-3.2803614139556885,1.2893035411834717,1.3099740147590637,-0.01728534698486328,0.8891386389732361,-3.5696327686309814,-3.263076066970825,0.4001649022102356,4.879606783390045
1.2805726528167725,-3.2803614139556885,1.2893035411834717,0.8099740147590637,-3.2803614139556885,1.2893035411834717,1.3099740147590637,-0.01728534698486328,0.8891386389732361,-3.5696327686309814,-3.263076066970825,0.4001649022102356,4.879606783390045
1.3927741050720215,-3.2810263633728027,1.289341688156128,0.8099773526191711,-3.2810263633728027,1.289341688156128,1.3099773526191711,-0.26698774099349976,0.9135686159133911,-3.4343209266662598,-3.014038622379303,0.3757730722427368,4.744298279285431
1.4381890296936035,-3.2810263633728027,1.289341688156128,0.8099773526191711,-3.2810263633728027,1.289341688156128,1.3099773526191711,-0.26698774099349976,0.9135686159133911,-3.4343209266662598,-3.014038622379303,0.3757730722427368,4.744298279285431
1.4901797771453857,-3.2810263633728027,1.289341688156128,0.8099773526191711,-3.2810263633728027,1.289341688156128,1.3099773526191711,-0.26698774099349976,0.9135686159133911,-3.4343209266662598,-3.014038622379303,0.3757730722427368,4.744298279285431
1.541032314300537,-3.2810263633728027,1.289341688156128,0.8099773526191711,-3.2810263633728027,1.289341688156128,1.3099773526191711,-0.26698774099349976,0.9135686159133911,-3.4343209266662598,-3.014038622379303,0.3757730722427368,4.744298279285431
1.5914497375488281,-3.2813920974731445,1.2893072366714478,0.8099806904792786,-3.2813920974731445,1.2893072366714478,1.3099806904792786,-0.26698774099349976,0.9135686159133911,-3.4343209266662598,-3.0144043564796448,0.37573862075805664,4.744301617145538
1.6431331634521484,-3.2813920974731445,1.2893072366714478,0.8099806904792786,-3.2813920974731445,1.2893072366714478,1.3099806904792786,-0.26698774099349976,0.9135686159133911,-3.4343209266662598,-3.0144043564796448,0.37573862075805664,4.744301617145538
1.755760669708252,-3.2813920974731445,1.2893072366714478,0.8099806904792786,-3.2813920974731445,1.2893072366714478,1.3099806904792786,-0.6646251082420349,0.961585521697998,-3.22637939453125,-2.6167669892311096,0.3277217149734497,4.536360085010529
1.889495611190796,-3.281569719314575,1.2892473936080933,0.8099849820137024,-3.281569719314575,1.2892473936080933,1.3099849820137024,-0.7517342567443848,0.9703877568244934,-3.1728675365448,-2.5298354625701904,0.31885963678359985,4.482852518558502
2.023719549179077,-3.2817370891571045,1.289202094078064,0.8099805116653442,-3.2817370891571045,1.289202094078064,1.3099805116653442,-0.9347485303878784,0.9917876124382019,-3.0458390712738037,-2.346988558769226,0.29741448163986206,4.355819582939148
2.149949550628662,-3.2817370891571045,1.289202094078064,0.8099805116653442,-3.2817370891571045,1.289202094078064,1.3099805116653442,-1.1036983728408813,1.0090699195861816,-2.9165399074554443,-2.178038716316223,0.2801321744918823,4.226520419120789
2.266462564468384,-3.2817370891571045,1.289202094078064,0.8099805116653442,-3.2817370891571045,1.289202094078064,1.3099805116653442,-1.22200345993042,1.0185258388519287,-2.8233349323272705,-2.0597336292266846,0.27067625522613525,4.133315443992615
2.403454542160034,-3.28225040435791,1.2892755270004272,0.8099455833435059,-3.28225040435791,1.2892755270004272,1.3099455833435059,-1.2755234241485596,1.0238285064697266,-2.77622389793396,-2.0067269802093506,0.2654470205307007,4.086169481277466
2.5238142013549805,-3.28225040435791,1.2892755270004272,0.8099455833435059,-3.28225040435791,1.2892755270004272,1.3099455833435059,-1.2755234241485596,1.0238285064697266,-2.77622389793396,-2.0067269802093506,0.2654470205307007,4.086169481277466
2.626495838165283,-3.2824501991271973,1.2891918420791626,0.8099382519721985,-3.2824501991271973,1.2891918420791626,1.3099382519721985,-1.5794429779052734,1.0488637685775757,-2.4675235748291016,-1.7030072212219238,0.24032807350158691,3.7774618268013
2.7316222190856934,-3.2824501991271973,1.2891918420791626,0.8099382519721985,-3.2824501991271973,1.2891918420791626,1.3099382519721985,-1.6258316040039062,1.0537008047103882,-2.412473201751709,-1.656618595123291,0.23549103736877441,3.7224114537239075
2.8436524868011475,-3.2824409008026123,1.288917064666748,0.8099486231803894,-3.2824409008026123,1.288917064666748,1.3099486231803894,-1.891505241394043,1.0766847133636475,-2.035648822784424,-1.3909356594085693,0.21223235130310059,3.3455974459648132
2.887430191040039,-3.2824409008026123,1.288917064666748,0.8099486231803894,-3.2824409008026123,1.288917064666748,1.3099486231803894,-1.891505241394043,1.0766847133636475,-2.035648822784424,-1.3909356594085693,0.21223235130310059,3.3455974459648132
2.99825119972229,-3.2824409008026123,1.288917064666748,0.8099486231803894,-3.2824409008026123,1.288917064666748,1.3099486231803894,-2.0385990142822266,1.0916376113891602,-1.7691702842712402,-1.2438418865203857,0.1972794532775879,3.0791189074516296
3.126410722732544,-3.2823832035064697,1.2886192798614502,0.8099468946456909,-3.2823832035064697,1.2886192798614502,1.309946894645691,-2.0385990142822266,1.0916376113891602,-1.7691702842712402,-1.2437841892242432,0.19698166847229004,3.079117178916931
3.246549367904663,-3.2823832035064697,1.2886192798614502,0.8099468946456909,-3.2823832035064697,1.2886192798614502,1.309946894645691,-2.167635440826416,1.1059833765029907,-1.4999245405197144,-1.1147477626800537,0.18263590335845947,2.8098714351654053
3.382638931274414,-3.2826263904571533,1.2885907888412476,0.8099637031555176,-3.2826263904571533,1.2885907888412476,1.3099637031555176,-2.167635440826416,1.1059833765029907,-1.4999245405197144,-1.1149909496307373,0.18260741233825684,2.809888243675232
3.5022175312042236,-3.2826263904571533,1.2885907888412476,0.8099637031555176,-3.2826263904571533,1.2885907888412476,1.3099637031555176,-2.167635440826416,1.1059833765029907,-1.4999245405197144,-1.1149909496307373,0.18260741233825684,2.809888243675232
3.606348991394043,-3.282482862472534,1.2886064052581787,0.8099731802940369,-3.282482862472534,1.2886064052581787,1.3099731802940369,-2.358137845993042,1.1085504293441772,-0.9895842671394348,-0.9243450164794922,0.18005597591400146,2.2995574474334717
3.7410666942596436,-3.282482862472534,1.2886064052581787,0.8099731802940369,-3.282482862472534,1.2886064052581787,1.3099731802940369,-2.5067451000213623,1.083175778388977,-0.5233114361763,-0.7757377624511719,0.20543062686920166,1.833284616470337
3.8634462356567383,-3.282127618789673,1.2886831760406494,0.8099810481071472,-3.282127618789673,1.2886831760406494,1.3099810481071472,-2.5067451000213623,1.083175778388977,-0.5233114361763,-0.7753825187683105,0.20550739765167236,1.8332924842834473
3.9966888427734375,-3.282127618789673,1.2886831760406494,0.8099810481071472,-3.282127618789673,1.2886831760406494,1.3099810481071472,-2.6149709224700928,1.0396136045455933,-0.1314912885427475,-0.6671566963195801,0.24906957149505615,1.4414723366498947
4.148428916931152,-3.2818589210510254,1.2888206243515015,0.8099753260612488,-3.2818589210510254,1.2888206243515015,1.3099753260612488,-2.653806447982788,1.0083434581756592,0.10505657643079758,-0.6280524730682373,0.2804771661758423,1.2049187496304512
4.27798867225647,-3.2818589210510254,1.2888206243515015,0.8099753260612488,-3.2818589210510254,1.2888206243515015,1.3099753260612488,-2.653806447982788,1.0083434581756592,0.10505657643079758,-0.6280524730682373,0.2804771661758423,1.2049187496304512
4.390104055404663,-3.282097578048706,1.2890619039535522,0.8099740743637085,-3.282097578048706,1.2890619039535522,1.3099740743637085,-2.653806447982788,1.0083434581756592,0.10505657643079758,-0.628291130065918,0.28071844577789307,1.204917497932911
4.530253648757935,-3.282097578048706,1.2890619039535522,0.8099740743637085,-3.282097578048706,1.2890619039535522,1.3099740743637085,-2.654754877090454,0.9586092829704285,0.5288962721824646,-0.627342700958252,0.3304526209831238,0.7810778021812439
4.6265363693237305,-3.2821946144104004,1.2886723279953003,0.8099700808525085,-3.2821946144104004,1.2886723279953003,1.3099700808525085,-2.654754877090454,0.9586092829704285,0.5288962721824646,-0.6274397373199463,0.3300630450248718,0.781073808670044
4.746596336364746,-3.2821946144104004,1.2886723279953003,0.8099700808525085,-3.2821946144104004,1.2886723279953003,1.3099700808525085,-2.648465633392334,0.9651563167572021,0.7848160862922668,-0.6337289810180664,0.32351601123809814,0.5251539945602417
4.866344928741455,-3.282090425491333,1.2870025634765625,0.8099720478057861,-3.282090425491333,1.2870025634765625,1.3099720478057861,-2.6657185554504395,0.9972212910652161,0.9222739934921265,-0.6163718700408936,0.28978127241134644,0.38769805431365967
4.976335287094116,-3.282090425491333,1.2870025634765625,0.8099720478057861,-3.282090425491333,1.2870025634765625,1.3099720478057861,-2.6657185554504395,0.9972212910652161,0.9222739934921265,-0.6163718700408936,0.28978127241134644,0.38769805431365967
5.081403017044067,-3.2820234298706055,1.284788966178894,0.8099772334098816,-3.2820234298706055,1.284788966178894,1.3099772334098816,-2.6657185554504395,0.9972212910652161,0.9222739934921265,-0.616304874420166,0.287567675113678,0.3877032399177551
5.188901662826538,-3.2820234298706055,1.284788966178894,0.8099772334098816,-3.2820234298706055,1.284788966178894,1.3099772334098816,-2.691739082336426,1.0400067567825317,0.9924156665802002,-0.5902843475341797,0.2447822093963623,0.3175615668296814
5.290182590484619,-3.2822635173797607,1.2829149961471558,0.8102701306343079,-3.2822635173797607,1.2829149961471558,1.3102701306343079,-2.691739082336426,1.0400067567825317,0.9924156665802002,-0.590524435043335,0.24290823936462402,0.31785446405410767
5.421762228012085,-3.2822635173797607,1.2829149961471558,0.8102701306343079,-3.2822635173797607,1.2829149961471558,1.3102701306343079,-2.691739082336426,1.0400067567825317,0.9924156665802002,-0.590524435043335,0.24290823936462402,0.31785446405410767
5.553822994232178,-3.2822790145874023,1.281700849533081,0.8106697201728821,-3.2822790145874023,1.281700849533081,1.310669720172882,-2.691739082336426,1.0400067567825317,0.9924156665802002,-0.5905399322509766,0.24169409275054932,0.3182540535926819
5.598294734954834,-3.2822790145874023,1.281700849533081,0.8106697201728821,-3.2822790145874023,1.281700849533081,1.310669720172882,-2.764050006866455,1.1277135610580444,1.0772037506103516,-0.5182290077209473,0.15398728847503662,0.23346596956253052
5.706811428070068,-3.2822790145874023,1.281700849533081,0.8106697201728821,-3.2822790145874023,1.281700849533081,1.310669720172882,-2.7699053287506104,1.1335080862045288,1.0792310237884521,-0.512373685836792,0.14819276332855225,0.23143869638442993
5.8235132694244385,-3.2829995155334473,1.2811083793640137,0.8111200928688049,-3.2829995155334473,1.2811083793640137,1.311120092868805,-2.798825263977051,1.1581062078475952,1.0808125734329224,-0.4841742515563965,0.12300217151641846,0.23030751943588257
5.931291341781616,-3.2829995155334473,1.2811083793640137,0.8111200928688049,-3.2829995155334473,1.2811083793640137,1.311120092868805,-2.798825263977051,1.1581062078475952,1.0808125734329224,-0.4841742515563965,0.12300217151641846,0.23030751943588257
6.053669214248657,-3.285139322280884,1.2810935974121094,0.8114705085754395,-3.285139322280884,1.2810935974121094,1.3114705085754395,-2.798825263977051,1.1581062078475952,1.0808125734329224,-0.486314058303833,0.12298738956451416,0.2306579351425171
6.166788578033447,-3.285139322280884,1.2810935974121094,0.8114705085754395,-3.285139322280884,1.2810935974121094,1.3114705085754395,-2.903993606567383,1.19293212890625,0.9306362867355347,-0.381145715713501,0.08816146850585938,0.3808342218399048
6.286675453186035,-3.2877440452575684,1.2814470529556274,0.8115687966346741,-3.2877440452575684,1.2814470529556274,1.311568796634674,-2.903993606567383,1.19293212890625,0.9306362867355347,-0.38375043869018555,0.08851492404937744,0.3809325098991394
6.399579048156738,-3.2877440452575684,1.2814470529556274,0.8115687966346741,-3.2877440452575684,1.2814470529556274,1.311568796634674,-2.903993606567383,1.19293212890625,0.9306362867355347,-0.38375043869018555,0.08851492404937744,0.3809325098991394
6.530020475387573,-3.2877440452575684,1.2814470529556274,0.8115687966346741,-3.2877440452575684,1.2814470529556274,1.311568796634674,-2.903993606567383,1.19293212890625,0.9306362867355347,-0.38375043869018555,0.08851492404937744,0.3809325098991394
6.5870585441589355,-3.2895147800445557,1.2820173501968384,0.8113319873809814,-3.2895147800445557,1.2820173501968384,1.3113319873809814,-3.0095019340515137,1.1896603107452393,0.6596702337265015,-0.280012845993042,0.09235703945159912,0.65166175365448
6.702221393585205,-3.2895147800445557,1.2820173501968384,0.8113319873809814,-3.2895147800445557,1.2820173501968384,1.3113319873809814,-3.035576581954956,1.2072025537490845,0.5507559776306152,-0.2539381980895996,0.0748147964477539,0.7605760097503662
6.826603174209595,-3.290363311767578,1.2826100587844849,0.8109919428825378,-3.290363311767578,1.2826100587844849,1.3109919428825378,-3.059190034866333,1.2493784427642822,0.4517883062362671,-0.23117327690124512,0.03323161602020264,0.8592036366462708
6.956694841384888,-3.290363311767578,1.2826100587844849,0.8109919428825378,-3.290363311767578,1.2826100587844849,1.3109919428825378,-3.066007137298584,1.2503414154052734,0.34538593888282776,-0.22435617446899414,0.032268643379211426,0.9656060039997101
7.076562166213989,-3.2910335063934326,1.283224105834961,0.810675859451294,-3.2910335063934326,1.283224105834961,1.310675859451294,-3.066007137298584,1.2503414154052734,0.34538593888282776,-0.22502636909484863,0.0328826904296875,0.9652899205684662
7.199251413345337,-3.2910335063934326,1.283224105834961,0.810675859451294,-3.2910335063934326,1.283224105834961,1.310675859451294,-3.066007137298584,1.2503414154052734,0.34538593888282776,-0.22502636909484863,0.0328826904296875,0.9652899205684662
7.329638719558716,-3.29145884513855,1.2837657928466797,0.8104428052902222,-3.29145884513855,1.2837657928466797,1.3104428052902222,-3.0800986289978027,1.2550697326660156,0.2369709610939026,-0.21136021614074707,0.028696060180664062,1.0734718441963196
7.450613260269165,-3.29145884513855,1.2837657928466797,0.8104428052902222,-3.29145884513855,1.2837657928466797,1.3104428052902222,-3.090085029602051,1.2705317735671997,0.11805546283721924,-0.20137381553649902,0.01323401927947998,1.192387342453003
7.572329521179199,-3.2912356853485107,1.2845776081085205,0.8102945685386658,-3.2912356853485107,1.2845776081085205,1.3102945685386658,-3.090085029602051,1.2705317735671997,0.11805546283721924,-0.20115065574645996,0.0140458345413208,1.1922391057014465
7.688961505889893,-3.2912356853485107,1.2845776081085205,0.8102945685386658,-3.2912356853485107,1.2845776081085205,1.3102945685386658,-3.090085029602051,1.2705317735671997,0.11805546283721924,-0.20115065574645996,0.0140458345413208,1.1922391057014465
7.811198949813843,-3.290461778640747,1.2863247394561768,0.81021648645401,-3.290461778640747,1.2863247394561768,1.31021648645401,-3.090085029602051,1.2705317735671997,0.11805546283721924,-0.2003767490386963,0.01579296588897705,1.1921610236167908
7.863411903381348,-3.290461778640747,1.2863247394561768,0.81021648645401,-3.290461778640747,1.2863247394561768,1.31021648645401,-3.090085029602051,1.2705317735671997,0.11805546283721924,-0.2003767490386963,0.01579296588897705,1.1921610236167908
7.996496915817261,-3.290461778640747,1.2863247394561768,0.81021648645401,-3.290461778640747,1.2863247394561768,1.31021648645401,-3.135542631149292,1.3031864166259766,-0.11426886916160583,-0.15491914749145508,-0.016861677169799805,1.4244853556156158
8.120723009109497,-3.2898826599121094,1.2885205745697021,0.8101789951324463,-3.2898826599121094,1.2885205745697021,1.3101789951324463,-3.135542631149292,1.3031864166259766,-0.11426886916160583,-0.15434002876281738,-0.014665842056274414,1.4244478642940521
8.246512651443481,-3.2895219326019287,1.2901636362075806,0.8101436495780945,-3.2895219326019287,1.2901636362075806,1.3101436495780945,-3.1483278274536133,1.3081371784210205,-0.23348990082740784,-0.14119410514831543,-0.01797354221343994,1.5436335504055023
8.506447315216064,-3.2891390323638916,1.2915769815444946,0.8101329207420349,-3.2891390323638916,1.2915769815444946,1.310132920742035,-3.1287221908569336,1.320534586906433,-0.3565472364425659,-0.160416841506958,-0.028957605361938477,1.6666801571846008
8.550465106964111,-3.288912057876587,1.2916594743728638,0.8101242780685425,-3.288912057876587,1.2916594743728638,1.3101242780685425,-3.1287221908569336,1.320534586906433,-0.3565472364425659,-0.16018986701965332,-0.028875112533569336,1.6666715145111084
8.796602487564087,-3.2881100177764893,1.2920523881912231,0.8100919723510742,-3.2881100177764893,1.2920523881912231,1.3100919723510742,-3.108966827392578,1.3263390064239502,-0.47592857480049133,-0.17914319038391113,-0.03428661823272705,1.7860205471515656
8.978147268295288,-3.287292718887329,1.2920690774917603,0.8100734353065491,-3.287292718887329,1.2920690774917603,1.310073435306549,-3.108966827392578,1.3263390064239502,-0.47592857480049133,-0.17832589149475098,-0.03426992893218994,1.7860020101070404
9.192412614822388,-3.2851929664611816,1.2918875217437744,0.8100458383560181,-3.2851929664611816,1.2918875217437744,1.310045838356018,-3.1032330989837646,1.346843957901001,-0.6021040678024292,-0.181959867477417,-0.05495643615722656,1.9121499061584473
9.239843368530273,-3.2849390506744385,1.2918370962142944,0.8100452423095703,-3.2849390506744385,1.2918370962142944,1.3100452423095703,-3.1061105728149414,1.3498296737670898,-0.7146825790405273,-0.17882847785949707,-0.05799257755279541,2.0247278213500977
9.413841485977173,-3.2828729152679443,1.2916128635406494,0.8100171685218811,-3.2828729152679443,1.2916128635406494,1.310017168521881,-3.1061105728149414,1.3498296737670898,-0.7146825790405273,-0.17676234245300293,-0.05821681022644043,2.0246997475624084
9.56679892539978,-3.2820308208465576,1.2916555404663086,0.8100107312202454,-3.2820308208465576,1.2916555404663086,1.3100107312202454,-3.097452402114868,1.3318216800689697,-0.8377054333686829,-0.18457841873168945,-0.04016613960266113,2.1477161645889282
9.747991800308228,-3.28063702583313,1.2914307117462158,0.809990644454956,-3.28063702583313,1.2914307117462158,1.309990644454956,-3.0736641883850098,1.298683524131775,-0.9533869028091431,-0.20697283744812012,-0.007252812385559082,2.263377547264099
9.79370641708374,-3.2801220417022705,1.291286826133728,0.8099889159202576,-3.2801220417022705,1.291286826133728,1.3099889159202576,-3.0736641883850098,1.298683524131775,-0.9533869028091431,-0.20645785331726074,-0.007396697998046875,2.2633758187294006
9.981194257736206,-3.2801220417022705,1.291286826133728,0.8099889159202576,-3.2801220417022705,1.291286826133728,1.3099889159202576,-3.0446877479553223,1.2331280708312988,-1.0717326402664185,-0.23543429374694824,0.0581587553024292,2.381721556186676
10.179782152175903,-3.2791638374328613,1.290981650352478,0.8099861741065979,-3.2791638374328613,1.290981650352478,1.309986174106598,-3.0156490802764893,1.1698198318481445,-1.2061142921447754,-0.26351475715637207,0.1211618185043335,2.5161004662513733
10.221088647842407,-3.2791638374328613,1.290981650352478,0.8099861741065979,-3.2791638374328613,1.290981650352478,1.309986174106598,-3.0156490802764893,1.1698198318481445,-1.2061142921447754,-0.26351475715637207,0.1211618185043335,2.5161004662513733
10.396776914596558,-3.2791075706481934,1.2907016277313232,0.809975266456604,-3.2791075706481934,1.2907016277313232,1.309975266456604,-3.0156490802764893,1.1698198318481445,-1.2061142921447754,-0.2634584903717041,0.12088179588317871,2.5160895586013794
10.483745336532593,-3.2791075706481934,1.2907016277313232,0.809975266456604,-3.2791075706481934,1.2907016277313232,1.309975266456604,-3.0156490802764893,1.1698198318481445,-1.2061142921447754,-0.2634584903717041,0.12088179588317871,2.5160895586013794
10.530598163604736,-3.2792744636535645,1.2902616262435913,0.8099825978279114,-3.2792744636535645,1.2902616262435913,1.3099825978279114,-3.0156490802764893,1.1698198318481445,-1.2061142921447754,-0.2636253833770752,0.12044179439544678,2.5160968899726868
10.750038862228394,-3.2792744636535645,1.2902616262435913,0.8099825978279114,-3.2792744636535645,1.2902616262435913,1.3099825978279114,-2.9667305946350098,1.0815987586975098,-1.4780144691467285,-0.3125438690185547,0.20866286754608154,2.78799706697464
10.921430587768555,-3.2794294357299805,1.2897100448608398,0.8099669814109802,-3.2794294357299805,1.2897100448608398,1.3099669814109802,-2.9667305946350098,1.0815987586975098,-1.4780144691467285,-0.3126988410949707,0.20811128616333008,2.7879814505577087
11.086787700653076,-3.2799110412597656,1.2893019914627075,0.809977650642395,-3.2799110412597656,1.2893019914627075,1.309977650642395,-2.9587886333465576,1.0936682224273682,-1.6179755926132202,-0.321122407913208,0.19563376903533936,2.9279532432556152
11.308786153793335,-3.2806332111358643,1.2890644073486328,0.8099704384803772,-3.2806332111358643,1.2890644073486328,1.3099704384803772,-2.9502511024475098,1.0996989011764526,-1.7415658235549927,-0.3303821086883545,0.18936550617218018,3.05153626203537
11.538275718688965,-3.2809832096099854,1.2888849973678589,0.8099791407585144,-3.2809832096099854,1.2888849973678589,1.3099791407585144,-2.949854612350464,1.1104447841644287,-1.871163249015808,-0.3311285972595215,0.17844021320343018,3.1811423897743225
11.750959873199463,-3.2809832096099854,1.2888849973678589,0.8099791407585144,-3.2809832096099854,1.2888849973678589,1.3099791407585144,-2.9529731273651123,1.1239155530929565,-1.9867303371429443,-0.32801008224487305,0.16496944427490234,3.2967094779014587
11.975404024124146,-3.2810192108154297,1.2888641357421875,0.8099693655967712,-3.2810192108154297,1.2888641357421875,1.3099693655967712,-2.9529731273651123,1.1239155530929565,-1.9867303371429443,-0.3280460834503174,0.16494858264923096,3.2966997027397156
12.019410371780396,-3.2810192108154297,1.2888641357421875,0.8099693655967712,-3.2810192108154297,1.2888641357421875,1.3099693655967712,-2.962923049926758,1.122062087059021,-2.110786199569702,-0.3180961608886719,0.1668020486831665,3.4207555651664734
12.071463108062744,-3.2810616493225098,1.2889604568481445,0.8099477291107178,-3.2810616493225098,1.2889604568481445,1.3099477291107178,-2.962923049926758,1.122062087059021,-2.110786199569702,-0.31813859939575195,0.16689836978912354,3.42073392868042
12.126781702041626,-3.2810616493225098,1.2889604568481445,0.8099477291107178,-3.2810616493225098,1.2889604568481445,1.3099477291107178,-2.962923049926758,1.122062087059021,-2.110786199569702,-0.31813859939575195,0.16689836978912354,3.42073392868042
12.3707275390625,-3.2814581394195557,1.2892451286315918,0.8099349141120911,-3.2814581394195557,1.2892451286315918,1.309934914112091,-2.9812138080596924,1.1456629037857056,-2.2314348220825195,-0.3002443313598633,0.14358222484588623,3.5413697361946106
12.414148807525635,-3.2814581394195557,1.2892451286315918,0.8099349141120911,-3.2814581394195557,1.2892451286315918,1.309934914112091,-2.9812138080596924,1.1456629037857056,-2.2314348220825195,-0.3002443313598633,0.14358222484588623,3.5413697361946106
12.468746185302734,-3.2814581394195557,1.2892451286315918,0.8099349141120911,-3.2814581394195557,1.2892451286315918,1.309934914112091,-2.9812138080596924,1.1456629037857056,-2.2314348220825195,-0.3002443313598633,0.14358222484588623,3.5413697361946106
12.520716905593872,-3.2814581394195557,1.2892451286315918,0.8099349141120911,-3.2814581394195557,1.2892451286315918,1.309934914112091,-2.9812138080596924,1.1456629037857056,-2.2314348220825195,-0.3002443313598633,0.14358222484588623,3.5413697361946106
12.577939987182617,-3.281724691390991,1.2895028591156006,0.8099297881126404,-3.281724691390991,1.2895028591156006,1.3099297881126404,-2.9949193000793457,1.1719173192977905,-2.36096453666687,-0.2868053913116455,0.11758553981781006,3.6708943247795105
12.774875402450562,-3.281724691390991,1.2895028591156006,0.8099297881126404,-3.281724691390991,1.2895028591156006,1.3099297881126404,-2.9949193000793457,1.1719173192977905,-2.36096453666687,-0.2868053913116455,0.11758553981781006,3.6708943247795105
12.829526662826538,-3.2817602157592773,1.2895734310150146,0.8099575638771057,-3.2817602157592773,1.2895734310150146,1.3099575638771057,-2.9949193000793457,1.1719173192977905,-2.36096453666687,-0.28684091567993164,0.11765611171722412,3.670922100543976
13.05635380744934,-3.281775951385498,1.2894859313964844,0.8099637031555176,-3.281775951385498,1.2894859313964844,1.3099637031555176,-2.961778163909912,1.2471624612808228,-2.6352689266204834,-0.31999778747558594,0.04232347011566162,3.945232629776001
13.252164363861084,-3.281775951385498,1.2894859313964844,0.8099637031555176,-3.281775951385498,1.2894859313964844,1.3099637031555176,-2.9599227905273438,1.2696424722671509,-2.7479326725006104,-0.3218531608581543,0.019843459129333496,4.057896375656128
13.41342306137085,-3.282255172729492,1.2894270420074463,0.8099809885025024,-3.282255172729492,1.2894270420074463,1.3099809885025024,-2.9599227905273438,1.2696424722671509,-2.7479326725006104,-0.32233238220214844,0.01978456974029541,4.057913661003113
13.63655138015747,-3.2824695110321045,1.289178490638733,0.8099544048309326,-3.2824695110321045,1.289178490638733,1.3099544048309326,-2.974987506866455,1.294533610343933,-2.8724331855773926,-0.3074820041656494,-0.005355119705200195,4.182387590408325
13.678958177566528,-3.2824695110321045,1.289178490638733,0.8099544048309326,-3.2824695110321045,1.289178490638733,1.3099544048309326,-2.974987506866455,1.294533610343933,-2.8724331855773926,-0.3074820041656494,-0.005355119705200195,4.182387590408325
13.886402130126953,-3.282438278198242,1.2888739109039307,0.810250461101532,-3.282438278198242,1.2888739109039307,1.310250461101532,-2.974987506866455,1.294533610343933,-2.8724331855773926,-0.3074507713317871,-0.005659699440002441,4.182683646678925
14.096398115158081,-3.282371997833252,1.2885535955429077,0.8106986880302429,-3.282371997833252,1.2885535955429077,1.310698688030243,-2.9933786392211914,1.3261117935180664,-3.172957420349121,-0.28899335861206055,-0.03755819797515869,4.483656108379364
14.288014888763428,-3.2826826572418213,1.2884290218353271,0.8111173510551453,-3.2826826572418213,1.2884290218353271,1.3111173510551453,-2.9933786392211914,1.3261117935180664,-3.172957420349121,-0.2893040180206299,-0.03768277168273926,4.484074771404266
14.489475011825562,-3.2826826572418213,1.2884290218353271,0.8111173510551453,-3.2826826572418213,1.2884290218353271,1.3111173510551453,-2.973604679107666,1.3033519983291626,-3.474931240081787,-0.3090779781341553,-0.01492297649383545,4.786048591136932
14.537971258163452,-3.2827696800231934,1.2879809141159058,0.8114423155784607,-3.2827696800231934,1.2879809141159058,1.3114423155784607,-2.973604679107666,1.3033519983291626,-3.474931240081787,-0.30916500091552734,-0.015371084213256836,4.786373555660248
14.720439672470093,-3.2827696800231934,1.2879809141159058,0.8114423155784607,-3.2827696800231934,1.2879809141159058,1.3114423155784607,-2.973604679107666,1.3033519983291626,-3.474931240081787,-0.30916500091552734,-0.015371084213256836,4.786373555660248
14.90034008026123,-3.282576322555542,1.2863937616348267,0.8115545511245728,-3.282576322555542,1.2863937616348267,1.3115545511245728,-2.973604679107666,1.3033519983291626,-3.474931240081787,-0.308971643447876,-0.016958236694335938,4.78648579120636
15.078283786773682,-3.282292604446411,1.2842732667922974,0.811281681060791,-3.282292604446411,1.2842732667922974,1.311281681060791,-2.945917844772339,1.2316936254501343,-3.691779613494873,-0.33637475967407227,0.052579641342163086,5.003061294555664
15.296735048294067,-3.282292604446411,1.2842732667922974,0.811281681060791,-3.282292604446411,1.2842732667922974,1.311281681060791,-2.9496021270751953,1.2139137983322144,-3.768969774246216,-0.3326904773712158,0.07035946846008301,5.080251455307007
15.530083656311035,-3.282378911972046,1.2825376987457275,0.8109518885612488,-3.282378911972046,1.2825376987457275,1.3109518885612488,-2.9493582248687744,1.1975351572036743,-3.8598403930664062,-0.3330206871032715,0.08500254154205322,5.170792281627655
15.716408967971802,-3.282357692718506,1.281332015991211,0.810644268989563,-3.282357692718506,1.281332015991211,1.310644268989563,-2.9398036003112793,1.1808024644851685,-3.9690563678741455,-0.34255409240722656,0.10052955150604248,5.2797006368637085
15.88353943824768,-3.2828831672668457,1.2806307077407837,0.8104045391082764,-3.2828831672668457,1.2806307077407837,1.3104045391082764,-2.9398036003112793,1.1808024644851685,-3.9690563678741455,-0.3430795669555664,0.09982824325561523,5.279460906982422
16.066671133041382,-3.284712076187134,1.2804769277572632,0.8102716207504272,-3.284712076187134,1.2804769277572632,1.3102716207504272,-2.9364633560180664,1.1790441274642944,-4.092681884765625,-0.3482487201690674,0.10143280029296875,5.402953505516052
16.253854274749756,-3.284712076187134,1.2804769277572632,0.8102716207504272,-3.284712076187134,1.2804769277572632,1.3102716207504272,-2.9276607036590576,1.1606016159057617,-4.205550193786621,-0.35705137252807617,0.11987531185150146,5.515821814537048
16.450531005859375,-3.28739595413208,1.280869483947754,0.8102076649665833,-3.28739595413208,1.280869483947754,1.3102076649665833,-2.9276607036590576,1.1606016159057617,-4.205550193786621,-0.35973525047302246,0.12026786804199219,5.515757858753204
16.498070001602173,-3.28739595413208,1.280869483947754,0.8102076649665833,-3.28739595413208,1.280869483947754,1.3102076649665833,-2.9276607036590576,1.1606016159057617,-4.205550193786621,-0.35973525047302246,0.12026786804199219,5.515757858753204
16.700167894363403,-3.289320230484009,1.2814536094665527,0.8101420402526855,-3.289320230484009,1.2814536094665527,1.3101420402526855,-2.934297561645508,1.1483378410339355,-4.316795349121094,-0.355022668838501,0.1331157684326172,5.626937389373779
16.869871854782104,-3.2903525829315186,1.2821214199066162,0.8101184368133545,-3.2903525829315186,1.2821214199066162,1.3101184368133545,-2.9405429363250732,1.1378470659255981,-4.448479652404785,-0.3498096466064453,0.14427435398101807,5.75859808921814
17.06946849822998,-3.2908008098602295,1.2828662395477295,0.810065746307373,-3.2908008098602295,1.2828662395477295,1.310065746307373,-2.907059669494629,1.1105412244796753,-4.598501205444336,-0.3837411403656006,0.1723250150680542,5.908566951751709
17.271881818771362,-3.2908008098602295,1.2828662395477295,0.810065746307373,-3.2908008098602295,1.2828662395477295,1.310065746307373,-2.895141124725342,1.1103153228759766,-4.739212512969971,-0.3956596851348877,0.17255091667175293,6.049278259277344
17.481796979904175,-3.2911794185638428,1.2835451364517212,0.8100430369377136,-3.2911794185638428,1.2835451364517212,1.3100430369377136,-2.8860104084014893,1.1267280578613281,-4.876709938049316,-0.4051690101623535,0.15681707859039307,6.18675297498703
17.682149648666382,-3.2908968925476074,1.2844020128250122,0.8100336194038391,-3.2908968925476074,1.2844020128250122,1.3100336194038391,-2.8860104084014893,1.1267280578613281,-4.876709938049316,-0.40488648414611816,0.15767395496368408,6.1867435574531555
17.886604070663452,-3.290189743041992,1.2862440347671509,0.8100414276123047,-3.290189743041992,1.2862440347671509,1.3100414276123047,-2.8747637271881104,1.139094352722168,-4.999522686004639,-0.41542601585388184,0.1471496820449829,6.309564113616943
18.08685803413391,-3.289367914199829,1.2884761095046997,0.810025155544281,-3.289367914199829,1.2884761095046997,1.310025155544281,-2.865189790725708,1.163643479347229,-5.123548984527588,-0.4241781234741211,0.1248326301574707,6.433574140071869
18.260037660598755,-3.289367914199829,1.2884761095046997,0.810025155544281,-3.289367914199829,1.2884761095046997,1.310025155544281,-2.860499143600464,1.1908787488937378,-5.239094257354736,-0.42886877059936523,0.09759736061096191,6.549119412899017
18.463918924331665,-3.2889211177825928,1.2905399799346924,0.810016930103302,-3.2889211177825928,1.2905399799346924,1.310016930103302,-2.860499143600464,1.1908787488937378,-5.239094257354736,-0.4284219741821289,0.09966123104095459,6.549111187458038
18.626421213150024,-3.2883591651916504,1.2918453216552734,0.8100095987319946,-3.2883591651916504,1.2918453216552734,1.3100095987319946,-2.860499143600464,1.1908787488937378,-5.239094257354736,-0.4278600215911865,0.10096657276153564,6.549103856086731
18.835082292556763,-3.287792444229126,1.2923920154571533,0.8099744319915771,-3.287792444229126,1.2923920154571533,1.3099744319915771,-2.867361068725586,1.2387312650680542,-5.456716537475586,-0.42043137550354004,0.05366075038909912,6.766690969467163
19.046417713165283,-3.28647518157959,1.2923882007598877,0.8099625706672668,-3.28647518157959,1.2923882007598877,1.3099625706672668,-2.8670637607574463,1.2354941368103027,-5.489345073699951,-0.41941142082214355,0.05689406394958496,6.799307644367218
19.249619483947754,-3.28647518157959,1.2923882007598877,0.8099625706672668,-3.28647518157959,1.2923882007598877,1.3099625706672668,-2.874967336654663,1.2347898483276367,-5.486929893493652,-0.41150784492492676,0.05759835243225098,6.796892464160919
19.456690311431885,-3.2842953205108643,1.2922313213348389,0.8099505305290222,-3.2842953205108643,1.2922313213348389,1.3099505305290222,-2.874967336654663,1.2347898483276367,-5.486929893493652,-0.40932798385620117,0.05744147300720215,6.796880424022675
19.70141863822937,-3.2819936275482178,1.2918752431869507,0.8099331259727478,-3.2819936275482178,1.2918752431869507,1.3099331259727478,-2.874967336654663,1.2347898483276367,-5.486929893493652,-0.4070262908935547,0.057085394859313965,6.7968630194664
19.91372799873352,-3.2800722122192383,1.2914175987243652,0.8099502325057983,-3.2800722122192383,1.2914175987243652,1.3099502325057983,-2.886730670928955,1.2203398942947388,-5.460146903991699,-0.3933415412902832,0.07107770442962646,6.770097136497498
20.110082626342773,-3.278939962387085,1.290971040725708,0.8099544048309326,-3.278939962387085,1.290971040725708,1.3099544048309326,-2.904362678527832,1.1977789402008057,-5.4199676513671875,-0.37457728385925293,0.09319210052490234,6.72992205619812
20.3451247215271,-3.2791526317596436,1.2908273935317993,0.8099615573883057,-3.2791526317596436,1.2908273935317993,1.3099615573883057,-2.9102272987365723,1.1942583322525024,-5.406594753265381,-0.3689253330230713,0.09656906127929688,6.7165563106536865
20.558672666549683,-3.2792835235595703,1.2903765439987183,0.8099644184112549,-3.2792835235595703,1.2903765439987183,1.3099644184112549,-2.916965961456299,1.189541220664978,-5.3986005783081055,-0.3623175621032715,0.10083532333374023,6.70856499671936
20.786478281021118,-3.2792835235595703,1.2903765439987183,0.8099644184112549,-3.2792835235595703,1.2903765439987183,1.3099644184112549,-2.927638530731201,1.1846133470535278,-5.398499488830566,-0.35164499282836914,0.10576319694519043,6.708463907241821
20.84233546257019,-3.2794711589813232,1.2898757457733154,0.809977114200592,-3.2794711589813232,1.2898757457733154,1.309977114200592,-2.927638530731201,1.1846133470535278,-5.398499488830566,-0.35183262825012207,0.1052623987197876,6.7084766030311584
21.03634810447693,-3.2794711589813232,1.2898757457733154,0.809977114200592,-3.2794711589813232,1.2898757457733154,1.309977114200592,-2.9305171966552734,1.1833685636520386,-5.393357276916504,-0.3489539623260498,0.10650718212127686,6.703334391117096
21.230948448181152,-3.279974937438965,1.2894885540008545,0.8099637627601624,-3.279974937438965,1.2894885540008545,1.3099637627601624,-2.9305171966552734,1.1833685636520386,-5.393357276916504,-0.3494577407836914,0.10611999034881592,6.703321039676666
21.422123908996582,-3.2806649208068848,1.2892534732818604,0.8099451661109924,-3.2806649208068848,1.2892534732818604,1.3099451661109924,-2.9275660514831543,1.1809852123260498,-5.384629249572754,-0.35309886932373047,0.10826826095581055,6.694574415683746
21.57342839241028,-3.2811832427978516,1.2891143560409546,0.8099451661109924,-3.2811832427978516,1.2891143560409546,1.3099451661109924,-2.9244110584259033,1.1800304651260376,-5.374440670013428,-0.35677218437194824,0.10908389091491699,6.68438583612442
21.758063077926636,-3.2811832427978516,1.2891143560409546,0.8099451661109924,-3.2811832427978516,1.2891143560409546,1.3099451661109924,-2.92267107963562,1.1761448383331299,-5.361975193023682,-0.35851216316223145,0.11296951770782471,6.671920359134674
21.930121898651123,-3.2814908027648926,1.2890347242355347,0.80995774269104,-3.2814908027648926,1.2890347242355347,1.30995774269104,-2.9224464893341064,1.1713223457336426,-5.339677810668945,-0.35904431343078613,0.11771237850189209,6.649635553359985
22.139021635055542,-3.281877040863037,1.2891192436218262,0.8099533915519714,-3.281877040863037,1.2891192436218262,1.3099533915519714,-2.9224464893341064,1.1713223457336426,-5.339677810668945,-0.35943055152893066,0.1177968978881836,6.649631202220917
22.359377145767212,-3.28232479095459,1.289291262626648,0.8099416494369507,-3.28232479095459,1.289291262626648,1.3099416494369507,-2.9224464893341064,1.1713223457336426,-5.339677810668945,-0.3598783016204834,0.11796891689300537,6.649619460105896
22.601025104522705,-3.2825076580047607,1.2893215417861938,0.8099477887153625,-3.2825076580047607,1.2893215417861938,1.3099477887153625,-2.9276392459869385,1.16041898727417,-5.313574314117432,-0.35486841201782227,0.12890255451202393,6.623522102832794
22.760037183761597,-3.2825076580047607,1.2893215417861938,0.8099477887153625,-3.2825076580047607,1.2893215417861938,1.3099477887153625,-2.9315505027770996,1.1517444849014282,-5.298402786254883,-0.35095715522766113,0.13757705688476562,6.608350574970245
22.946514129638672,-3.28243088722229,1.289271593093872,0.8099654912948608,-3.28243088722229,1.289271593093872,1.3099654912948608,-2.9369497299194336,1.1390272378921509,-5.282532691955566,-0.34548115730285645,0.1502443552017212,6.592498183250427
23.131367206573486,-3.282508611679077,1.289312720298767,0.8099641799926758,-3.282508611679077,1.289312720298767,1.3099641799926758,-2.9369497299194336,1.1390272378921509,-5.282532691955566,-0.34555888175964355,0.1502854824066162,6.592496871948242
23.29246234893799,-3.282508611679077,1.289312720298767,0.8099641799926758,-3.282508611679077,1.289312720298767,1.3099641799926758,-2.942538261413574,1.1268420219421387,-5.262852191925049,-0.33997035026550293,0.16247069835662842,6.572816371917725
23.46028232574463,-3.2826926708221436,1.2894545793533325,0.8099686503410339,-3.2826926708221436,1.2894545793533325,1.309968650341034,-2.94953989982605,1.1207422018051147,-5.246058464050293,-0.33315277099609375,0.16871237754821777,6.556027114391327
23.63552165031433,-3.282674551010132,1.2895219326019287,0.8099608421325684,-3.282674551010132,1.2895219326019287,1.3099608421325684,-2.94953989982605,1.1207422018051147,-5.246058464050293,-0.33313465118408203,0.16877973079681396,6.556019306182861
23.793562650680542,-3.2825090885162354,1.2894127368927002,0.8099582195281982,-3.2825090885162354,1.2894127368927002,1.3099582195281982,-2.94953989982605,1.1207422018051147,-5.246058464050293,-0.33296918869018555,0.16867053508758545,6.556016683578491
23.980164051055908,-3.2825090885162354,1.2894127368927002,0.8099582195281982,-3.2825090885162354,1.2894127368927002,1.3099582195281982,-2.9567711353302,1.1139498949050903,-5.22589111328125,-0.32573795318603516,0.17546284198760986,6.535849332809448
24.152329444885254,-3.282569408416748,1.2893390655517578,0.8099451661109924,-3.282569408416748,1.2893390655517578,1.3099451661109924,-2.9567711353302,1.1139498949050903,-5.22589111328125,-0.32579827308654785,0.17538917064666748,6.535836279392242
24.333640813827515,-3.282731294631958,1.2893069982528687,0.8099529147148132,-3.282731294631958,1.2893069982528687,1.3099529147148132,-2.9600961208343506,1.113520622253418,-5.21897554397583,-0.3226351737976074,0.17578637599945068,6.528928458690643
24.49652934074402,-3.282731294631958,1.2893069982528687,0.8099529147148132,-3.282731294631958,1.2893069982528687,1.3099529147148132,-2.961252212524414,1.1100291013717651,-5.2155680656433105,-0.32147908210754395,0.17927789688110352,6.525520980358124
24.66099977493286,-3.28254771232605,1.2890573740005493,0.8099652528762817,-3.28254771232605,1.2890573740005493,1.3099652528762817,-2.961252212524414,1.1100291013717651,-5.2155680656433105,-0.32129549980163574,0.17902827262878418,6.525533318519592
24.84355878829956,-3.2823965549468994,1.2888035774230957,0.8099575042724609,-3.2823965549468994,1.2888035774230957,1.309957504272461,-2.9632139205932617,1.106588363647461,-5.213503837585449,-0.3191826343536377,0.18221521377563477,6.52346134185791
25.078506469726562,-3.282329559326172,1.2878520488739014,0.8099504113197327,-3.282329559326172,1.2878520488739014,1.3099504113197327,-2.96799373626709,1.1057486534118652,-5.204376697540283,-0.31433582305908203,0.18210339546203613,6.514327108860016
25.32303547859192,-3.2826144695281982,1.2857873439788818,0.8099453449249268,-3.2826144695281982,1.2857873439788818,1.3099453449249268,-2.9706127643585205,1.1048109531402588,-5.192853927612305,-0.31200170516967773,0.18097639083862305,6.5027992725372314
25.37109398841858,-3.2826144695281982,1.2857873439788818,0.8099453449249268,-3.2826144695281982,1.2857873439788818,1.3099453449249268,-2.9706127643585205,1.1048109531402588,-5.192853927612305,-0.31200170516967773,0.18097639083862305,6.5027992725372314
25.566734075546265,-3.283156394958496,1.2837027311325073,0.8099565505981445,-3.283156394958496,1.2837027311325073,1.3099565505981445,-2.9722371101379395,1.102602481842041,-5.184236526489258,-0.31091928482055664,0.1811002492904663,6.494193077087402
25.61823320388794,-3.283156394958496,1.2837027311325073,0.8099565505981445,-3.283156394958496,1.2837027311325073,1.3099565505981445,-2.9722371101379395,1.102602481842041,-5.184236526489258,-0.31091928482055664,0.1811002492904663,6.494193077087402
25.668935537338257,-3.283156394958496,1.2837027311325073,0.8099565505981445,-3.283156394958496,1.2837027311325073,1.3099565505981445,-2.9722371101379395,1.102602481842041,-5.184236526489258,-0.31091928482055664,0.1811002492904663,6.494193077087402
25.866799116134644,-3.28470516204834,1.2821316719055176,0.809962809085846,-3.28470516204834,1.2821316719055176,1.309962809085846,-2.9722371101379395,1.102602481842041,-5.184236526489258,-0.3124680519104004,0.17952919006347656,6.494199335575104
25.91034483909607,-3.28470516204834,1.2821316719055176,0.809962809085846,-3.28470516204834,1.2821316719055176,1.309962809085846,-2.9722371101379395,1.102602481842041,-5.184236526489258,-0.3124680519104004,0.17952919006347656,6.494199335575104
26.12658953666687,-3.2868576049804688,1.281115174293518,0.8099661469459534,-3.2868576049804688,1.281115174293518,1.3099661469459534,-2.97546124458313,1.098435640335083,-5.17160701751709,-0.31139636039733887,0.18267953395843506,6.481573164463043
26.337892532348633,-3.2891743183135986,1.2807655334472656,0.8099623322486877,-3.2891743183135986,1.2807655334472656,1.3099623322486877,-2.977381706237793,1.093822956085205,-5.155791282653809,-0.31179261207580566,0.18694257736206055,6.465753614902496
26.530879735946655,-3.2891743183135986,1.2807655334472656,0.8099623322486877,-3.2891743183135986,1.2807655334472656,1.3099623322486877,-2.977381706237793,1.093822956085205,-5.155791282653809,-0.31179261207580566,0.18694257736206055,6.465753614902496
26.582065105438232,-3.2905380725860596,1.2808246612548828,0.8099862933158875,-3.2905380725860596,1.2808246612548828,1.3099862933158875,-2.9769530296325684,1.0889246463775635,-5.146459579467773,-0.3135850429534912,0.19190001487731934,6.456445872783661
26.63106083869934,-3.2905380725860596,1.2808246612548828,0.8099862933158875,-3.2905380725860596,1.2808246612548828,1.3099862933158875,-2.9769530296325684,1.0889246463775635,-5.146459579467773,-0.3135850429534912,0.19190001487731934,6.456445872783661
26.680944204330444,-3.2905380725860596,1.2808246612548828,0.8099862933158875,-3.2905380725860596,1.2808246612548828,1.3099862933158875,-2.9769530296325684,1.0889246463775635,-5.146459579467773,-0.3135850429534912,0.19190001487731934,6.456445872783661
26.73125720024109,-3.2905380725860596,1.2808246612548828,0.8099862933158875,-3.2905380725860596,1.2808246612548828,1.3099862933158875,-2.9796555042266846,1.081577181816101,-5.143007755279541,-0.310882568359375,0.19924747943878174,6.4529940485954285
26.781635761260986,-3.2905380725860596,1.2808246612548828,0.8099862933158875,-3.2905380725860596,1.2808246612548828,1.3099862933158875,-2.9796555042266846,1.081577181816101,-5.143007755279541,-0.310882568359375,0.19924747943878174,6.4529940485954285
26.835123300552368,-3.2910711765289307,1.2811923027038574,0.8099791407585144,-3.2910711765289307,1.2811923027038574,1.3099791407585144,-2.9796555042266846,1.081577181816101,-5.143007755279541,-0.3114156723022461,0.19961512088775635,6.452986896038055
26.882208585739136,-3.2910711765289307,1.2811923027038574,0.8099791407585144,-3.2910711765289307,1.2811923027038574,1.3099791407585144,-2.9796555042266846,1.081577181816101,-5.143007755279541,-0.3114156723022461,0.19961512088775635,6.452986896038055
26.932792901992798,-3.2910711765289307,1.2811923027038574,0.8099791407585144,-3.2910711765289307,1.2811923027038574,1.3099791407585144,-2.9796555042266846,1.081577181816101,-5.143007755279541,-0.3114156723022461,0.19961512088775635,6.452986896038055
26.984699726104736,-3.2910711765289307,1.2811923027038574,0.8099791407585144,-3.2910711765289307,1.2811923027038574,1.3099791407585144,-2.9796555042266846,1.081577181816101,-5.143007755279541,-0.3114156723022461,0.19961512088775635,6.452986896038055
27.03354001045227,-3.2910711765289307,1.2811923027038574,0.8099791407585144,-3.2910711765289307,1.2811923027038574,1.3099791407585144,-2.9796555042266846,1.081577181816101,-5.143007755279541,-0.3114156723022461,0.19961512088775635,6.452986896038055
27.085037231445312,-3.291118621826172,1.2817448377609253,0.8099606037139893,-3.291118621826172,1.2817448377609253,1.3099606037139893,-2.990377426147461,1.0711255073547363,-5.148784637451172,-0.30074119567871094,0.21061933040618896,6.458745241165161
27.140449285507202,-3.291118621826172,1.2817448377609253,0.8099606037139893,-3.291118621826172,1.2817448377609253,1.3099606037139893,-2.990377426147461,1.0711255073547363,-5.148784637451172,-0.30074119567871094,0.21061933040618896,6.458745241165161
27.191047430038452,-3.291118621826172,1.2817448377609253,0.8099606037139893,-3.291118621826172,1.2817448377609253,1.3099606037139893,-2.990377426147461,1.0711255073547363,-5.148784637451172,-0.30074119567871094,0.21061933040618896,6.458745241165161
27.24263048171997,-3.291118621826172,1.2817448377609253,0.8099606037139893,-3.291118621826172,1.2817448377609253,1.3099606037139893,-2.998074769973755,1.0615211725234985,-5.1561737060546875,-0.293043851852417,0.22022366523742676,6.466134309768677
27.292680978775024,-3.291118621826172,1.2817448377609253,0.8099606037139893,-3.291118621826172,1.2817448377609253,1.3099606037139893,-2.998074769973755,1.0615211725234985,-5.1561737060546875,-0.293043851852417,0.22022366523742676,6.466134309768677
27.34213924407959,-3.2912795543670654,1.282513976097107,0.8099573254585266,-3.2912795543670654,1.282513976097107,1.3099573254585266,-2.998074769973755,1.0615211725234985,-5.1561737060546875,-0.29320478439331055,0.2209928035736084,6.466131031513214
27.39271354675293,-3.2912795543670654,1.282513976097107,0.8099573254585266,-3.2912795543670654,1.282513976097107,1.3099573254585266,-2.998074769973755,1.0615211725234985,-5.1561737060546875,-0.29320478439331055,0.2209928035736084,6.466131031513214
27.443976402282715,-3.2912795543670654,1.282513976097107,0.8099573254585266,-3.2912795543670654,1.282513976097107,1.3099573254585266,-2.998074769973755,1.0615211725234985,-5.1561737060546875,-0.29320478439331055,0.2209928035736084,6.466131031513214
27.493638515472412,-3.2912795543670654,1.282513976097107,0.8099573254585266,-3.2912795543670654,1.282513976097107,1.3099573254585266,-3.006366729736328,1.0530705451965332,-5.157322406768799,-0.2849128246307373,0.22944343090057373,6.467279732227325
27.546401739120483,-3.2908058166503906,1.283216118812561,0.8099489808082581,-3.2908058166503906,1.283216118812561,1.309948980808258,-3.006366729736328,1.0530705451965332,-5.157322406768799,-0.2844390869140625,0.23014557361602783,6.467271387577057
27.595394611358643,-3.2908058166503906,1.283216118812561,0.8099489808082581,-3.2908058166503906,1.283216118812561,1.309948980808258,-3.006366729736328,1.0530705451965332,-5.157322406768799,-0.2844390869140625,0.23014557361602783,6.467271387577057
27.646976470947266,-3.2908058166503906,1.283216118812561,0.8099489808082581,-3.2908058166503906,1.283216118812561,1.309948980808258,-3.006366729736328,1.0530705451965332,-5.157322406768799,-0.2844390869140625,0.23014557361602783,6.467271387577057
27.69735288619995,-3.2908058166503906,1.283216118812561,0.8099489808082581,-3.2908058166503906,1.283216118812561,1.309948980808258,-3.006366729736328,1.0530705451965332,-5.157322406768799,-0.2844390869140625,0.23014557361602783,6.467271387577057
27.747999668121338,-3.2908058166503906,1.283216118812561,0.8099489808082581,-3.2908058166503906,1.283216118812561,1.309948980808258,-3.016909122467041,1.0479557514190674,-5.1590576171875,-0.2738966941833496,0.23526036739349365,6.469006597995758
27.798074960708618,-3.2900264263153076,1.2837013006210327,0.8099492788314819,-3.2900264263153076,1.2837013006210327,1.309949278831482,-3.016909122467041,1.0479557514190674,-5.1590576171875,-0.2731173038482666,0.23574554920196533,6.469006896018982
27.84837317466736,-3.2900264263153076,1.2837013006210327,0.8099492788314819,-3.2900264263153076,1.2837013006210327,1.309949278831482,-3.016909122467041,1.0479557514190674,-5.1590576171875,-0.2731173038482666,0.23574554920196533,6.469006896018982
27.900479078292847,-3.2900264263153076,1.2837013006210327,0.8099492788314819,-3.2900264263153076,1.2837013006210327,1.309949278831482,-3.016909122467041,1.0479557514190674,-5.1590576171875,-0.2731173038482666,0.23574554920196533,6.469006896018982
27.9491925239563,-3.2900264263153076,1.2837013006210327,0.8099492788314819,-3.2900264263153076,1.2837013006210327,1.309949278831482,-3.016909122467041,1.0479557514190674,-5.1590576171875,-0.2731173038482666,0.23574554920196533,6.469006896018982
28.000755310058594,-3.2900264263153076,1.2837013006210327,0.8099492788314819,-3.2900264263153076,1.2837013006210327,1.309949278831482,-3.026759147644043,1.0455875396728516,-5.159502029418945,-0.26326727867126465,0.23811376094818115,6.469451308250427
28.050184965133667,-3.2892906665802,1.2848358154296875,0.8099706172943115,-3.2892906665802,1.2848358154296875,1.3099706172943115,-3.026759147644043,1.0455875396728516,-5.159502029418945,-0.2625315189361572,0.23924827575683594,6.469472646713257
28.10056471824646,-3.2892906665802,1.2848358154296875,0.8099706172943115,-3.2892906665802,1.2848358154296875,1.3099706172943115,-3.026759147644043,1.0455875396728516,-5.159502029418945,-0.2625315189361572,0.23924827575683594,6.469472646713257
28.150911331176758,-3.2892906665802,1.2848358154296875,0.8099706172943115,-3.2892906665802,1.2848358154296875,1.3099706172943115,-3.026759147644043,1.0455875396728516,-5.159502029418945,-0.2625315189361572,0.23924827575683594,6.469472646713257
28.2025249004364,-3.2892906665802,1.2848358154296875,0.8099706172943115,-3.2892906665802,1.2848358154296875,1.3099706172943115,-3.026759147644043,1.0455875396728516,-5.159502029418945,-0.2625315189361572,0.23924827575683594,6.469472646713257
