time,lx,ly,lz,sx,sy,sz,fx,fy,fz
0.39563751220703125,1.129380702972412,-0.30123668909072876,1.9602293968200684,2.129380702972412,-0.30123668909072876,3.4602293968200684,2.1304543018341064,-0.2973712682723999,5.957546234130859
0.44727659225463867,1.1288893222808838,-0.30075952410697937,1.9605295658111572,2.128889322280884,-0.30075952410697937,3.4605295658111572,2.1304543018341064,-0.2973712682723999,5.957546234130859
0.9549844264984131,1.1284008026123047,-0.300164133310318,1.96103835105896,2.1284008026123047,-0.300164133310318,3.46103835105896,2.1310336589813232,-0.298255980014801,5.9316887855529785
1.1459121704101562,1.1284008026123047,-0.300164133310318,1.96103835105896,2.1284008026123047,-0.300164133310318,3.46103835105896,2.1333651542663574,-0.2997032403945923,5.849907398223877
1.1931977272033691,1.1278886795043945,-0.2997300922870636,1.9612348079681396,2.1278886795043945,-0.2997300922870636,3.4612348079681396,2.1333651542663574,-0.2997032403945923,5.849907398223877
1.2438688278198242,1.1278886795043945,-0.2997300922870636,1.9612348079681396,2.1278886795043945,-0.2997300922870636,3.4612348079681396,2.1333651542663574,-0.2997032403945923,5.849907398223877
1.2957289218902588,1.1278886795043945,-0.2997300922870636,1.9612348079681396,2.1278886795043945,-0.2997300922870636,3.4612348079681396,2.1333651542663574,-0.2997032403945923,5.849907398223877
1.4287490844726562,1.127275824546814,-0.29822227358818054,1.9613860845565796,2.127275824546814,-0.29822227358818054,3.4613860845565796,2.135838031768799,-0.30123427510261536,5.700920104980469
1.5418627262115479,1.127275824546814,-0.29822227358818054,1.9613860845565796,2.127275824546814,-0.29822227358818054,3.4613860845565796,2.135838031768799,-0.30123427510261536,5.700920104980469
1.6631016731262207,1.12700617313385,-0.29608216881752014,1.9613524675369263,2.12700617313385,-0.29608216881752014,3.4613524675369263,2.138523817062378,-0.302507609128952,5.482804298400879
1.799048900604248,1.12700617313385,-0.29608216881752014,1.9613524675369263,2.12700617313385,-0.29608216881752014,3.4613524675369263,2.138523817062378,-0.302507609128952,5.482804298400879
1.8547277450561523,1.12700617313385,-0.29608216881752014,1.9613524675369263,2.12700617313385,-0.29608216881752014,3.4613524675369263,2.1417927742004395,-0.3033156394958496,5.192962646484375
1.9033453464508057,1.12700617313385,-0.29608216881752014,1.9613524675369263,2.12700617313385,-0.29608216881752014,3.4613524675369263,2.1417927742004395,-0.3033156394958496,5.192962646484375
1.9561560153961182,1.1264115571975708,-0.2943838834762573,1.9610792398452759,2.126411557197571,-0.2943838834762573,3.461079239845276,2.1417927742004395,-0.3033156394958496,5.192962646484375
2.0068283081054688,1.1264115571975708,-0.2943838834762573,1.9610792398452759,2.126411557197571,-0.2943838834762573,3.461079239845276,2.1417927742004395,-0.3033156394958496,5.192962646484375
2.1541426181793213,1.1264115571975708,-0.2943838834762573,1.9610792398452759,2.126411557197571,-0.2943838834762573,3.461079239845276,2.1453797817230225,-0.30376559495925903,4.857526779174805
2.2905588150024414,1.124981164932251,-0.2934083044528961,1.9607070684432983,2.124981164932251,-0.2934083044528961,3.4607070684432983,2.1453797817230225,-0.30376559495925903,4.857526779174805
2.42618727684021,1.1233510971069336,-0.2929874658584595,1.9604260921478271,2.1233510971069336,-0.2929874658584595,3.460426092147827,2.1480178833007812,-0.30365389585494995,4.52877950668335
2.556187391281128,1.1233510971069336,-0.2929874658584595,1.9604260921478271,2.1233510971069336,-0.2929874658584595,3.460426092147827,2.1480178833007812,-0.30365389585494995,4.52877950668335
2.662484645843506,1.1221613883972168,-0.2929554581642151,1.960228681564331,2.122161388397217,-0.2929554581642151,3.460228681564331,2.150010585784912,-0.30310484766960144,4.231922626495361
2.797987461090088,1.1221613883972168,-0.2929554581642151,1.960228681564331,2.122161388397217,-0.2929554581642151,3.460228681564331,2.150010585784912,-0.30310484766960144,4.231922626495361
2.9076569080352783,1.1208651065826416,-0.29344210028648376,1.9601202011108398,2.1208651065826416,-0.29344210028648376,3.46012020111084,2.1507375240325928,-0.3022676706314087,3.981717586517334
3.0537102222442627,1.1208651065826416,-0.29344210028648376,1.9601202011108398,2.1208651065826416,-0.29344210028648376,3.46012020111084,2.1507375240325928,-0.3022676706314087,3.981717586517334
3.1648178100585938,1.1185333728790283,-0.29428642988204956,1.9600107669830322,2.1185333728790283,-0.29428642988204956,3.4600107669830322,2.1511082649230957,-0.30168336629867554,3.779717445373535
3.276801347732544,1.1185333728790283,-0.29428642988204956,1.9600107669830322,2.1185333728790283,-0.29428642988204956,3.4600107669830322,2.1511082649230957,-0.30168336629867554,3.779717445373535
3.402985095977783,1.115863561630249,-0.2953038215637207,1.9599313735961914,2.115863561630249,-0.2953038215637207,3.4599313735961914,2.150513172149658,-0.3011959195137024,3.622987747192383
3.564425468444824,1.115863561630249,-0.2953038215637207,1.9599313735961914,2.115863561630249,-0.2953038215637207,3.4599313735961914,2.1491410732269287,-0.30098286271095276,3.5086581707000732
3.6791632175445557,1.1138142347335815,-0.2961371839046478,1.9598536491394043,2.1138142347335815,-0.2961371839046478,3.4598536491394043,2.1491410732269287,-0.30098286271095276,3.5086581707000732
3.7928621768951416,1.1138142347335815,-0.2961371839046478,1.9598536491394043,2.1138142347335815,-0.2961371839046478,3.4598536491394043,2.1491410732269287,-0.30098286271095276,3.5086581707000732
3.9111506938934326,1.112575888633728,-0.2966894805431366,1.9597663879394531,2.112575888633728,-0.2966894805431366,3.459766387939453,2.1471683979034424,-0.3010988235473633,3.4368979930877686
4.021041631698608,1.112575888633728,-0.2966894805431366,1.9597663879394531,2.112575888633728,-0.2966894805431366,3.459766387939453,2.1471683979034424,-0.3010988235473633,3.4368979930877686
4.13200306892395,1.112575888633728,-0.2966894805431366,1.9597663879394531,2.112575888633728,-0.2966894805431366,3.459766387939453,2.145951986312866,-0.3020126521587372,3.407280683517456
4.261362075805664,1.1120342016220093,-0.29710525274276733,1.9597312211990356,2.1120342016220093,-0.29710525274276733,3.4597312211990356,2.145951986312866,-0.3020126521587372,3.407280683517456
4.3933961391448975,1.1120342016220093,-0.29710525274276733,1.9597312211990356,2.1120342016220093,-0.29710525274276733,3.4597312211990356,2.1439595222473145,-0.3033449947834015,3.4101102352142334
4.5120697021484375,1.1119771003723145,-0.29816341400146484,1.9596986770629883,2.1119771003723145,-0.29816341400146484,3.4596986770629883,2.1439595222473145,-0.3033449947834015,3.4101102352142334
4.606836318969727,1.1119771003723145,-0.29816341400146484,1.9596986770629883,2.1119771003723145,-0.29816341400146484,3.4596986770629883,2.141942262649536,-0.3058150112628937,3.4280786514282227
4.735567092895508,1.112145185470581,-0.3004133403301239,1.9596461057662964,2.112145185470581,-0.3004133403301239,3.4596461057662964,2.141942262649536,-0.3058150112628937,3.4280786514282227
4.852624416351318,1.112145185470581,-0.3004133403301239,1.9596461057662964,2.112145185470581,-0.3004133403301239,3.4596461057662964,2.14017915725708,-0.30875030159950256,3.4479024410247803
4.972797870635986,1.11237370967865,-0.30277425050735474,1.9595829248428345,2.11237370967865,-0.30277425050735474,3.4595829248428345,2.14017915725708,-0.30875030159950256,3.4479024410247803
5.075372934341431,1.11237370967865,-0.30277425050735474,1.9595829248428345,2.11237370967865,-0.30277425050735474,3.4595829248428345,2.138800621032715,-0.3116545081138611,3.462982416152954
5.202812671661377,1.1127023696899414,-0.3046523332595825,1.9595541954040527,2.1127023696899414,-0.3046523332595825,3.4595541954040527,2.138800621032715,-0.3116545081138611,3.462982416152954
5.323839902877808,1.1127023696899414,-0.3046523332595825,1.9595541954040527,2.1127023696899414,-0.3046523332595825,3.4595541954040527,2.1366333961486816,-0.3138938844203949,3.4709198474884033
5.443283796310425,1.1129711866378784,-0.3057999908924103,1.959537386894226,2.1129711866378784,-0.3057999908924103,3.459537386894226,2.1366333961486816,-0.3138938844203949,3.4709198474884033
5.546245574951172,1.1129711866378784,-0.3057999908924103,1.959537386894226,2.1129711866378784,-0.3057999908924103,3.459537386894226,2.1344151496887207,-0.3154595196247101,3.473198652267456
5.649807691574097,1.1132292747497559,-0.3061850965023041,1.9594777822494507,2.113229274749756,-0.3061850965023041,3.4594777822494507,2.1344151496887207,-0.3154595196247101,3.473198652267456
5.760357856750488,1.1132292747497559,-0.3061850965023041,1.9594777822494507,2.113229274749756,-0.3061850965023041,3.4594777822494507,2.1344151496887207,-0.3154595196247101,3.473198652267456
5.856132507324219,1.1132292747497559,-0.3061850965023041,1.9594777822494507,2.113229274749756,-0.3061850965023041,3.4594777822494507,2.1319992542266846,-0.31656208634376526,3.4722251892089844
5.966979742050171,1.1134170293807983,-0.306358277797699,1.959434986114502,2.1134170293807983,-0.306358277797699,3.459434986114502,2.1319992542266846,-0.31656208634376526,3.4722251892089844
6.098432540893555,1.1134170293807983,-0.306358277797699,1.959434986114502,2.1134170293807983,-0.306358277797699,3.459434986114502,2.1291921138763428,-0.31751278042793274,3.470066547393799
6.212888717651367,1.1134617328643799,-0.3069537878036499,1.9596518278121948,2.11346173286438,-0.3069537878036499,3.459651827812195,2.1291921138763428,-0.31751278042793274,3.470066547393799
6.272775650024414,1.1134617328643799,-0.3069537878036499,1.9596518278121948,2.11346173286438,-0.3069537878036499,3.459651827812195,2.1291921138763428,-0.31751278042793274,3.470066547393799
6.3916144371032715,1.1134617328643799,-0.3069537878036499,1.9596518278121948,2.11346173286438,-0.3069537878036499,3.459651827812195,2.1265132427215576,-0.31787803769111633,3.467902421951294
6.496922731399536,1.1134791374206543,-0.30763983726501465,1.9599571228027344,2.1134791374206543,-0.30763983726501465,3.4599571228027344,2.1265132427215576,-0.31787803769111633,3.467902421951294
6.617745876312256,1.1134791374206543,-0.30763983726501465,1.9599571228027344,2.1134791374206543,-0.30763983726501465,3.4599571228027344,2.124767780303955,-0.31803610920906067,3.466118335723877
6.712947130203247,1.113556146621704,-0.3082946240901947,1.960249662399292,2.113556146621704,-0.3082946240901947,3.460249662399292,2.124767780303955,-0.31803610920906067,3.466118335723877
6.855722904205322,1.113556146621704,-0.3082946240901947,1.960249662399292,2.113556146621704,-0.3082946240901947,3.460249662399292,2.123826265335083,-0.31799036264419556,3.464967966079712
6.967004299163818,1.1136860847473145,-0.308766633272171,1.9605250358581543,2.1136860847473145,-0.308766633272171,3.4605250358581543,2.123826265335083,-0.31799036264419556,3.464967966079712
7.078356981277466,1.1136860847473145,-0.308766633272171,1.9605250358581543,2.1136860847473145,-0.308766633272171,3.4605250358581543,2.1238389015197754,-0.3181793689727783,3.46454119682312
7.19817328453064,1.1137468814849854,-0.30898380279541016,1.9607652425765991,2.1137468814849854,-0.30898380279541016,3.460765242576599,2.1238389015197754,-0.3181793689727783,3.46454119682312
7.256160020828247,1.1137468814849854,-0.30898380279541016,1.9607652425765991,2.1137468814849854,-0.30898380279541016,3.460765242576599,2.1238389015197754,-0.3181793689727783,3.46454119682312
7.379213094711304,1.1137468814849854,-0.30898380279541016,1.9607652425765991,2.1137468814849854,-0.30898380279541016,3.460765242576599,2.124027729034424,-0.3181121349334717,3.4645183086395264
7.49894380569458,1.1136811971664429,-0.3090048134326935,1.9609853029251099,2.113681197166443,-0.3090048134326935,3.46098530292511,2.124027729034424,-0.3181121349334717,3.4645183086395264
7.6166462898254395,1.1136811971664429,-0.3090048134326935,1.9609853029251099,2.113681197166443,-0.3090048134326935,3.46098530292511,2.124314308166504,-0.31796973943710327,3.464674234390259
7.727282524108887,1.1135528087615967,-0.3088536858558655,1.9611732959747314,2.1135528087615967,-0.3088536858558655,3.4611732959747314,2.124314308166504,-0.31796973943710327,3.464674234390259
7.853909969329834,1.1135528087615967,-0.3088536858558655,1.9611732959747314,2.1135528087615967,-0.3088536858558655,3.4611732959747314,2.124516487121582,-0.3178517520427704,3.464890480041504
7.964691162109375,1.1133887767791748,-0.3085700273513794,1.9613852500915527,2.113388776779175,-0.3085700273513794,3.4613852500915527,2.124516487121582,-0.3178517520427704,3.464890480041504
8.100343704223633,1.1133887767791748,-0.3085700273513794,1.9613852500915527,2.113388776779175,-0.3085700273513794,3.4613852500915527,2.124816656112671,-0.3183584213256836,3.465136766433716
8.217730283737183,1.1132936477661133,-0.308163046836853,1.9612584114074707,2.1132936477661133,-0.308163046836853,3.4612584114074707,2.124816656112671,-0.3183584213256836,3.465136766433716
8.343969583511353,1.1132936477661133,-0.308163046836853,1.9612584114074707,2.1132936477661133,-0.308163046836853,3.4612584114074707,2.1249895095825195,-0.3201790153980255,3.465235948562622
8.3895103931427,1.1132936477661133,-0.308163046836853,1.9612584114074707,2.1132936477661133,-0.308163046836853,3.4612584114074707,2.1249895095825195,-0.3201790153980255,3.465235948562622
8.447458505630493,1.1132049560546875,-0.307634174823761,1.960907220840454,2.1132049560546875,-0.307634174823761,3.460907220840454,2.1249895095825195,-0.3201790153980255,3.465235948562622
8.58218240737915,1.1132049560546875,-0.307634174823761,1.960907220840454,2.1132049560546875,-0.307634174823761,3.460907220840454,2.124859094619751,-0.3223118484020233,3.4651455879211426
8.635999202728271,1.1132049560546875,-0.307634174823761,1.960907220840454,2.1132049560546875,-0.307634174823761,3.460907220840454,2.124859094619751,-0.3223118484020233,3.4651455879211426
8.690397262573242,1.1131314039230347,-0.3069865107536316,1.9605671167373657,2.1131314039230347,-0.3069865107536316,3.4605671167373657,2.124859094619751,-0.3223118484020233,3.4651455879211426
8.743356704711914,1.1131314039230347,-0.3069865107536316,1.9605671167373657,2.1131314039230347,-0.3069865107536316,3.4605671167373657,2.124859094619751,-0.3223118484020233,3.4651455879211426
8.803828716278076,1.1131314039230347,-0.3069865107536316,1.9605671167373657,2.1131314039230347,-0.3069865107536316,3.4605671167373657,2.124859094619751,-0.3223118484020233,3.4651455879211426
8.864589214324951,1.1131314039230347,-0.3069865107536316,1.9605671167373657,2.1131314039230347,-0.3069865107536316,3.4605671167373657,2.124692916870117,-0.324110746383667,3.464773178100586
8.924624919891357,1.1131516695022583,-0.3056701421737671,1.960341453552246,2.1131516695022583,-0.3056701421737671,3.460341453552246,2.124692916870117,-0.324110746383667,3.464773178100586
8.985596656799316,1.1131516695022583,-0.3056701421737671,1.960341453552246,2.1131516695022583,-0.3056701421737671,3.460341453552246,2.124692916870117,-0.324110746383667,3.464773178100586
9.039334535598755,1.1131516695022583,-0.3056701421737671,1.960341453552246,2.1131516695022583,-0.3056701421737671,3.460341453552246,2.124692916870117,-0.324110746383667,3.464773178100586
9.802501916885376,1.1120599508285522,-0.30264145135879517,1.9599822759628296,2.1120599508285522,-0.30264145135879517,3.4599822759628296,2.1239895820617676,-0.32473042607307434,3.4631831645965576
9.841233253479004,1.1120599508285522,-0.30264145135879517,1.9599822759628296,2.1120599508285522,-0.30264145135879517,3.4599822759628296,2.1239895820617676,-0.32473042607307434,3.4631831645965576
9.948499917984009,1.1115715503692627,-0.3024401068687439,1.9599090814590454,2.1115715503692627,-0.3024401068687439,3.4599090814590454,2.1239895820617676,-0.32473042607307434,3.4631831645965576
9.99951434135437,1.1115715503692627,-0.3024401068687439,1.9599090814590454,2.1115715503692627,-0.3024401068687439,3.4599090814590454,2.1239895820617676,-0.32473042607307434,3.4631831645965576
10.050907135009766,1.1115715503692627,-0.3024401068687439,1.9599090814590454,2.1115715503692627,-0.3024401068687439,3.4599090814590454,2.1239895820617676,-0.32473042607307434,3.4631831645965576
10.110187292098999,1.1115715503692627,-0.3024401068687439,1.9599090814590454,2.1115715503692627,-0.3024401068687439,3.4599090814590454,2.1228346824645996,-0.32390832901000977,3.463026762008667
10.165452003479004,1.1115715503692627,-0.3024401068687439,1.9599090814590454,2.1115715503692627,-0.3024401068687439,3.4599090814590454,2.1228346824645996,-0.32390832901000977,3.463026762008667
10.223551273345947,1.1110998392105103,-0.3024766445159912,1.9598220586776733,2.1110998392105103,-0.3024766445159912,3.4598220586776733,2.1228346824645996,-0.32390832901000977,3.463026762008667
10.355844020843506,1.1110998392105103,-0.3024766445159912,1.9598220586776733,2.1110998392105103,-0.3024766445159912,3.4598220586776733,2.1212286949157715,-0.32227927446365356,3.462763786315918
10.466395378112793,1.1107100248336792,-0.3026210367679596,1.9597455263137817,2.110710024833679,-0.3026210367679596,3.4597455263137817,2.1212286949157715,-0.32227927446365356,3.462763786315918
10.561062574386597,1.1107100248336792,-0.3026210367679596,1.9597455263137817,2.110710024833679,-0.3026210367679596,3.4597455263137817,2.1196975708007812,-0.31939423084259033,3.4625422954559326
10.784299612045288,1.110461950302124,-0.30288317799568176,1.9597079753875732,2.110461950302124,-0.30288317799568176,3.4597079753875732,2.1196975708007812,-0.31939423084259033,3.4625422954559326
10.819058418273926,1.110461950302124,-0.30288317799568176,1.9597079753875732,2.110461950302124,-0.30288317799568176,3.4597079753875732,2.1196975708007812,-0.31939423084259033,3.4625422954559326
11.005625486373901,1.110257863998413,-0.30320626497268677,1.9596930742263794,2.110257863998413,-0.30320626497268677,3.4596930742263794,2.1185245513916016,-0.3161035478115082,3.462397336959839
11.179648160934448,1.1100611686706543,-0.30352655053138733,1.9596586227416992,2.1100611686706543,-0.30352655053138733,3.459658622741699,2.1179087162017822,-0.3134807050228119,3.462280750274658
11.369824409484863,1.1100611686706543,-0.30352655053138733,1.9596586227416992,2.1100611686706543,-0.30352655053138733,3.459658622741699,2.117560625076294,-0.31153222918510437,3.4622011184692383
11.591127872467041,1.1098746061325073,-0.303757905960083,1.9595779180526733,2.1098746061325073,-0.303757905960083,3.4595779180526733,2.1172947883605957,-0.31025514006614685,3.4621360301971436
11.830543518066406,1.1096043586730957,-0.3038877546787262,1.959523320198059,2.1096043586730957,-0.3038877546787262,3.459523320198059,2.116889238357544,-0.3097042143344879,3.4620590209960938
12.052899360656738,1.1097559928894043,-0.31511998176574707,1.9593418836593628,2.1097559928894043,-0.31511998176574707,3.459341883659363,2.116889238357544,-0.3097042143344879,3.4620590209960938
12.275404214859009,1.1130800247192383,-0.385328084230423,1.959134578704834,2.1130800247192383,-0.385328084230423,3.459134578704834,2.1154093742370605,-0.30968785285949707,3.4620063304901123
12.43915843963623,1.1203800439834595,-0.5279133915901184,1.9596248865127563,2.1203800439834595,-0.5279133915901184,3.4596248865127563,2.112879753112793,-0.3089127540588379,3.4619147777557373
12.62884259223938,1.1255255937576294,-0.6371853947639465,1.9598605632781982,2.1255255937576294,-0.6371853947639465,3.4598605632781982,2.1105849742889404,-0.31014183163642883,3.461729049682617
12.82953429222107,1.1297435760498047,-0.7331850528717041,1.9600363969802856,2.1297435760498047,-0.7331850528717041,3.4600363969802856,2.1095569133758545,-0.32483017444610596,3.4617395401000977
13.020209312438965,1.1345006227493286,-0.8318495750427246,1.9602614641189575,2.1345006227493286,-0.8318495750427246,3.4602614641189575,2.1095569133758545,-0.32483017444610596,3.4617395401000977
13.209898948669434,1.1386899948120117,-0.9190517067909241,1.9604623317718506,2.1386899948120117,-0.9190517067909241,3.4604623317718506,2.1102750301361084,-0.3634028136730194,3.4622673988342285
13.399262189865112,1.141741156578064,-0.9851236343383789,1.9606150388717651,2.141741156578064,-0.9851236343383789,3.460615038871765,2.1124613285064697,-0.42486321926116943,3.4628257751464844
13.608012676239014,1.1441940069198608,-1.0448496341705322,1.9607970714569092,2.144194006919861,-1.0448496341705322,3.460797071456909,2.1157383918762207,-0.5066998600959778,3.463183879852295
13.794869899749756,1.1463651657104492,-1.0871591567993164,1.9609593152999878,2.146365165710449,-1.0871591567993164,3.460959315299988,2.1157383918762207,-0.5066998600959778,3.463183879852295
14.008945226669312,1.149374008178711,-1.1254702806472778,1.9611026048660278,2.149374008178711,-1.1254702806472778,3.461102604866028,2.119544267654419,-0.6030640602111816,3.463435649871826
14.190441370010376,1.1520402431488037,-1.1488951444625854,1.9610300064086914,2.1520402431488037,-1.1488951444625854,3.4610300064086914,2.1235463619232178,-0.7067059278488159,3.463698148727417
14.38119101524353,1.1546931266784668,-1.1626851558685303,1.9608967304229736,2.154693126678467,-1.1626851558685303,3.4608967304229736,2.128605842590332,-0.8097485303878784,3.4638450145721436
14.60328483581543,1.1576811075210571,-1.1724343299865723,1.960634469985962,2.157681107521057,-1.1724343299865723,3.460634469985962,2.1342086791992188,-0.9065408706665039,3.4638113975524902
14.77748155593872,1.1593478918075562,-1.1758159399032593,1.960489273071289,2.159347891807556,-1.1758159399032593,3.460489273071289,2.1342086791992188,-0.9065408706665039,3.4638113975524902
14.973014116287231,1.1609331369400024,-1.1769522428512573,1.960340976715088,2.1609331369400024,-1.1769522428512573,3.460340976715088,2.140092134475708,-0.9912514686584473,3.463608741760254
15.157802820205688,1.1619081497192383,-1.1757069826126099,1.9602477550506592,2.1619081497192383,-1.1757069826126099,3.460247755050659,2.145587205886841,-1.0618242025375366,3.463095188140869
15.379400253295898,1.1623787879943848,-1.1726535558700562,1.960166573524475,2.1623787879943848,-1.1726535558700562,3.460166573524475,2.150434970855713,-1.1167958974838257,3.4625048637390137
15.416957378387451,1.1625124216079712,-1.17227041721344,1.9601638317108154,2.162512421607971,-1.17227041721344,3.4601638317108154,2.150434970855713,-1.1167958974838257,3.4625048637390137
15.632984399795532,1.1624729633331299,-1.1682621240615845,1.960120677947998,2.16247296333313,-1.1682621240615845,3.460120677947998,2.155315637588501,-1.156670093536377,3.4620347023010254
15.85409927368164,1.1630265712738037,-1.1648759841918945,1.9600379467010498,2.1630265712738037,-1.1648759841918945,3.46003794670105,2.159649133682251,-1.1830382347106934,3.4616787433624268
16.060089111328125,1.1644169092178345,-1.1607933044433594,1.9599087238311768,2.1644169092178345,-1.1607933044433594,3.4599087238311768,2.1630442142486572,-1.1981700658798218,3.461390256881714
16.235438108444214,1.165587067604065,-1.1572239398956299,1.959818959236145,2.165587067604065,-1.1572239398956299,3.459818959236145,2.1630442142486572,-1.1981700658798218,3.461390256881714
16.42564845085144,1.1666113138198853,-1.1536012887954712,1.9598280191421509,2.1666113138198853,-1.1536012887954712,3.459828019142151,2.1659884452819824,-1.2048884630203247,3.461118221282959
16.63260006904602,1.1672135591506958,-1.150455355644226,1.959823727607727,2.167213559150696,-1.150455355644226,3.459823727607727,2.168166399002075,-1.205283522605896,3.460716724395752
16.856253623962402,1.1674730777740479,-1.1469765901565552,1.9598186016082764,2.167473077774048,-1.1469765901565552,3.4598186016082764,2.1694939136505127,-1.2012723684310913,3.4603676795959473
16.899201154708862,1.167453646659851,-1.1463061571121216,1.959821105003357,2.167453646659851,-1.1463061571121216,3.459821105003357,2.1694939136505127,-1.2012723684310913,3.4603676795959473
17.125455379486084,1.1671538352966309,-1.1428576707839966,1.9597983360290527,2.167153835296631,-1.1428576707839966,3.4597983360290527,2.1701738834381104,-1.1951518058776855,3.460054636001587
17.33114743232727,1.1666127443313599,-1.1402699947357178,1.9597382545471191,2.16661274433136,-1.1402699947357178,3.459738254547119,2.1703436374664307,-1.1882497072219849,3.459869861602783
17.55138897895813,1.1657246351242065,-1.137961506843567,1.959642767906189,2.1657246351242065,-1.137961506843567,3.459642767906189,2.170213222503662,-1.181565284729004,3.459712028503418
17.76012897491455,1.1647990942001343,-1.1367976665496826,1.9595856666564941,2.1647990942001343,-1.1367976665496826,3.459585666656494,2.170213222503662,-1.181565284729004,3.459712028503418
17.918447494506836,1.1634811162948608,-1.136068344116211,1.9595588445663452,2.163481116294861,-1.136068344116211,3.459558844566345,2.1697938442230225,-1.1749963760375977,3.4595985412597656
18.12449026107788,1.161252737045288,-1.1351537704467773,1.959540605545044,2.161252737045288,-1.1351537704467773,3.459540605545044,2.169084072113037,-1.168247103691101,3.4594855308532715
18.315216064453125,1.1587013006210327,-1.1340854167938232,1.9595246315002441,2.1587013006210327,-1.1340854167938232,3.459524631500244,2.168178081512451,-1.1616096496582031,3.4593803882598877
18.552784204483032,1.1560708284378052,-1.1329981088638306,1.959513545036316,2.156070828437805,-1.1329981088638306,3.459513545036316,2.1668593883514404,-1.1560664176940918,3.4593098163604736
18.774813413619995,1.154317855834961,-1.1323699951171875,1.9594826698303223,2.154317855834961,-1.1323699951171875,3.4594826698303223,2.1668593883514404,-1.1560664176940918,3.4593098163604736
18.98101282119751,1.1530388593673706,-1.1319198608398438,1.9594680070877075,2.1530388593673706,-1.1319198608398438,3.4594680070877075,2.165156602859497,-1.1512576341629028,3.4592275619506836
19.17048478126526,1.1524072885513306,-1.1316224336624146,1.9594380855560303,2.1524072885513306,-1.1316224336624146,3.4594380855560303,2.163414478302002,-1.1466115713119507,3.4591732025146484
19.376028060913086,1.1522198915481567,-1.1313893795013428,1.9594523906707764,2.1522198915481567,-1.1313893795013428,3.4594523906707764,2.1615724563598633,-1.1428258419036865,3.459120988845825
19.65977716445923,1.1523178815841675,-1.1311471462249756,1.9594110250473022,2.1523178815841675,-1.1311471462249756,3.4594110250473022,2.1590445041656494,-1.1383514404296875,3.4590530395507812
19.707751750946045,1.1522836685180664,-1.131081223487854,1.9594041109085083,2.1522836685180664,-1.131081223487854,3.4594041109085083,2.1586475372314453,-1.1374051570892334,3.4590394496917725
19.907850742340088,1.1526848077774048,-1.1307060718536377,1.9595236778259277,2.152684807777405,-1.1307060718536377,3.4595236778259277,2.15704083442688,-1.1345555782318115,3.4589827060699463
20.13971209526062,1.1531918048858643,-1.1292887926101685,1.9597992897033691,2.1531918048858643,-1.1292887926101685,3.459799289703369,2.1550137996673584,-1.1317501068115234,3.4589011669158936
20.175594091415405,1.153411865234375,-1.1288909912109375,1.959882378578186,2.153411865234375,-1.1288909912109375,3.459882378578186,2.1546733379364014,-1.1313397884368896,3.4588801860809326
20.234092712402344,1.1534204483032227,-1.1283098459243774,1.9599493741989136,2.1534204483032227,-1.1283098459243774,3.4599493741989136,2.1541950702667236,-1.1308099031448364,3.458852529525757
20.297638654708862,1.1535238027572632,-1.1281942129135132,1.9599647521972656,2.153523802757263,-1.1281942129135132,3.4599647521972656,2.153777837753296,-1.1303989887237549,3.458858013153076
20.36275577545166,1.1536861658096313,-1.1273542642593384,1.9600690603256226,2.1536861658096313,-1.1273542642593384,3.4600690603256226,2.1532421112060547,-1.129851222038269,3.4588606357574463
20.41283106803894,1.1537833213806152,-1.1270464658737183,1.96012282371521,2.1537833213806152,-1.1270464658737183,3.46012282371521,2.153139114379883,-1.1297600269317627,3.458874464035034
20.46359348297119,1.1537785530090332,-1.1265387535095215,1.9601894617080688,2.153778553009033,-1.1265387535095215,3.460189461708069,2.1527762413024902,-1.1293723583221436,3.4588701725006104
20.51981472969055,1.1537383794784546,-1.1260242462158203,1.960264801979065,2.1537383794784546,-1.1260242462158203,3.460264801979065,2.152454376220703,-1.1290260553359985,3.4588875770568848
20.569550037384033,1.153871774673462,-1.12581205368042,1.960318684577942,2.153871774673462,-1.12581205368042,3.460318684577942,2.1522700786590576,-1.128829002380371,3.458911418914795
20.622376680374146,1.1539397239685059,-1.1254698038101196,1.9603921175003052,2.153939723968506,-1.1254698038101196,3.460392117500305,2.1519060134887695,-1.1285306215286255,3.4589505195617676
20.68423080444336,1.153477668762207,-1.1249747276306152,1.9604731798171997,2.153477668762207,-1.1249747276306152,3.4604731798171997,2.1514432430267334,-1.1282464265823364,3.458997964859009
20.741434335708618,1.1532721519470215,-1.1246529817581177,1.960545301437378,2.1532721519470215,-1.1246529817581177,3.460545301437378,2.151052713394165,-1.1279842853546143,3.459040403366089
20.79022979736328,1.1533198356628418,-1.1245561838150024,1.9605872631072998,2.153319835662842,-1.1245561838150024,3.4605872631073,2.150846004486084,-1.1278314590454102,3.459080934524536
20.854318141937256,1.1529226303100586,-1.1242398023605347,1.9606486558914185,2.1529226303100586,-1.1242398023605347,3.4606486558914185,2.150171995162964,-1.1275882720947266,3.4591243267059326
20.912327527999878,1.1526623964309692,-1.124064326286316,1.9606871604919434,2.1526623964309692,-1.124064326286316,3.4606871604919434,2.149521827697754,-1.127353310585022,3.459188222885132
20.975167274475098,1.1524450778961182,-1.123888611793518,1.9607619047164917,2.152445077896118,-1.123888611793518,3.4607619047164917,2.1490769386291504,-1.1271511316299438,3.459263324737549
21.03371787071228,1.1522585153579712,-1.1237733364105225,1.9608192443847656,2.152258515357971,-1.1237733364105225,3.4608192443847656,2.1481447219848633,-1.1266542673110962,3.459343671798706
21.20210599899292,1.1513402462005615,-1.1234118938446045,1.9609854221343994,2.1513402462005615,-1.1234118938446045,3.4609854221343994,2.146555185317993,-1.1255767345428467,3.459486722946167
22.120962858200073,1.1490058898925781,-1.1241523027420044,1.9613786935806274,2.149005889892578,-1.1241523027420044,3.4613786935806274,2.14166259765625,-1.1203564405441284,3.461836338043213
22.221345901489258,1.1490283012390137,-1.1246532201766968,1.9611351490020752,2.1490283012390137,-1.1246532201766968,3.461135149002075,2.141749858856201,-1.1201605796813965,3.46203351020813
22.335851669311523,1.1490283012390137,-1.1246532201766968,1.9611351490020752,2.1490283012390137,-1.1246532201766968,3.461135149002075,2.14166522026062,-1.1199575662612915,3.4622342586517334
22.44889998435974,1.1491787433624268,-1.12511146068573,1.9608055353164673,2.1491787433624268,-1.12511146068573,3.4608055353164673,2.141846179962158,-1.1199016571044922,3.4623937606811523
22.559371948242188,1.1491787433624268,-1.12511146068573,1.9608055353164673,2.1491787433624268,-1.12511146068573,3.4608055353164673,2.1419076919555664,-1.119868278503418,3.462540864944458
22.66983675956726,1.149125099182129,-1.125435471534729,1.9604580402374268,2.149125099182129,-1.125435471534729,3.4604580402374268,2.1419403553009033,-1.1196359395980835,3.4625957012176514
22.725030183792114,1.149125099182129,-1.125435471534729,1.9604580402374268,2.149125099182129,-1.125435471534729,3.4604580402374268,2.141956090927124,-1.1194535493850708,3.4625916481018066
22.82833456993103,1.149125099182129,-1.125435471534729,1.9604580402374268,2.149125099182129,-1.125435471534729,3.4604580402374268,2.1420655250549316,-1.1191023588180542,3.4625301361083984
22.938910722732544,1.1492761373519897,-1.1268985271453857,1.9602421522140503,2.1492761373519897,-1.1268985271453857,3.4602421522140503,2.1421151161193848,-1.11831533908844,3.4623844623565674
23.03367280960083,1.1492761373519897,-1.1268985271453857,1.9602421522140503,2.1492761373519897,-1.1268985271453857,3.4602421522140503,2.1421775817871094,-1.1176581382751465,3.46219801902771
23.144299745559692,1.1492761373519897,-1.1268985271453857,1.9602421522140503,2.1492761373519897,-1.1268985271453857,3.4602421522140503,2.14219331741333,-1.116929292678833,3.461977481842041
23.239124536514282,1.1496003866195679,-1.1291594505310059,1.960123062133789,2.149600386619568,-1.1291594505310059,3.460123062133789,2.1422650814056396,-1.116343379020691,3.461754083633423
23.349777698516846,1.1496003866195679,-1.1291594505310059,1.960123062133789,2.149600386619568,-1.1291594505310059,3.460123062133789,2.1423044204711914,-1.115655779838562,3.46148943901062
23.47169280052185,1.1499912738800049,-1.1312994956970215,1.9600272178649902,2.149991273880005,-1.1312994956970215,3.4600272178649902,2.142367362976074,-1.115173101425171,3.4612185955047607
23.580130100250244,1.1499912738800049,-1.1312994956970215,1.9600272178649902,2.149991273880005,-1.1312994956970215,3.4600272178649902,2.1424708366394043,-1.1149908304214478,3.4609994888305664
23.682702779769897,1.1497924327850342,-1.1329057216644287,1.959933876991272,2.149792432785034,-1.1329057216644287,3.459933876991272,2.142373561859131,-1.1147018671035767,3.4607362747192383
23.793065786361694,1.1497924327850342,-1.1329057216644287,1.959933876991272,2.149792432785034,-1.1329057216644287,3.459933876991272,2.14250111579895,-1.114951729774475,3.460545301437378
23.90623903274536,1.1497482061386108,-1.1337783336639404,1.959865927696228,2.149748206138611,-1.1337783336639404,3.459865927696228,2.142354965209961,-1.1149656772613525,3.460355758666992
24.01799750328064,1.1497482061386108,-1.1337783336639404,1.959865927696228,2.149748206138611,-1.1337783336639404,3.459865927696228,2.1423609256744385,-1.1154004335403442,3.4601681232452393
24.13857913017273,1.1497482061386108,-1.1337783336639404,1.959865927696228,2.149748206138611,-1.1337783336639404,3.459865927696228,2.1423351764678955,-1.1159296035766602,3.46002459526062
24.237223386764526,1.1498534679412842,-1.1340900659561157,1.959765911102295,2.149853467941284,-1.1340900659561157,3.459765911102295,2.142338752746582,-1.1164703369140625,3.4598920345306396
24.289312601089478,1.1498534679412842,-1.1340900659561157,1.959765911102295,2.149853467941284,-1.1340900659561157,3.459765911102295,2.1423089504241943,-1.1166634559631348,3.459843635559082
24.395505905151367,1.1498534679412842,-1.1340900659561157,1.959765911102295,2.149853467941284,-1.1340900659561157,3.459765911102295,2.142402172088623,-1.1175512075424194,3.459733009338379
24.554628610610962,1.1502217054367065,-1.1340299844741821,1.9597175121307373,2.1502217054367065,-1.1340299844741821,3.4597175121307373,2.142322063446045,-1.1183832883834839,3.4596495628356934
24.6651029586792,1.150041937828064,-1.1337034702301025,1.9596797227859497,2.150041937828064,-1.1337034702301025,3.4596797227859497,2.142261266708374,-1.1189450025558472,3.4596145153045654
24.795496463775635,1.150041937828064,-1.1337034702301025,1.9596797227859497,2.150041937828064,-1.1337034702301025,3.4596797227859497,2.1424002647399902,-1.119652271270752,3.4596028327941895
24.887313842773438,1.150041937828064,-1.1337034702301025,1.9596797227859497,2.150041937828064,-1.1337034702301025,3.4596797227859497,2.1424155235290527,-1.12051522731781,3.459578275680542
25.014071226119995,1.1500476598739624,-1.133223295211792,1.9596006870269775,2.1500476598739624,-1.133223295211792,3.4596006870269775,2.1425085067749023,-1.1215503215789795,3.4595487117767334
25.126848936080933,1.1500476598739624,-1.133223295211792,1.9596006870269775,2.1500476598739624,-1.133223295211792,3.4596006870269775,2.1425139904022217,-1.1226370334625244,3.4595465660095215
25.241668939590454,1.1502728462219238,-1.1326428651809692,1.959549903869629,2.150272846221924,-1.1326428651809692,3.459549903869629,2.1425743103027344,-1.1239843368530273,3.459507465362549
25.34626579284668,1.1502728462219238,-1.1326428651809692,1.959549903869629,2.150272846221924,-1.1326428651809692,3.459549903869629,2.1427297592163086,-1.1253467798233032,3.459442377090454
25.458176136016846,1.150426983833313,-1.132083535194397,1.9595328569412231,2.150426983833313,-1.132083535194397,3.459532856941223,2.1427173614501953,-1.1263089179992676,3.4594104290008545
25.584851264953613,1.150426983833313,-1.132083535194397,1.9595328569412231,2.150426983833313,-1.132083535194397,3.459532856941223,2.1428568363189697,-1.1275913715362549,3.4593749046325684
25.679686546325684,1.1502282619476318,-1.1315028667449951,1.959517240524292,2.150228261947632,-1.1315028667449951,3.459517240524292,2.1426308155059814,-1.1279983520507812,3.4593350887298584
25.792668342590332,1.1502282619476318,-1.1315028667449951,1.959517240524292,2.150228261947632,-1.1315028667449951,3.459517240524292,2.1426644325256348,-1.1287827491760254,3.459317445755005
25.916940689086914,1.1500385999679565,-1.1310279369354248,1.9595015048980713,2.1500385999679565,-1.1310279369354248,3.4595015048980713,2.1424999237060547,-1.1289554834365845,3.4593141078948975
26.028616189956665,1.1500385999679565,-1.1310279369354248,1.9595015048980713,2.1500385999679565,-1.1310279369354248,3.4595015048980713,2.1424927711486816,-1.1294349431991577,3.459318161010742
26.139649868011475,1.1500385999679565,-1.1310279369354248,1.9595015048980713,2.1500385999679565,-1.1310279369354248,3.4595015048980713,2.1424927711486816,-1.1294349431991577,3.459318161010742
26.19125747680664,1.1500606536865234,-1.1306871175765991,1.9594625234603882,2.1500606536865234,-1.1306871175765991,3.459462523460388,2.1424927711486816,-1.1294349431991577,3.459318161010742
26.243172883987427,1.1500606536865234,-1.1306871175765991,1.9594625234603882,2.1500606536865234,-1.1306871175765991,3.459462523460388,2.1424927711486816,-1.1294349431991577,3.459318161010742
26.360769271850586,1.1500606536865234,-1.1306871175765991,1.9594625234603882,2.1500606536865234,-1.1306871175765991,3.459462523460388,2.1423068046569824,-1.1302086114883423,3.4592788219451904
26.42535138130188,1.150267481803894,-1.130581259727478,1.9594461917877197,2.150267481803894,-1.130581259727478,3.4594461917877197,2.1423068046569824,-1.1302086114883423,3.4592788219451904
26.54979157447815,1.150267481803894,-1.130581259727478,1.9594461917877197,2.150267481803894,-1.130581259727478,3.4594461917877197,2.1423068046569824,-1.1302086114883423,3.4592788219451904
26.652725219726562,1.150267481803894,-1.130581259727478,1.9594461917877197,2.150267481803894,-1.130581259727478,3.4594461917877197,2.1421217918395996,-1.1306294202804565,3.45918345451355
26.75519633293152,1.1501554250717163,-1.1306082010269165,1.9594471454620361,2.1501554250717163,-1.1306082010269165,3.459447145462036,2.1421217918395996,-1.1306294202804565,3.45918345451355
26.868865251541138,1.1501554250717163,-1.1306082010269165,1.9594471454620361,2.1501554250717163,-1.1306082010269165,3.459447145462036,2.1420111656188965,-1.1307698488235474,3.4591403007507324
26.992259740829468,1.1501463651657104,-1.1307133436203003,1.9594027996063232,2.1501463651657104,-1.1307133436203003,3.4594027996063232,2.1420111656188965,-1.1307698488235474,3.4591403007507324
27.037129163742065,1.1501463651657104,-1.1307133436203003,1.9594027996063232,2.1501463651657104,-1.1307133436203003,3.4594027996063232,2.1420111656188965,-1.1307698488235474,3.4591403007507324
27.096572875976562,1.1501463651657104,-1.1307133436203003,1.9594027996063232,2.1501463651657104,-1.1307133436203003,3.4594027996063232,2.14198637008667,-1.1304835081100464,3.459106206893921
27.14941382408142,1.1501463651657104,-1.1307133436203003,1.9594027996063232,2.1501463651657104,-1.1307133436203003,3.4594027996063232,2.14198637008667,-1.1304835081100464,3.459106206893921
27.213987112045288,1.1503865718841553,-1.1307754516601562,1.9593878984451294,2.1503865718841553,-1.1307754516601562,3.4593878984451294,2.14198637008667,-1.1304835081100464,3.459106206893921
27.27491021156311,1.1503865718841553,-1.1307754516601562,1.9593878984451294,2.1503865718841553,-1.1307754516601562,3.4593878984451294,2.14198637008667,-1.1304835081100464,3.459106206893921
27.325340509414673,1.1503865718841553,-1.1307754516601562,1.9593878984451294,2.1503865718841553,-1.1307754516601562,3.4593878984451294,2.142036199569702,-1.12990140914917,3.4590444564819336
27.381965398788452,1.1503865718841553,-1.1307754516601562,1.9593878984451294,2.1503865718841553,-1.1307754516601562,3.4593878984451294,2.142036199569702,-1.12990140914917,3.4590444564819336
27.49946880340576,1.150712490081787,-1.1307405233383179,1.9593892097473145,2.150712490081787,-1.1307405233383179,3.4593892097473145,2.142036199569702,-1.12990140914917,3.4590444564819336
27.610442638397217,1.150712490081787,-1.1307405233383179,1.9593892097473145,2.150712490081787,-1.1307405233383179,3.4593892097473145,2.1420397758483887,-1.1292606592178345,3.458974838256836
27.731142282485962,1.1505215167999268,-1.130711555480957,1.9593853950500488,2.1505215167999268,-1.130711555480957,3.459385395050049,2.1420397758483887,-1.1292606592178345,3.458974838256836
27.84804344177246,1.1505215167999268,-1.130711555480957,1.9593853950500488,2.1505215167999268,-1.130711555480957,3.459385395050049,2.1420700550079346,-1.1285977363586426,3.458989143371582
27.958086729049683,1.150301218032837,-1.130771517753601,1.9594749212265015,2.150301218032837,-1.130771517753601,3.4594749212265015,2.1420700550079346,-1.1285977363586426,3.458989143371582
28.085044622421265,1.150301218032837,-1.130771517753601,1.9594749212265015,2.150301218032837,-1.130771517753601,3.4594749212265015,2.141993284225464,-1.1278963088989258,3.4590041637420654
28.1959285736084,1.1502684354782104,-1.1309057474136353,1.9598026275634766,2.1502684354782104,-1.1309057474136353,3.4598026275634766,2.141993284225464,-1.1278963088989258,3.4590041637420654
28.307320594787598,1.1502684354782104,-1.1309057474136353,1.9598026275634766,2.1502684354782104,-1.1309057474136353,3.4598026275634766,2.141993284225464,-1.1278963088989258,3.4590041637420654
28.40261220932007,1.1502684354782104,-1.1309057474136353,1.9598026275634766,2.1502684354782104,-1.1309057474136353,3.4598026275634766,2.142101526260376,-1.126997470855713,3.458868980407715
28.5943865776062,1.1504887342453003,-1.1310245990753174,1.9601638317108154,2.1504887342453003,-1.1310245990753174,3.4601638317108154,2.1423118114471436,-1.1257545948028564,3.45879864692688
28.65027952194214,1.1504887342453003,-1.1310245990753174,1.9601638317108154,2.1504887342453003,-1.1310245990753174,3.4601638317108154,2.1423118114471436,-1.1257545948028564,3.45879864692688
28.863946437835693,1.1504263877868652,-1.131020426750183,1.960444688796997,2.1504263877868652,-1.131020426750183,3.460444688796997,2.1425867080688477,-1.1246570348739624,3.4587924480438232
29.0538010597229,1.1503010988235474,-1.1309701204299927,1.9606995582580566,2.1503010988235474,-1.1309701204299927,3.4606995582580566,2.1425867080688477,-1.1246570348739624,3.4587924480438232
29.27629327774048,1.1503187417984009,-1.1309665441513062,1.9609246253967285,2.150318741798401,-1.1309665441513062,3.4609246253967285,2.142616033554077,-1.1236443519592285,3.4589321613311768
29.326702117919922,1.1503187417984009,-1.1309665441513062,1.9609246253967285,2.150318741798401,-1.1309665441513062,3.4609246253967285,2.142616033554077,-1.1236443519592285,3.4589321613311768
29.513817071914673,1.150475263595581,-1.1309974193572998,1.9611133337020874,2.150475263595581,-1.1309974193572998,3.4611133337020874,2.1421735286712646,-1.1229126453399658,3.4592034816741943
29.719241619110107,1.1502498388290405,-1.1306493282318115,1.9613192081451416,2.1502498388290405,-1.1306493282318115,3.4613192081451416,2.141127347946167,-1.122711181640625,3.459531784057617
29.762574911117554,1.1502498388290405,-1.1306493282318115,1.9613192081451416,2.1502498388290405,-1.1306493282318115,3.4613192081451416,2.141127347946167,-1.122711181640625,3.459531784057617
29.957197189331055,1.1459083557128906,-1.1286137104034424,1.9613760709762573,2.1459083557128906,-1.1286137104034424,3.4613760709762573,2.1398632526397705,-1.1227320432662964,3.459773302078247
30.178752183914185,1.0959492921829224,-1.1210092306137085,1.9609819650650024,2.0959492921829224,-1.1210092306137085,3.4609819650650024,2.1385295391082764,-1.1216154098510742,3.459932327270508
30.386600732803345,1.0959492921829224,-1.1210092306137085,1.9609819650650024,2.0959492921829224,-1.1210092306137085,3.4609819650650024,2.137350082397461,-1.1194967031478882,3.459991216659546
30.60225534439087,0.988286554813385,-1.1076844930648804,1.9609191417694092,1.988286554813385,-1.1076844930648804,3.460919141769409,2.133445978164673,-1.1169097423553467,3.459937810897827
30.782259464263916,0.8572960495948792,-1.0921293497085571,1.960834264755249,1.8572960495948792,-1.0921293497085571,3.460834264755249,2.133445978164673,-1.1169097423553467,3.459937810897827
30.987370014190674,0.7278228998184204,-1.0773561000823975,1.9605354070663452,1.7278228998184204,-1.0773561000823975,3.460535407066345,2.1250288486480713,-1.114030361175537,3.459892511367798
31.14684247970581,0.7278228998184204,-1.0773561000823975,1.9605354070663452,1.7278228998184204,-1.0773561000823975,3.460535407066345,2.1037330627441406,-1.1101059913635254,3.459831714630127
31.33330464363098,0.6122491955757141,-1.064699649810791,1.9601593017578125,1.6122491955757141,-1.064699649810791,3.4601593017578125,2.0611166954040527,-1.1044529676437378,3.4597480297088623
31.558239936828613,0.5171679854393005,-1.0548077821731567,1.9598554372787476,1.5171679854393005,-1.0548077821731567,3.4598554372787476,1.9994533061981201,-1.097475528717041,3.4596681594848633
31.779940128326416,0.44352397322654724,-1.0483590364456177,1.959720253944397,1.4435239732265472,-1.0483590364456177,3.459720253944397,1.9994533061981201,-1.097475528717041,3.4596681594848633
32.00581645965576,0.3902471661567688,-1.0441523790359497,1.959678053855896,1.3902471661567688,-1.0441523790359497,3.459678053855896,1.9213049411773682,-1.0889400243759155,3.4595413208007812
32.1754367351532,0.355325847864151,-1.041710615158081,1.9596484899520874,1.355325847864151,-1.041710615158081,3.4596484899520874,1.8305689096450806,-1.0786010026931763,3.4594531059265137
32.33974504470825,0.355325847864151,-1.041710615158081,1.9596484899520874,1.355325847864151,-1.041710615158081,3.4596484899520874,1.7340062856674194,-1.0683355331420898,3.459385871887207
32.55569672584534,0.33492693305015564,-1.0409843921661377,1.9596221446990967,1.3349269330501556,-1.0409843921661377,3.4596221446990967,1.7340062856674194,-1.0683355331420898,3.459385871887207
32.76243567466736,0.3242766261100769,-1.0413392782211304,1.959568738937378,1.324276626110077,-1.0413392782211304,3.459568738937378,1.6373807191848755,-1.058534860610962,3.4593849182128906
32.943023681640625,0.3200088143348694,-1.0422837734222412,1.9595308303833008,1.3200088143348694,-1.0422837734222412,3.459530830383301,1.5488651990890503,-1.0496346950531006,3.4593865871429443
33.11029815673828,0.3200088143348694,-1.0422837734222412,1.9595308303833008,1.3200088143348694,-1.0422837734222412,3.459530830383301,1.472616195678711,-1.042520523071289,3.459350347518921
33.2729651927948,0.3205539882183075,-1.0434234142303467,1.959537148475647,1.3205539882183075,-1.0434234142303467,3.459537148475647,1.472616195678711,-1.042520523071289,3.459350347518921
33.44587230682373,0.3236643671989441,-1.0445051193237305,1.959612250328064,1.323664367198944,-1.0445051193237305,3.459612250328064,1.409792423248291,-1.0370221138000488,3.459362506866455
33.66634821891785,0.3236643671989441,-1.0445051193237305,1.959612250328064,1.323664367198944,-1.0445051193237305,3.459612250328064,1.3612202405929565,-1.0333137512207031,3.459319829940796
33.88781714439392,0.3272261321544647,-1.0453312397003174,1.9595849514007568,1.3272261321544647,-1.0453312397003174,3.459584951400757,1.3263704776763916,-1.0314245223999023,3.459193468093872
33.94201302528381,0.331045001745224,-1.0458985567092896,1.959603190422058,1.331045001745224,-1.0458985567092896,3.459603190422058,1.3263704776763916,-1.0314245223999023,3.459193468093872
34.11976170539856,0.331045001745224,-1.0458985567092896,1.959603190422058,1.331045001745224,-1.0458985567092896,3.459603190422058,1.302801251411438,-1.030585527420044,3.4589767456054688
34.29999780654907,0.3341926634311676,-1.0461384057998657,1.9595483541488647,1.3341926634311676,-1.0461384057998657,3.4595483541488647,1.302801251411438,-1.030585527420044,3.4589767456054688
34.52267527580261,0.33673959970474243,-1.0461877584457397,1.9595417976379395,1.3367395997047424,-1.0461877584457397,3.4595417976379395,1.289237380027771,-1.0309715270996094,3.458850383758545
34.7250542640686,0.339163601398468,-1.0461492538452148,1.959891676902771,1.339163601398468,-1.0461492538452148,3.459891676902771,1.283565878868103,-1.031888723373413,3.4587910175323486
34.90981149673462,0.339163601398468,-1.0461492538452148,1.959891676902771,1.339163601398468,-1.0461492538452148,3.459891676902771,1.2839781045913696,-1.0327796936035156,3.4588143825531006
35.12681818008423,0.3421573042869568,-1.0461264848709106,1.9603891372680664,1.3421573042869568,-1.0461264848709106,3.4603891372680664,1.2878715991973877,-1.0333657264709473,3.4587926864624023
35.343780755996704,0.34529292583465576,-1.0462313890457153,1.9607534408569336,1.3452929258346558,-1.0462313890457153,3.4607534408569336,1.2935067415237427,-1.0339202880859375,3.4588944911956787
35.55622172355652,0.34865930676460266,-1.0470634698867798,1.9610042572021484,1.3486593067646027,-1.0470634698867798,3.4610042572021484,1.2993810176849365,-1.0342812538146973,3.4591383934020996
35.76174283027649,0.35114216804504395,-1.0493346452713013,1.9612146615982056,1.351142168045044,-1.0493346452713013,3.4612146615982056,1.2993810176849365,-1.0342812538146973,3.4591383934020996
35.921268939971924,0.3530742824077606,-1.0516389608383179,1.9613776206970215,1.3530742824077606,-1.0516389608383179,3.4613776206970215,1.3047617673873901,-1.0343189239501953,3.4596855640411377
36.14149212837219,0.3530742824077606,-1.0516389608383179,1.9613776206970215,1.3530742824077606,-1.0516389608383179,3.4613776206970215,1.309286117553711,-1.0342862606048584,3.460761070251465
36.362802505493164,0.3550514876842499,-1.0534207820892334,1.961550235748291,1.3550514876842499,-1.0534207820892334,3.461550235748291,1.3139867782592773,-1.0347638130187988,3.461777448654175
36.605167388916016,0.357155442237854,-1.0545092821121216,1.9616512060165405,1.357155442237854,-1.0545092821121216,3.4616512060165405,1.3182021379470825,-1.0356451272964478,3.462489366531372
36.80745577812195,0.35829704999923706,-1.0550868511199951,1.9615427255630493,1.358297049999237,-1.0550868511199951,3.4615427255630493,1.3215757608413696,-1.0366097688674927,3.462883472442627
37.00231170654297,0.35912105441093445,-1.0551483631134033,1.9611862897872925,1.3591210544109344,-1.0551483631134033,3.4611862897872925,1.3215757608413696,-1.0366097688674927,3.462883472442627
37.17347693443298,0.3595317304134369,-1.0549672842025757,1.9608393907546997,1.359531730413437,-1.0549672842025757,3.4608393907546997,1.3250905275344849,-1.0373939275741577,3.4631481170654297
37.36093306541443,0.3595317304134369,-1.0549672842025757,1.9608393907546997,1.359531730413437,-1.0549672842025757,3.4608393907546997,1.329343318939209,-1.0383716821670532,3.4630541801452637
37.56708860397339,0.35977450013160706,-1.0545789003372192,1.9605220556259155,1.359774500131607,-1.0545789003372192,3.4605220556259155,1.3339653015136719,-1.0393482446670532,3.4626033306121826
37.79660725593567,0.3593989312648773,-1.05412757396698,1.9602240324020386,1.3593989312648773,-1.05412757396698,3.4602240324020386,1.3339653015136719,-1.0393482446670532,3.4626033306121826
37.85115194320679,0.3593989312648773,-1.05412757396698,1.9602240324020386,1.3593989312648773,-1.05412757396698,3.4602240324020386,1.3383405208587646,-1.040204405784607,3.462167263031006
38.07421088218689,0.3591497838497162,-1.0535672903060913,1.9600540399551392,1.3591497838497162,-1.0535672903060913,3.460054039955139,1.3413338661193848,-1.04017174243927,3.4616129398345947
38.31790614128113,0.35911017656326294,-1.0529422760009766,1.9599239826202393,1.359110176563263,-1.0529422760009766,3.4599239826202393,1.3413338661193848,-1.04017174243927,3.4616129398345947
38.370190143585205,0.35911017656326294,-1.0529422760009766,1.9599239826202393,1.359110176563263,-1.0529422760009766,3.4599239826202393,1.3433222770690918,-1.039961576461792,3.461043119430542
38.57592844963074,0.35912206768989563,-1.0523242950439453,1.9598809480667114,1.3591220676898956,-1.0523242950439453,3.4598809480667114,1.3444619178771973,-1.0397326946258545,3.4605607986450195
38.7750563621521,0.358585387468338,-1.0520117282867432,1.9598568677902222,1.358585387468338,-1.0520117282867432,3.459856867790222,1.3444619178771973,-1.0397326946258545,3.4605607986450195
39.030640840530396,0.3582945168018341,-1.0519553422927856,1.9598298072814941,1.358294516801834,-1.0519553422927856,3.459829807281494,1.3449130058288574,-1.039561152458191,3.4601428508758545
39.28711724281311,0.35829639434814453,-1.0520093441009521,1.9597492218017578,1.3582963943481445,-1.0520093441009521,3.459749221801758,1.3456225395202637,-1.0390726327896118,3.459885597229004
39.477367639541626,0.3585657477378845,-1.052065372467041,1.9596832990646362,1.3585657477378845,-1.052065372467041,3.4596832990646362,1.3473306894302368,-1.0388002395629883,3.459745168685913
39.72572612762451,0.35850539803504944,-1.052248477935791,1.95960533618927,1.3585053980350494,-1.052248477935791,3.45960533618927,1.3489313125610352,-1.0387098789215088,3.4596474170684814
39.97128462791443,0.35842594504356384,-1.0524591207504272,1.9595743417739868,1.3584259450435638,-1.0524591207504272,3.459574341773987,1.3499828577041626,-1.0388612747192383,3.459589958190918
40.172768354415894,0.35834789276123047,-1.0525767803192139,1.9595537185668945,1.3583478927612305,-1.0525767803192139,3.4595537185668945,1.3502498865127563,-1.0388368368148804,3.459486722946167
40.39716839790344,0.35834789276123047,-1.0525767803192139,1.9595537185668945,1.3583478927612305,-1.0525767803192139,3.4595537185668945,1.3501567840576172,-1.0389841794967651,3.4594078063964844
40.648879051208496,0.3583766222000122,-1.0525516271591187,1.9595470428466797,1.3583766222000122,-1.0525516271591187,3.4595470428466797,1.3499282598495483,-1.039225459098816,3.4593379497528076
40.89543962478638,0.35806334018707275,-1.0524011850357056,1.9595152139663696,1.3580633401870728,-1.0524011850357056,3.4595152139663696,1.3496025800704956,-1.0394604206085205,3.45931077003479
41.14936923980713,0.35767272114753723,-1.0522189140319824,1.9594874382019043,1.3576727211475372,-1.0522189140319824,3.4594874382019043,1.3489547967910767,-1.0394521951675415,3.459261894226074
41.37764859199524,0.3402911126613617,-1.0495730638504028,1.9592130184173584,1.3402911126613617,-1.0495730638504028,3.4592130184173584,1.3483386039733887,-1.0394994020462036,3.459218740463257
41.569908142089844,0.23937760293483734,-1.0345127582550049,1.958453893661499,1.2393776029348373,-1.0345127582550049,3.458453893661499,1.347769021987915,-1.0395500659942627,3.4591407775878906
41.77072024345398,0.040335047990083694,-1.0053044557571411,1.9592796564102173,1.0403350479900837,-1.0053044557571411,3.4592796564102173,1.347769021987915,-1.0395500659942627,3.4591407775878906
41.97596073150635,-0.19899755716323853,-0.9706420302391052,1.9599609375,0.8010024428367615,-0.9706420302391052,3.4599609375,1.3449773788452148,-1.0391261577606201,3.4588804244995117
42.02004814147949,-0.19899755716323853,-0.9706420302391052,1.9599609375,0.8010024428367615,-0.9706420302391052,3.4599609375,1.3449773788452148,-1.0391261577606201,3.4588804244995117
42.20262265205383,-0.43554171919822693,-0.9352824091911316,1.9598551988601685,0.5644582808017731,-0.9352824091911316,3.4598551988601685,1.3282032012939453,-1.0365833044052124,3.4585378170013428
42.372809648513794,-0.43554171919822693,-0.9352824091911316,1.9598551988601685,0.5644582808017731,-0.9352824091911316,3.4598551988601685,1.2806801795959473,-1.0298885107040405,3.458507776260376
42.55786752700806,-0.6481127142906189,-0.9026761651039124,1.9594643115997314,0.3518872857093811,-0.9026761651039124,3.4594643115997314,1.2806801795959473,-1.0298885107040405,3.458507776260376
42.70670485496521,-0.8239147067070007,-0.8756048679351807,1.9591333866119385,0.17608529329299927,-0.8756048679351807,3.4591333866119385,1.191254734992981,-1.0170036554336548,3.458707094192505
42.89810371398926,-0.8239147067070007,-0.8756048679351807,1.9591333866119385,0.17608529329299927,-0.8756048679351807,3.4591333866119385,1.069183588027954,-0.9989838004112244,3.458949089050293
43.04713273048401,-0.9593385457992554,-0.8561551570892334,1.9590092897415161,0.04066145420074463,-0.8561551570892334,3.459009289741516,1.069183588027954,-0.9989838004112244,3.458949089050293
43.26623821258545,-1.0571154356002808,-0.8428671956062317,1.9590678215026855,-0.05711543560028076,-0.8428671956062317,3.4590678215026855,0.9173895120620728,-0.9753230214118958,3.458852529525757
43.454554319381714,-1.1215031147003174,-0.8347352147102356,1.9591549634933472,-0.12150311470031738,-0.8347352147102356,3.459154963493347,0.7457028031349182,-0.9493338465690613,3.458721399307251
43.675517320632935,-1.1215031147003174,-0.8347352147102356,1.9591549634933472,-0.12150311470031738,-0.8347352147102356,3.459154963493347,0.5665720701217651,-0.9225110411643982,3.4585371017456055
43.8819625377655,-1.159952163696289,-0.8312221765518188,1.959183931350708,-0.15995216369628906,-0.8312221765518188,3.459183931350708,0.38905975222587585,-0.8966029286384583,3.458401918411255
44.073320627212524,-1.1789706945419312,-0.8311446905136108,1.9591915607452393,-0.17897069454193115,-0.8311446905136108,3.4591915607452393,0.22755584120750427,-0.8723039031028748,3.458345413208008
44.25588059425354,-1.184251070022583,-0.8329471349716187,1.9591811895370483,-0.184251070022583,-0.8329471349716187,3.4591811895370483,0.22755584120750427,-0.8723039031028748,3.458345413208008
44.31100153923035,-1.184251070022583,-0.8329471349716187,1.9591811895370483,-0.184251070022583,-0.8329471349716187,3.4591811895370483,0.22755584120750427,-0.8723039031028748,3.458345413208008
44.48805022239685,-1.1812539100646973,-0.8354445099830627,1.9591885805130005,-0.18125391006469727,-0.8354445099830627,3.4591885805130005,0.08891471475362778,-0.8521538972854614,3.4582977294921875
44.660500288009644,-1.1812539100646973,-0.8354445099830627,1.9591885805130005,-0.18125391006469727,-0.8354445099830627,3.4591885805130005,-0.024578750133514404,-0.8363181948661804,3.4582152366638184
44.844398498535156,-1.1742531061172485,-0.8380402326583862,1.959194540977478,-0.17425310611724854,-0.8380402326583862,3.459194540977478,-0.11210986971855164,-0.8244833946228027,3.45816969871521
45.00840139389038,-1.1645039319992065,-0.8400887250900269,1.9591903686523438,-0.16450393199920654,-0.8400887250900269,3.4591903686523438,-0.11210986971855164,-0.8244833946228027,3.45816969871521
45.176278829574585,-1.1535894870758057,-0.8414783477783203,1.9591913223266602,-0.15358948707580566,-0.8414783477783203,3.45919132232666,-0.17518523335456848,-0.8167400360107422,3.4581730365753174
45.36132311820984,-1.1535894870758057,-0.8414783477783203,1.9591913223266602,-0.15358948707580566,-0.8414783477783203,3.45919132232666,-0.2160843163728714,-0.8128567934036255,3.458204746246338
45.52975010871887,-1.1426643133163452,-0.8423271775245667,1.9592082500457764,-0.14266431331634521,-0.8423271775245667,3.4592082500457764,-0.2160843163728714,-0.8128567934036255,3.458204746246338
45.70409035682678,-1.1327502727508545,-0.8429063558578491,1.9592204093933105,-0.1327502727508545,-0.8429063558578491,3.4592204093933105,-0.23838070034980774,-0.8118078708648682,3.4582865238189697
45.88050436973572,-1.1327502727508545,-0.8429063558578491,1.9592204093933105,-0.1327502727508545,-0.8429063558578491,3.4592204093933105,-0.2461530715227127,-0.8121388554573059,3.4584498405456543
46.08368253707886,-1.1238195896148682,-0.8431938290596008,1.9592379331588745,-0.12381958961486816,-0.8431938290596008,3.4592379331588745,-0.24323168396949768,-0.8131113648414612,3.4586782455444336
46.286380767822266,-1.1157952547073364,-0.8431469202041626,1.9592008590698242,-0.11579525470733643,-0.8431469202041626,3.459200859069824,-0.24323168396949768,-0.8131113648414612,3.4586782455444336
46.49511098861694,-1.1086993217468262,-0.8430848121643066,1.9592379331588745,-0.10869932174682617,-0.8430848121643066,3.4592379331588745,-0.23357897996902466,-0.8146591782569885,3.4588146209716797
46.68527889251709,-1.103060007095337,-0.8433402180671692,1.959336280822754,-0.10306000709533691,-0.8433402180671692,3.459336280822754,-0.2200452983379364,-0.816460907459259,3.458850145339966
46.874908447265625,-1.103060007095337,-0.8433402180671692,1.959336280822754,-0.10306000709533691,-0.8433402180671692,3.459336280822754,-0.20457082986831665,-0.8180208802223206,3.458806037902832
47.07517123222351,-1.098158836364746,-0.8437585234642029,1.9593695402145386,-0.0981588363647461,-0.8437585234642029,3.4593695402145386,-0.20457082986831665,-0.8180208802223206,3.458806037902832
47.30812954902649,-1.0939453840255737,-0.8448115587234497,1.959356665611267,-0.09394538402557373,-0.8448115587234497,3.459356665611267,-0.18875035643577576,-0.8189783692359924,3.45877742767334
47.512141704559326,-1.091028094291687,-0.8470463156700134,1.9593305587768555,-0.09102809429168701,-0.8470463156700134,3.4593305587768555,-0.1730087250471115,-0.819815993309021,3.4587368965148926
47.5463502407074,-1.091028094291687,-0.8470463156700134,1.9593305587768555,-0.09102809429168701,-0.8470463156700134,3.4593305587768555,-0.1730087250471115,-0.819815993309021,3.4587368965148926
47.760223150253296,-1.0882474184036255,-0.8499045968055725,1.9592702388763428,-0.08824741840362549,-0.8499045968055725,3.4592702388763428,-0.15877419710159302,-0.8212183713912964,3.458712577819824
47.81082773208618,-1.0882474184036255,-0.8499045968055725,1.9592702388763428,-0.08824741840362549,-0.8499045968055725,3.4592702388763428,-0.14632953703403473,-0.823076605796814,3.4586596488952637
48.01137709617615,-1.0758246183395386,-0.8480291962623596,1.9590821266174316,-0.07582461833953857,-0.8480291962623596,3.4590821266174316,-0.14632953703403473,-0.823076605796814,3.4586596488952637
48.22968888282776,-0.9967462420463562,-0.8156951665878296,1.9581836462020874,0.003253757953643799,-0.8156951665878296,3.4581836462020874,-0.13584113121032715,-0.8248735070228577,3.458662271499634
48.41475701332092,-0.7838279008865356,-0.7244085073471069,1.9574822187423706,0.21617209911346436,-0.7244085073471069,3.4574822187423706,-0.1265212744474411,-0.8266253471374512,3.4586598873138428
48.618653535842896,-0.7838279008865356,-0.7244085073471069,1.9574822187423706,0.21617209911346436,-0.7244085073471069,3.4574822187423706,-0.11430370062589645,-0.8272603750228882,3.458341360092163
48.808242321014404,-0.42283645272254944,-0.5693483352661133,1.9588854312896729,0.5771635472774506,-0.5693483352661133,3.458885431289673,-0.11430370062589645,-0.8272603750228882,3.458341360092163
49.029202699661255,0.033901505172252655,-0.37018492817878723,1.9616942405700684,1.0339015051722527,-0.37018492817878723,3.4616942405700684,-0.08427238464355469,-0.8203425407409668,3.457735061645508
49.186386585235596,0.5169349312782288,-0.15660029649734497,1.9634578227996826,1.5169349312782288,-0.15660029649734497,3.4634578227996826,-0.03393467515707016,-0.8034364581108093,3.457481861114502
49.410603046417236,0.5169349312782288,-0.15660029649734497,1.9634578227996826,1.5169349312782288,-0.15660029649734497,3.4634578227996826,0.05497651547193527,-0.768864631652832,3.4580206871032715
49.61612319946289,0.9885910153388977,0.05314549058675766,1.9634772539138794,1.9885910153388977,0.05314549058675766,3.4634772539138794,0.21706078946590424,-0.7013950943946838,3.4595587253570557
49.65055966377258,0.9885910153388977,0.05314549058675766,1.9634772539138794,1.9885910153388977,0.05314549058675766,3.4634772539138794,0.21706078946590424,-0.7013950943946838,3.4595587253570557
49.86024022102356,1.4147170782089233,0.24160301685333252,1.9625709056854248,2.4147170782089233,0.24160301685333252,3.462570905685425,0.447306364774704,-0.603756308555603,3.462290048599243
50.04397702217102,1.7775479555130005,0.4003831148147583,1.961418628692627,2.7775479555130005,0.4003831148147583,3.461418628692627,0.447306364774704,-0.603756308555603,3.462290048599243
50.100341796875,1.7775479555130005,0.4003831148147583,1.961418628692627,2.7775479555130005,0.4003831148147583,3.461418628692627,0.725882887840271,-0.4835163354873657,3.4642608165740967
50.326271057128906,2.066126823425293,0.5255938172340393,1.9602041244506836,3.066126823425293,0.5255938172340393,3.4602041244506836,1.0498443841934204,-0.34188419580459595,3.4648005962371826
50.37205386161804,2.066126823425293,0.5255938172340393,1.9602041244506836,3.066126823425293,0.5255938172340393,3.4602041244506836,1.0498443841934204,-0.34188419580459595,3.4648005962371826
50.428505659103394,2.2947092056274414,0.6240296363830566,1.9595280885696411,3.2947092056274414,0.6240296363830566,3.459528088569641,1.0498443841934204,-0.34188419580459595,3.4648005962371826
50.6149697303772,2.406296491622925,0.6713458299636841,1.9593335390090942,3.406296491622925,0.6713458299636841,3.4593335390090942,1.4088789224624634,-0.18285967409610748,3.4642539024353027
50.78954339027405,2.48032283782959,0.7027050256729126,1.9592642784118652,3.48032283782959,0.7027050256729126,3.4592642784118652,1.4088789224624634,-0.18285967409610748,3.4642539024353027
50.983591079711914,2.545107364654541,0.7300862669944763,1.9592132568359375,3.545107364654541,0.7300862669944763,3.4592132568359375,1.7915897369384766,-0.013272643089294434,3.4629104137420654
51.15425395965576,2.5790889263153076,0.7442140579223633,1.9591763019561768,3.5790889263153076,0.7442140579223633,3.4591763019561768,2.179405689239502,0.15835607051849365,3.4616549015045166
51.19833421707153,2.5883688926696777,0.7482616305351257,1.9591662883758545,3.5883688926696777,0.7482616305351257,3.4591662883758545,2.179405689239502,0.15835607051849365,3.4616549015045166
51.392115116119385,2.6085550785064697,0.7562708854675293,1.959086298942566,3.6085550785064697,0.7562708854675293,3.459086298942566,2.546079635620117,0.3206484615802765,3.460344076156616
51.54205536842346,2.614076614379883,0.758733332157135,1.9590153694152832,3.614076614379883,0.758733332157135,3.459015369415283,2.546079635620117,0.3206484615802765,3.460344076156616
51.73164892196655,2.613598346710205,0.7590950727462769,1.9588642120361328,3.613598346710205,0.7590950727462769,3.458864212036133,2.870384931564331,0.4635840058326721,3.4591546058654785
51.913466453552246,2.6072838306427,0.7571223974227905,1.958710789680481,3.6072838306427,0.7571223974227905,3.458710789680481,3.142301559448242,0.5820244550704956,3.458468437194824
52.13170862197876,2.604349136352539,0.7563365697860718,1.9586753845214844,3.604349136352539,0.7563365697860718,3.4586753845214844,3.357459783554077,0.6749879121780396,3.458278179168701
52.17819857597351,2.5929982662200928,0.7532934546470642,1.9586025476455688,3.5929982662200928,0.7532934546470642,3.458602547645569,3.357459783554077,0.6749879121780396,3.458278179168701
52.367716789245605,2.5929982662200928,0.7532934546470642,1.9586025476455688,3.5929982662200928,0.7532934546470642,3.458602547645569,3.5141777992248535,0.7423009276390076,3.4582672119140625
52.55197620391846,2.5759341716766357,0.7493894100189209,1.9584993124008179,3.5759341716766357,0.7493894100189209,3.458499312400818,3.5141777992248535,0.7423009276390076,3.4582672119140625
52.73065972328186,2.558746814727783,0.745963454246521,1.9583717584609985,3.558746814727783,0.745963454246521,3.4583717584609985,3.619853973388672,0.7880374789237976,3.458308219909668
52.9308123588562,2.5427238941192627,0.7435104846954346,1.958346962928772,3.5427238941192627,0.7435104846954346,3.458346962928772,3.6837010383605957,0.8153172135353088,3.4583141803741455
52.96940279006958,2.5427238941192627,0.7435104846954346,1.958346962928772,3.5427238941192627,0.7435104846954346,3.458346962928772,3.6837010383605957,0.8153172135353088,3.4583141803741455
53.15121150016785,2.5427238941192627,0.7435104846954346,1.958346962928772,3.5427238941192627,0.7435104846954346,3.458346962928772,3.713655710220337,0.8282231092453003,3.4581875801086426
53.35949230194092,2.5278048515319824,0.7421218752861023,1.9584046602249146,3.5278048515319824,0.7421218752861023,3.4584046602249146,3.717528820037842,0.830375075340271,3.4580721855163574
53.52862477302551,2.5143706798553467,0.7414709329605103,1.9584121704101562,3.5143706798553467,0.7414709329605103,3.4584121704101562,3.717528820037842,0.830375075340271,3.4580721855163574
53.721436500549316,2.502290725708008,0.7411726713180542,1.9583802223205566,3.502290725708008,0.7411726713180542,3.4583802223205566,3.7051455974578857,0.8260731101036072,3.458047389984131
53.94502282142639,2.492100954055786,0.7409542202949524,1.9584786891937256,3.492100954055786,0.7409542202949524,3.4584786891937256,3.683039903640747,0.818039059638977,3.4580438137054443
54.134129762649536,2.492100954055786,0.7409542202949524,1.9584786891937256,3.492100954055786,0.7409542202949524,3.4584786891937256,3.6554908752441406,0.8094015717506409,3.458091974258423
54.35644745826721,2.483527660369873,0.7406601309776306,1.9586039781570435,3.483527660369873,0.7406601309776306,3.4586039781570435,3.6265504360198975,0.8009421825408936,3.4581167697906494
54.53678250312805,2.4767606258392334,0.7402503490447998,1.958730697631836,3.4767606258392334,0.7402503490447998,3.458730697631836,3.6265504360198975,0.8009421825408936,3.4581167697906494
54.72537565231323,2.4706857204437256,0.7397258281707764,1.9588024616241455,3.4706857204437256,0.7397258281707764,3.4588024616241455,3.597687244415283,0.793431282043457,3.4581518173217773
54.88601994514465,2.4706857204437256,0.7397258281707764,1.9588024616241455,3.4706857204437256,0.7397258281707764,3.4588024616241455,3.570780038833618,0.7868895530700684,3.4581470489501953
55.07581663131714,2.465745687484741,0.7391976714134216,1.95880126953125,3.465745687484741,0.7391976714134216,3.45880126953125,3.545379161834717,0.7815794944763184,3.458174705505371
55.122071266174316,2.465745687484741,0.7391976714134216,1.95880126953125,3.465745687484741,0.7391976714134216,3.45880126953125,3.545379161834717,0.7815794944763184,3.458174705505371
55.17552924156189,2.4611973762512207,0.7385940551757812,1.9588792324066162,3.4611973762512207,0.7385940551757812,3.458879232406616,3.545379161834717,0.7815794944763184,3.458174705505371
55.22814464569092,2.4611973762512207,0.7385940551757812,1.9588792324066162,3.4611973762512207,0.7385940551757812,3.458879232406616,3.545379161834717,0.7815794944763184,3.458174705505371
55.278764724731445,2.4611973762512207,0.7385940551757812,1.9588792324066162,3.4611973762512207,0.7385940551757812,3.458879232406616,3.545379161834717,0.7815794944763184,3.458174705505371
55.49329495429993,2.4573466777801514,0.7378886342048645,1.9589743614196777,3.4573466777801514,0.7378886342048645,3.4589743614196777,3.523207426071167,0.7768051624298096,3.458197832107544
55.544100761413574,2.4573466777801514,0.7378886342048645,1.9589743614196777,3.4573466777801514,0.7378886342048645,3.4589743614196777,3.523207426071167,0.7768051624298096,3.458197832107544
55.73703145980835,2.45405650138855,0.7361099123954773,1.959036946296692,3.45405650138855,0.7361099123954773,3.459036946296692,3.504474401473999,0.7721458673477173,3.4582011699676514
55.79032611846924,2.45405650138855,0.7361099123954773,1.959036946296692,3.45405650138855,0.7361099123954773,3.459036946296692,3.504474401473999,0.7721458673477173,3.4582011699676514
55.84048509597778,2.45405650138855,0.7361099123954773,1.959036946296692,3.45405650138855,0.7361099123954773,3.459036946296692,3.4881725311279297,0.768102765083313,3.458193063735962
56.0203378200531,2.4519155025482178,0.7333739399909973,1.9590680599212646,3.4519155025482178,0.7333739399909973,3.4590680599212646,3.4881725311279297,0.768102765083313,3.458193063735962
56.20358657836914,2.4508795738220215,0.7308662533760071,1.9590420722961426,3.4508795738220215,0.7308662533760071,3.4590420722961426,3.473996639251709,0.7644291520118713,3.4582278728485107
56.47131133079529,2.4507219791412354,0.7289348244667053,1.9591337442398071,3.4507219791412354,0.7289348244667053,3.459133744239807,3.4625561237335205,0.7611395120620728,3.458224058151245
56.51367688179016,2.4507219791412354,0.7289348244667053,1.9591337442398071,3.4507219791412354,0.7289348244667053,3.459133744239807,3.4625561237335205,0.7611395120620728,3.458224058151245
56.565812826156616,2.4507219791412354,0.7289348244667053,1.9591337442398071,3.4507219791412354,0.7289348244667053,3.459133744239807,3.4625561237335205,0.7611395120620728,3.458224058151245
56.61467146873474,2.4507219791412354,0.7289348244667053,1.9591337442398071,3.4507219791412354,0.7289348244667053,3.459133744239807,3.4541385173797607,0.7583511471748352,3.4582467079162598
56.664883613586426,2.4507219791412354,0.7289348244667053,1.9591337442398071,3.4507219791412354,0.7289348244667053,3.459133744239807,3.4541385173797607,0.7583511471748352,3.4582467079162598
56.715319871902466,2.4495108127593994,0.7277956604957581,1.9592424631118774,3.4495108127593994,0.7277956604957581,3.4592424631118774,3.4541385173797607,0.7583511471748352,3.4582467079162598
56.76607275009155,2.4495108127593994,0.7277956604957581,1.9592424631118774,3.4495108127593994,0.7277956604957581,3.4592424631118774,3.4541385173797607,0.7583511471748352,3.4582467079162598
56.81654644012451,2.4495108127593994,0.7277956604957581,1.9592424631118774,3.4495108127593994,0.7277956604957581,3.4592424631118774,3.4541385173797607,0.7583511471748352,3.4582467079162598
56.86779594421387,2.4495108127593994,0.7277956604957581,1.9592424631118774,3.4495108127593994,0.7277956604957581,3.4592424631118774,3.4478704929351807,0.7560585141181946,3.458289861679077
56.9185791015625,2.4495108127593994,0.7277956604957581,1.9592424631118774,3.4495108127593994,0.7277956604957581,3.4592424631118774,3.4478704929351807,0.7560585141181946,3.458289861679077
56.9685263633728,2.4482779502868652,0.7273635268211365,1.959338665008545,3.4482779502868652,0.7273635268211365,3.459338665008545,3.4478704929351807,0.7560585141181946,3.458289861679077
57.01881217956543,2.4482779502868652,0.7273635268211365,1.959338665008545,3.4482779502868652,0.7273635268211365,3.459338665008545,3.4478704929351807,0.7560585141181946,3.458289861679077
57.07041621208191,2.4482779502868652,0.7273635268211365,1.959338665008545,3.4482779502868652,0.7273635268211365,3.459338665008545,3.4478704929351807,0.7560585141181946,3.458289861679077
57.121936082839966,2.4482779502868652,0.7273635268211365,1.959338665008545,3.4482779502868652,0.7273635268211365,3.459338665008545,3.4430909156799316,0.7545843124389648,3.4583241939544678
57.16959047317505,2.447498083114624,0.7273927330970764,1.959356427192688,3.447498083114624,0.7273927330970764,3.459356427192688,3.4430909156799316,0.7545843124389648,3.4583241939544678
57.22019982337952,2.447498083114624,0.7273927330970764,1.959356427192688,3.447498083114624,0.7273927330970764,3.459356427192688,3.4430909156799316,0.7545843124389648,3.4583241939544678
57.27145552635193,2.447498083114624,0.7273927330970764,1.959356427192688,3.447498083114624,0.7273927330970764,3.459356427192688,3.4430909156799316,0.7545843124389648,3.4583241939544678
57.3241446018219,2.447498083114624,0.7273927330970764,1.959356427192688,3.447498083114624,0.7273927330970764,3.459356427192688,3.438943862915039,0.752956748008728,3.45843768119812
57.37232208251953,2.447498083114624,0.7273927330970764,1.959356427192688,3.447498083114624,0.7273927330970764,3.459356427192688,3.438943862915039,0.752956748008728,3.45843768119812
57.425846338272095,2.4472527503967285,0.7277221083641052,1.959350347518921,3.4472527503967285,0.7277221083641052,3.459350347518921,3.438943862915039,0.752956748008728,3.45843768119812
57.47313380241394,2.4472527503967285,0.7277221083641052,1.959350347518921,3.4472527503967285,0.7277221083641052,3.459350347518921,3.438943862915039,0.752956748008728,3.45843768119812
57.523256063461304,2.4472527503967285,0.7277221083641052,1.959350347518921,3.4472527503967285,0.7277221083641052,3.459350347518921,3.438943862915039,0.752956748008728,3.45843768119812
57.574437618255615,2.4472527503967285,0.7277221083641052,1.959350347518921,3.4472527503967285,0.7277221083641052,3.459350347518921,3.4354631900787354,0.7504845261573792,3.458573579788208
57.624433755874634,2.4472527503967285,0.7277221083641052,1.959350347518921,3.4472527503967285,0.7277221083641052,3.459350347518921,3.435262680053711,0.7499041557312012,3.4585912227630615
57.674538373947144,2.446836471557617,0.728351891040802,1.9593440294265747,3.446836471557617,0.728351891040802,3.4593440294265747,3.4341747760772705,0.7495033740997314,3.4586057662963867
57.72560524940491,2.446836471557617,0.728351891040802,1.9593440294265747,3.446836471557617,0.728351891040802,3.4593440294265747,3.433515787124634,0.7488709688186646,3.4586217403411865
57.77563261985779,2.446836471557617,0.728351891040802,1.9593440294265747,3.446836471557617,0.728351891040802,3.4593440294265747,3.433321952819824,0.7483667731285095,3.458632707595825
57.82670211791992,2.446836471557617,0.728351891040802,1.9593440294265747,3.446836471557617,0.728351891040802,3.4593440294265747,3.4332480430603027,0.7478150725364685,3.458648443222046
57.876232862472534,2.446836471557617,0.728351891040802,1.9593440294265747,3.446836471557617,0.728351891040802,3.4593440294265747,3.4324049949645996,0.7475225329399109,3.458653688430786
57.92748403549194,2.446836471557617,0.728351891040802,1.9593440294265747,3.446836471557617,0.728351891040802,3.4593440294265747,3.4319329261779785,0.7470553517341614,3.4586572647094727
57.9774866104126,2.4467222690582275,0.7294339537620544,1.9593074321746826,3.4467222690582275,0.7294339537620544,3.4593074321746826,3.4318642616271973,0.7466236352920532,3.458660840988159
58.02905988693237,2.4467222690582275,0.7294339537620544,1.9593074321746826,3.4467222690582275,0.7294339537620544,3.4593074321746826,3.431539535522461,0.7461925745010376,3.458658218383789
58.07775616645813,2.4467222690582275,0.7294339537620544,1.9593074321746826,3.4467222690582275,0.7294339537620544,3.4593074321746826,3.431257724761963,0.7460123896598816,3.4586586952209473
58.12886452674866,2.4467222690582275,0.7294339537620544,1.9593074321746826,3.4467222690582275,0.7294339537620544,3.4593074321746826,3.431103229522705,0.7457696795463562,3.4586617946624756
58.17956614494324,2.4467222690582275,0.7294339537620544,1.9593074321746826,3.4467222690582275,0.7294339537620544,3.4593074321746826,3.4309628009796143,0.7452338933944702,3.458662509918213
58.2289297580719,2.4467966556549072,0.7316690683364868,1.9593011140823364,3.4467966556549072,0.7316690683364868,3.4593011140823364,3.4308276176452637,0.7450932264328003,3.4586660861968994
58.27915811538696,2.4467966556549072,0.7316690683364868,1.9593011140823364,3.4467966556549072,0.7316690683364868,3.4593011140823364,3.430647134780884,0.7450235486030579,3.4586660861968994
58.33262324333191,2.4467966556549072,0.7316690683364868,1.9593011140823364,3.4467966556549072,0.7316690683364868,3.4593011140823364,3.4304637908935547,0.74489825963974,3.4586591720581055
58.38017225265503,2.4467966556549072,0.7316690683364868,1.9593011140823364,3.4467966556549072,0.7316690683364868,3.4593011140823364,3.4305779933929443,0.7446638941764832,3.458664655685425
58.4333393573761,2.4471917152404785,0.7343339323997498,1.959381341934204,3.4471917152404785,0.7343339323997498,3.459381341934204,3.4306929111480713,0.7444168329238892,3.4586689472198486
58.4822940826416,2.4471917152404785,0.7343339323997498,1.959381341934204,3.4471917152404785,0.7343339323997498,3.459381341934204,3.430434226989746,0.7445706725120544,3.458664655685425
